序号,代码,名称,市场代码简称,最新价(元) 2026.05.08,涨跌幅(%) 2026.05.08,区间振幅(%) 2026.05.06 - 2026.05.08,区间换手率(%) 2026.05.06 - 2026.05.08,区间涨跌幅(%) 2026.05.06 - 2026.05.08,技术面分数(分) 截至2026.05.08最新,涨跌额(元) 2026.05.08,最高价(元) 2026.05.08,最低价(元) 2026.05.08,换手率(%) 2026.05.08,量比 2026.05.08,成交量(股) 2026.05.08,成交额(元) 2026.05.08,市盈率(动)(倍) 2026.05.08,市净率(倍) 2026.05.08,总市值(元) 2026.05.08,流通市值(元) 2026.05.08
1,002429,兆驰股份,SZ,12.69,5.05,14.84,11.68,14.84,92.95,0.610,12.82,11.90,4.54,1.30,2.05亿,25.59亿,68.51,3.3963,574.47亿,574.14亿
2,688662,富信科技,SH,75.83,0.57,15.16,24.91,7.94,92.18,0.430,77.65,72.67,7.46,1.13,658.36万,5.00亿,226.47,9.0602,66.91亿,66.91亿
3,300395,菲利华,SZ,128.66,0.11,22.02,28.02,18.06,92.06,0.140,131.84,122.00,8.14,1.10,4166.15万,53.35亿,116.88,14.0537,671.95亿,658.10亿
4,300184,力源信息,SZ,14.91,-1.65,14.91,46.00,11.69,91.50,-0.250,15.11,14.73,11.98,0.88,1.26亿,18.86亿,31.24,4.0718,171.62亿,157.15亿
5,002693,*ST双成,SZ,9.58,5.04,12.00,10.95,11.66,91.00,0.460,9.58,9.06,3.88,0.97,1595.06万,1.50亿,288.03,9.5520,39.73亿,39.37亿
6,600184,光电股份,SH,24.80,3.46,12.16,22.92,13.40,90.92,0.830,24.84,23.25,7.52,1.15,4382.90万,10.58亿,3221.12,4.2281,144.52亿,144.52亿
7,300398,飞凯材料,SZ,35.27,-1.54,17.69,37.73,15.98,90.71,-0.550,36.49,34.98,12.40,1.30,6990.86万,24.80亿,38.10,3.9650,199.96亿,198.87亿
8,603269,海鸥股份,SH,16.87,-1.11,15.95,28.34,13.07,90.68,-0.190,17.12,16.62,8.29,1.16,2559.44万,4.32亿,58.12,5.0461,52.09亿,52.09亿
9,301045,天禄科技,SZ,52.30,-1.19,17.36,33.05,8.06,90.45,-0.630,53.47,51.10,7.96,0.79,554.67万,2.91亿,149.50,5.5583,57.70亿,36.46亿
10,603296,华勤技术,SH,118.60,5.72,15.31,11.30,14.47,90.28,6.420,122.00,110.28,4.49,1.44,2564.28万,30.21亿,30.03,4.7590,1274.10亿,676.60亿
11,601996,丰林集团,SH,3.13,1.62,18.75,30.73,15.07,90.10,0.050,3.20,2.98,14.38,2.58,1.61亿,4.99亿,-31.74,1.4303,35.08亿,35.08亿
12,301295,美硕科技,SZ,47.35,3.54,7.99,19.52,6.24,90.05,1.620,47.47,45.10,6.16,0.67,181.22万,8457.89万,58.97,4.8880,47.73亿,13.92亿
13,688432,有研硅,SH,17.86,5.43,11.08,5.99,9.98,90.05,0.920,18.21,16.62,2.66,1.89,3327.87万,5.82亿,111.25,4.9494,223.30亿,223.30亿
14,301322,绿通科技,SZ,40.16,-0.64,5.93,11.22,3.51,89.99,-0.260,40.88,39.61,2.29,0.57,217.94万,8762.22万,-505.00,2.0037,56.74亿,38.16亿
15,688166,博瑞医药,SH,66.64,-2.80,11.97,12.11,5.61,89.99,-1.920,69.00,66.13,3.31,0.88,1402.14万,9.41亿,758.46,10.7684,281.96亿,281.96亿
16,000791,甘肃能源,SZ,9.20,5.75,16.00,15.43,14.14,89.92,0.500,9.57,8.63,7.68,2.32,1.49亿,13.87亿,15.31,1.9188,298.43亿,178.08亿
17,603156,养元饮品,SH,40.78,-1.71,14.33,4.27,8.60,89.91,-0.710,41.39,39.93,1.11,1.02,1402.26万,5.69亿,15.91,5.1857,513.94亿,513.94亿
18,001359,平安电工,SZ,93.72,-1.35,13.26,17.33,6.80,89.89,-1.280,94.30,91.20,5.13,0.84,237.81万,2.20亿,78.66,8.4102,173.85亿,43.46亿
19,300849,锦盛新材,SZ,25.53,8.13,13.85,9.46,11.58,89.81,1.920,25.95,23.68,4.54,1.73,550.86万,1.39亿,-153.61,7.1055,38.30亿,31.01亿
20,300828,锐新科技,SZ,24.80,6.26,15.49,42.74,14.71,89.80,1.460,24.96,23.35,17.92,2.12,1512.43万,3.65亿,160.60,5.2274,41.27亿,20.93亿
21,301499,维科精密,SZ,38.14,4.78,10.90,43.22,6.60,89.78,1.740,39.18,35.88,21.83,2.26,754.60万,2.86亿,101.20,4.0364,52.73亿,13.18亿
22,002685,华东重机,SZ,9.51,0.32,10.27,43.76,3.93,89.76,0.030,9.77,9.18,12.72,1.03,1.28亿,12.02亿,44.26,5.8100,95.83亿,95.82亿
23,300570,太辰光,SZ,162.10,8.03,22.80,55.96,19.26,89.75,12.050,167.99,145.33,21.74,1.69,4179.18万,66.74亿,139.93,20.8128,368.17亿,311.54亿
24,603488,展鹏科技,SH,13.14,5.80,14.59,29.56,12.79,89.73,0.720,13.18,12.20,13.22,2.05,3861.31万,4.95亿,-51.40,4.9535,38.37亿,38.37亿
25,603297,永新光学,SH,130.28,3.70,15.12,9.09,13.52,89.48,4.650,131.98,124.02,2.94,1.45,325.61万,4.21亿,78.32,6.8690,144.53亿,144.26亿
26,603800,洪田股份,SH,55.12,2.24,9.19,11.06,6.16,89.37,1.210,55.88,53.06,3.45,0.76,718.05万,3.93亿,-178.91,14.4944,114.65亿,114.65亿
27,603353,和顺石油,SH,52.31,6.08,24.18,27.74,21.40,89.34,3.000,53.58,47.81,7.69,0.78,1309.80万,6.71亿,101.86,5.5953,89.92亿,89.15亿
28,688179,阿拉丁,SH,22.85,2.93,17.74,15.36,15.81,89.34,0.650,23.50,22.20,4.79,1.09,1733.28万,3.97亿,71.01,6.2845,82.64亿,82.64亿
29,300900,广联航空,SZ,48.30,7.64,12.82,51.22,8.66,89.32,3.430,49.30,45.39,21.04,1.49,5380.89万,25.49亿,374.46,8.1760,157.81亿,123.52亿
30,603777,来伊份,SH,18.30,-2.97,17.89,21.67,11.38,89.26,-0.560,18.98,18.28,6.17,1.10,2062.05万,3.83亿,-108.98,3.9269,61.20亿,61.20亿
31,688669,聚石化学,SH,35.98,1.78,13.14,16.66,10.71,89.18,0.630,36.63,35.32,4.71,0.63,570.95万,2.05亿,-18.26,4.0179,43.66亿,43.66亿
32,600433,冠豪高新,SH,5.04,-1.95,12.60,40.33,4.13,89.17,-0.100,5.36,4.89,10.94,0.91,1.92亿,9.74亿,12.25,1.9993,88.21亿,88.21亿
33,300159,*ST新研,SZ,3.74,5.65,10.39,7.89,10.98,89.15,0.200,3.74,3.53,3.02,1.09,5527.87万,2.01亿,60.54,4.4051,123.06亿,68.51亿
34,301246,宏源药业,SZ,30.36,-2.82,8.48,58.50,1.30,89.09,-0.880,32.13,30.26,13.78,0.63,2344.07万,7.23亿,21.03,2.6352,121.44亿,51.64亿
35,603938,三孚股份,SH,33.97,4.11,21.79,18.63,20.38,89.09,1.340,34.68,32.80,10.16,2.65,3886.95万,13.14亿,83.64,5.1166,129.98亿,129.98亿
36,301392,汇成真空,SZ,170.71,2.89,15.37,47.77,9.35,89.00,4.800,178.00,162.00,15.29,1.21,623.79万,10.72亿,155.23,22.5433,170.71亿,69.64亿
37,603311,金海高科,SH,23.10,10.00,18.94,14.71,16.96,88.97,2.100,23.10,20.69,6.54,1.56,1543.24万,3.53亿,38.50,4.0412,54.49亿,54.49亿
38,301186,超达装备,SZ,76.62,2.69,15.30,10.33,15.29,88.97,2.010,77.70,73.51,3.01,0.87,227.73万,1.73亿,96.70,3.7174,61.72亿,57.96亿
39,600719,大连热电,SH,9.09,-3.09,32.90,50.12,17.29,88.97,-0.290,10.30,9.05,27.05,2.86,1.09亿,10.40亿,9.69,9.1221,36.78亿,36.78亿
40,688282,理工导航,SH,96.20,9.28,25.54,11.33,24.06,88.93,8.170,99.99,88.04,5.39,2.44,474.11万,4.46亿,-152.15,6.7179,84.66亿,84.66亿
41,603601,再升科技,SH,17.90,3.35,17.35,70.98,12.93,88.92,0.580,18.75,16.79,22.51,1.02,2.57亿,46.22亿,357.31,7.5567,204.48亿,204.48亿
42,603178,圣龙股份,SH,20.22,-0.05,13.41,44.81,3.91,88.87,-0.010,21.80,19.53,14.39,1.12,3403.10万,6.99亿,63.31,4.1761,47.80亿,47.80亿
43,300953,震裕科技,SZ,237.25,-0.63,8.56,18.12,7.55,88.81,-1.500,242.88,233.00,5.77,1.01,718.91万,17.13亿,36.51,8.6964,411.58亿,295.51亿
44,688178,万德斯,SH,40.07,6.85,18.09,13.71,18.66,88.73,2.570,40.58,36.99,3.91,1.07,332.67万,1.29亿,74.95,3.6674,34.06亿,34.06亿
45,300693,盛弘股份,SZ,53.11,2.79,14.93,34.03,14.29,88.72,1.440,53.69,51.65,9.77,1.29,2627.35万,13.85亿,48.75,7.3766,166.13亿,142.79亿
46,001313,粤海饲料,SZ,9.59,6.79,17.12,11.32,13.22,88.69,0.610,9.76,8.90,6.01,2.44,4198.83万,3.96亿,149.07,2.6193,67.13亿,67.05亿
47,301125,腾亚精工,SZ,26.06,3.00,12.08,14.30,12.42,88.63,0.760,26.33,25.07,3.50,0.96,402.43万,1.04亿,-44.48,6.3549,36.94亿,29.94亿
48,600360,*ST华微,SH,10.96,-0.36,9.63,8.09,7.66,88.61,-0.040,11.18,10.82,2.84,1.41,2722.82万,2.99亿,45.44,2.9949,105.25亿,105.25亿
49,301273,瑞晨环保,SZ,41.10,3.37,15.11,9.82,9.34,88.61,1.340,41.50,39.18,2.82,0.82,155.07万,6295.06万,-40.31,3.3680,29.44亿,22.60亿
50,300657,弘信电子,SZ,39.71,-2.02,15.46,37.86,11.05,88.54,-0.820,41.65,39.60,13.57,1.29,6356.26万,25.60亿,126.23,13.4757,191.45亿,186.04亿
51,603175,超颖电子,SH,101.60,-2.77,11.10,28.02,5.64,88.53,-2.890,103.45,99.00,7.41,0.65,336.94万,3.40亿,-116.04,16.2120,444.02亿,46.20亿
52,603010,万盛股份,SH,15.00,8.46,18.89,10.80,15.21,88.52,1.170,15.21,13.63,5.80,2.18,3312.93万,4.85亿,156.13,3.3873,87.75亿,85.62亿
53,301397,溯联股份,SZ,43.15,-0.35,14.23,34.19,8.69,88.49,-0.150,44.10,41.40,11.13,1.19,786.09万,3.36亿,79.58,3.3187,67.17亿,30.48亿
54,688028,沃尔德,SH,133.35,5.00,15.20,15.19,14.17,88.42,6.350,136.65,125.23,5.45,1.30,823.25万,10.93亿,177.51,9.9574,201.29亿,201.29亿
55,603375,盛景微,SH,47.71,2.62,9.79,43.43,5.44,88.41,1.220,48.88,45.55,13.07,1.43,833.77万,3.96亿,486.83,3.1011,48.03亿,30.43亿
56,688767,博拓生物,SH,41.55,2.09,20.95,11.10,19.09,88.32,0.850,42.20,40.59,3.59,1.50,536.78万,2.22亿,-151.96,2.6286,62.05亿,62.05亿
57,002046,国机精工,SZ,57.47,2.13,11.93,12.46,10.07,88.22,1.200,58.63,55.38,3.63,1.12,1917.14万,11.04亿,-848.35,7.0648,308.15亿,303.90亿
58,000823,超声电子,SZ,17.58,1.56,16.80,29.77,18.15,88.21,0.270,17.65,16.81,12.79,2.35,6867.14万,11.89亿,71.53,1.9702,94.40亿,94.40亿
59,300548,长芯博创,SZ,274.71,0.52,11.66,22.10,7.02,88.21,1.420,278.80,261.00,5.96,0.85,1604.08万,43.53亿,153.96,38.3100,800.98亿,739.74亿
60,003023,彩虹集团,SZ,31.73,3.12,10.13,16.19,4.72,88.20,0.960,32.29,30.20,5.26,1.03,553.27万,1.75亿,43.77,2.1061,33.42亿,33.35亿
61,603165,荣晟环保,SH,18.61,2.99,10.63,10.35,6.95,88.17,0.540,19.13,17.91,4.01,1.22,1285.12万,2.38亿,19.66,2.2181,59.63亿,59.63亿
62,000402,金 融 街,SZ,3.27,-2.39,12.93,21.75,3.15,88.14,-0.080,3.44,3.23,5.97,1.39,1.78亿,5.92亿,7.08,0.4923,97.74亿,97.73亿
63,600345,长江通信,SH,57.45,9.99,17.45,28.09,18.06,88.14,5.220,57.45,50.11,10.93,1.31,2312.22万,12.50亿,263.84,4.9723,189.36亿,121.54亿
64,603316,诚邦股份,SH,19.15,1.48,22.19,49.22,22.84,88.14,0.280,19.47,18.60,16.31,1.30,4310.62万,8.21亿,53.85,9.1571,50.61亿,50.61亿
65,301095,广立微,SZ,94.66,2.27,14.72,18.39,13.09,88.09,2.100,96.32,90.33,6.30,1.38,1090.14万,10.28亿,-442.27,6.0349,189.59亿,163.78亿
66,002496,*ST辉丰,SZ,2.29,2.23,9.43,9.60,8.02,88.09,0.050,2.31,2.20,3.50,1.36,4134.71万,9310.72万,1493.00,3.0979,34.52亿,27.05亿
67,002866,传艺科技,SZ,29.34,10.01,17.01,63.34,13.73,88.07,2.670,29.34,27.78,21.35,1.10,3868.73万,11.25亿,138.82,4.0613,84.95亿,53.17亿
68,301323,新莱福,SZ,72.84,4.46,13.36,11.82,9.25,88.04,3.110,74.85,68.55,6.20,2.19,418.75万,3.04亿,47.19,3.4175,76.91亿,49.22亿
69,301055,张小泉,SZ,33.83,5.75,19.31,16.25,14.79,88.00,1.840,35.20,31.60,5.77,1.20,899.75万,3.03亿,45.24,7.5319,52.77亿,52.77亿
70,301085,亚康股份,SZ,78.96,1.00,10.47,28.45,12.66,88.00,0.780,79.20,75.75,7.95,0.93,468.36万,3.64亿,72.20,7.1721,68.52亿,46.52亿
71,605376,博迁新材,SH,134.30,3.28,9.29,13.81,2.07,87.97,4.260,137.60,127.80,3.72,0.74,972.89万,12.94亿,122.63,19.9584,351.33亿,351.33亿
72,301024,霍普股份,SZ,44.70,2.81,14.01,10.49,8.36,87.94,1.220,45.60,42.36,3.98,1.69,244.92万,1.08亿,-37.10,8.4084,28.42亿,27.52亿
73,301013,利和兴,SZ,28.25,1.80,12.91,34.11,11.88,87.89,0.500,28.50,27.09,12.44,1.74,2354.58万,6.60亿,512.04,9.8661,66.03亿,53.46亿
74,688549,中巨芯-U,SH,12.40,0.08,10.17,35.65,0.90,87.88,0.010,12.49,12.08,9.34,0.60,5501.75万,6.79亿,718.17,6.0846,183.18亿,73.08亿
75,603112,华翔股份,SH,22.41,-0.93,9.25,8.22,8.00,87.81,-0.210,22.75,22.14,2.15,0.90,1150.69万,2.58亿,20.60,2.6762,121.01亿,119.81亿
76,600206,有研新材,SH,30.40,3.65,13.01,36.74,11.07,87.80,1.070,31.59,28.51,12.02,1.13,1.02亿,30.78亿,72.89,5.9231,257.35亿,257.35亿
77,300196,长海股份,SZ,21.82,2.78,13.61,40.73,11.61,87.77,0.590,22.10,20.80,13.30,1.12,3284.99万,7.11亿,27.51,1.9093,89.18亿,53.88亿
78,301099,雅创电子,SZ,64.05,-0.54,11.49,37.70,9.54,87.73,-0.350,66.28,63.28,9.80,0.81,880.26万,5.65亿,34.32,6.5453,93.94亿,57.50亿
79,301629,矽电股份,SZ,351.00,7.20,19.77,48.09,15.03,87.71,23.570,364.00,318.18,20.16,1.63,387.03万,13.40亿,-352.11,12.3847,146.46亿,67.38亿
80,300499,高澜股份,SZ,43.77,-1.64,13.73,46.04,13.84,87.70,-0.730,44.28,42.91,12.84,1.11,3483.89万,15.25亿,220.61,9.5955,133.61亿,118.80亿
81,603012,创力集团,SH,9.55,10.02,10.85,12.86,10.28,87.68,0.870,9.55,8.61,7.80,3.32,5040.43万,4.65亿,66.35,1.6070,61.74亿,61.74亿
82,600673,东阳光,SH,39.90,-6.84,10.99,8.43,12.71,87.68,-2.930,42.83,39.77,7.43,4.42,2.23亿,90.92亿,251.69,12.0941,1200.81亿,1197.62亿
83,300096,ST易联众,SZ,9.92,2.59,10.68,6.19,8.06,87.66,0.250,10.05,9.55,2.13,1.09,915.39万,8984.56万,-38.31,12.7943,42.66亿,42.66亿
84,600815,厦工股份,SH,4.93,0.00,12.93,18.87,11.79,87.65,0.000,4.93,4.70,8.30,1.24,1.47亿,7.12亿,-298.79,6.0160,87.46亿,87.46亿
85,002156,通富微电,SZ,57.16,-3.25,8.52,30.25,10.41,87.59,-1.920,58.60,56.39,10.70,1.27,1.62亿,92.93亿,65.90,5.5399,867.46亿,867.38亿
86,002785,万里石,SZ,53.15,-0.88,7.21,23.83,3.89,87.55,-0.470,53.98,52.55,6.01,0.69,1162.37万,6.19亿,5011.85,15.1455,120.45亿,102.84亿
87,605303,园林股份,SH,25.42,0.39,12.83,15.84,9.85,87.54,0.100,25.99,25.20,5.23,1.22,843.27万,2.16亿,-88.47,4.8438,40.99亿,40.99亿
88,600078,澄星股份,SH,14.75,9.99,17.26,29.25,11.66,87.53,1.340,14.75,13.60,12.45,2.10,8246.69万,11.98亿,90.48,5.8581,99.83亿,97.73亿
89,688107,安路科技,SH,37.08,0.32,9.59,13.14,10.13,87.50,0.120,37.58,36.09,3.14,0.83,1258.97万,4.64亿,-91.05,16.4644,148.63亿,148.63亿
90,002353,杰瑞股份,SZ,146.38,-2.93,6.72,8.44,6.85,87.49,-4.420,149.60,142.79,2.55,0.93,1763.52万,25.63亿,63.69,6.3797,1498.72亿,1011.54亿
91,688231,隆达股份,SH,40.23,0.80,6.65,4.82,4.55,87.48,0.320,40.78,39.73,1.46,0.79,359.98万,1.45亿,52.19,3.5379,99.31亿,99.31亿
92,300706,阿石创,SZ,48.53,-3.06,20.71,74.10,14.19,87.47,-1.530,51.40,48.09,21.64,1.05,2458.02万,12.09亿,106.11,10.7851,74.40亿,55.13亿
93,002484,江海股份,SZ,43.14,-1.95,15.20,17.20,12.49,87.46,-0.860,43.95,42.38,3.94,0.58,3234.51万,13.94亿,56.62,5.7102,366.92亿,353.95亿
94,301536,星宸科技,SZ,88.69,0.12,7.17,16.39,7.57,87.42,0.110,89.09,87.21,4.04,0.76,755.92万,6.65亿,42.46,11.6015,374.02亿,166.02亿
95,603085,天成自控,SH,13.56,2.11,11.07,13.57,10.42,87.40,0.280,13.66,13.15,4.97,1.31,1972.93万,2.64亿,53.61,5.5655,53.85亿,53.85亿
96,688163,赛伦生物,SH,36.94,2.61,9.86,7.06,4.94,87.38,0.940,38.28,35.15,3.25,1.50,351.67万,1.31亿,1762.08,3.5911,39.98亿,39.98亿
97,688802,沐曦股份-U,SH,784.00,-7.00,13.06,64.23,3.43,87.37,-58.970,825.00,783.47,18.27,0.96,331.32万,26.37亿,-793.38,23.9477,3136.78亿,142.21亿
98,300767,震安科技,SZ,25.94,3.31,11.68,17.16,11.43,87.33,0.830,26.06,24.76,6.59,1.45,1581.14万,4.01亿,-942.43,4.7170,71.67亿,62.23亿
99,002951,金时科技,SZ,16.71,0.12,12.38,6.77,11.85,87.30,0.020,16.80,16.22,4.38,3.38,1756.09万,2.91亿,-145.66,4.4576,67.68亿,67.03亿
100,603150,万朗磁塑,SH,66.80,2.66,13.03,9.90,10.18,87.29,1.730,68.50,62.33,3.60,1.44,307.67万,2.05亿,53.14,3.2808,57.10亿,57.10亿
101,300056,中创环保,SZ,12.26,3.90,14.77,26.85,10.45,87.29,0.460,12.50,11.63,8.90,1.02,3427.64万,4.14亿,-88.42,65.9462,47.26亿,47.23亿
102,688319,欧林生物,SH,35.05,0.14,12.53,11.02,13.50,87.28,0.050,35.93,34.50,2.66,0.79,1077.12万,3.79亿,130.75,15.2762,142.20亿,142.10亿
103,002342,巨力索具,SZ,22.11,-0.05,23.22,86.19,11.61,87.27,-0.010,24.00,21.36,35.60,1.57,3.40亿,76.19亿,1429.69,8.6784,212.26亿,211.08亿
104,300966,共同药业,SZ,28.00,0.47,10.39,35.91,5.03,87.26,0.130,29.00,27.27,7.70,0.49,589.99万,1.64亿,252.29,4.4032,32.28亿,21.47亿
105,600207,安彩高科,SH,6.55,5.14,18.96,13.88,17.17,87.26,0.320,6.64,6.23,9.34,4.41,1.02亿,6.53亿,-12.06,3.7995,71.35亿,71.35亿
106,605060,联德股份,SH,65.05,1.40,9.65,15.68,11.12,87.23,0.900,65.70,61.73,4.76,1.02,1136.65万,7.24亿,62.75,6.1919,156.51亿,155.43亿
107,603226,菲林格尔,SH,46.20,3.36,25.04,4.94,17.80,87.19,1.500,48.67,45.02,2.08,1.87,741.15万,3.40亿,-287.16,19.2860,164.24亿,164.24亿
108,300814,中富电路,SZ,119.00,2.32,16.51,17.93,10.08,87.19,2.700,123.39,113.50,4.93,0.82,943.12万,11.21亿,301.33,13.9100,227.80亿,227.80亿
109,600322,津投城开,SH,2.79,2.20,8.79,22.11,2.20,87.18,0.060,2.84,2.73,4.29,0.78,4739.62万,1.32亿,6746.47,40.5568,30.85亿,30.85亿
110,002565,顺灏股份,SZ,20.64,3.93,12.67,54.84,8.52,87.17,0.780,21.30,19.22,21.15,1.34,2.24亿,45.65亿,273.71,11.9057,218.78亿,218.77亿
111,300476,胜宏科技,SZ,358.66,6.09,12.79,19.00,9.18,87.16,20.600,367.01,333.03,6.47,1.21,5596.82万,200.51亿,68.39,22.5030,3524.86亿,3103.11亿
112,600103,青山纸业,SH,4.91,0.41,9.87,35.78,10.09,87.14,0.020,4.94,4.76,11.17,0.99,2.47亿,12.00亿,181.40,2.7666,110.02亿,108.63亿
113,301051,信濠光电,SZ,25.53,3.95,12.40,12.86,8.82,87.14,0.970,26.16,24.31,5.53,1.85,889.77万,2.28亿,-23.72,2.6572,51.84亿,41.08亿
114,300679,电连技术,SZ,50.50,-0.02,15.82,26.27,12.22,87.13,-0.010,51.47,49.15,6.88,0.80,2472.50万,12.47亿,61.55,4.2876,214.53亿,181.52亿
115,300125,*ST聆达,SZ,10.08,2.65,6.92,7.14,2.65,87.13,0.260,10.10,9.80,2.22,1.06,799.46万,7994.20万,-207.07,6.4261,67.12亿,36.37亿
116,688545,兴福电子,SH,63.00,6.78,21.79,23.71,14.78,87.11,4.000,66.66,58.11,11.33,2.19,2065.01万,13.01亿,88.57,7.5148,226.80亿,114.82亿
117,603637,镇海股份,SH,18.53,7.98,12.38,17.89,9.77,87.10,1.370,18.75,17.02,7.06,1.41,1685.02万,3.05亿,-587.27,4.2371,44.23亿,44.23亿
118,300975,商络电子,SZ,23.12,-2.03,14.47,43.24,13.00,87.09,-0.480,23.78,23.08,9.12,0.74,4490.05万,10.47亿,15.47,5.9822,158.84亿,113.77亿
119,603698,航天工程,SH,45.15,2.01,7.80,27.27,2.68,87.08,0.890,46.43,43.50,10.26,1.49,5500.28万,24.95亿,147.69,6.8754,242.00亿,242.00亿
120,000960,锡业股份,SZ,40.29,0.73,15.09,17.59,14.30,87.08,0.290,41.14,39.30,4.90,0.98,8055.74万,32.35亿,19.10,3.2644,662.94亿,662.94亿
121,301307,美利信,SZ,52.28,-3.20,15.97,38.41,11.35,87.08,-1.730,53.87,52.16,9.43,0.82,1026.17万,5.41亿,-51.42,4.5092,110.10亿,56.87亿
122,000042,中洲控股,SZ,10.16,5.72,7.79,8.59,5.50,87.07,0.550,10.23,9.60,2.18,0.83,1449.06万,1.45亿,-25.50,2.9804,67.55亿,67.47亿
123,603158,腾龙股份,SH,15.88,2.85,29.08,29.89,24.45,87.05,0.440,16.50,15.50,17.73,2.98,8699.73万,13.97亿,36.69,3.4302,77.93亿,77.93亿
124,301489,思泉新材,SZ,237.06,-1.80,9.81,23.39,3.27,87.03,-4.350,240.81,231.49,6.65,0.91,316.59万,7.45亿,180.43,17.4940,191.44亿,112.84亿
125,688625,呈和科技,SH,82.54,-1.92,18.53,8.47,13.07,87.02,-1.620,85.32,82.01,1.80,0.71,338.76万,2.83亿,43.09,9.7875,155.44亿,155.44亿
126,003027,同兴科技,SZ,26.08,5.20,14.25,31.13,9.95,87.01,1.290,26.79,24.47,11.45,1.11,1200.61万,3.13亿,82.16,1.9639,34.09亿,27.35亿
127,600769,祥龙电业,SH,17.80,2.89,13.75,16.80,11.25,87.01,0.500,17.86,16.90,4.73,0.75,1775.36万,3.10亿,351.26,52.6636,66.75亿,66.75亿
128,688220,翱捷科技-U,SH,102.94,0.87,9.54,14.09,1.46,87.01,0.890,106.72,98.50,4.58,1.06,1691.59万,17.41亿,-384.21,7.9148,430.60亿,379.99亿
129,002979,雷赛智能,SZ,49.51,10.00,13.10,23.02,12.83,86.96,4.500,49.51,46.52,14.70,4.04,3246.89万,15.97亿,54.08,8.3283,156.02亿,109.39亿
130,002515,金字火腿,SZ,7.46,-1.32,18.71,35.08,14.42,86.95,-0.100,7.63,7.32,8.36,0.92,9210.44万,6.91亿,175.00,3.4380,90.31亿,82.20亿
131,000026,飞亚达,SZ,19.90,6.30,13.40,18.20,9.76,86.92,1.180,20.20,18.25,8.34,2.00,3040.23万,5.85亿,31.02,2.3763,80.75亿,72.55亿
132,688173,希荻微,SH,17.76,-2.04,10.71,15.39,5.71,86.89,-0.370,18.14,17.55,4.39,1.01,1802.34万,3.21亿,-240.04,5.1454,73.36亿,72.86亿
133,000338,潍柴动力,SZ,33.06,-5.54,9.52,8.96,5.96,86.81,-1.940,34.50,32.88,2.90,1.10,1.45亿,48.38亿,23.34,3.0203,2880.32亿,1654.15亿
134,688535,华海诚科,SH,100.50,-0.42,11.19,21.72,11.01,86.80,-0.420,103.33,97.31,6.47,1.07,771.42万,7.75亿,263.69,6.6550,142.68亿,119.89亿
135,601868,中国能建,SH,3.22,3.21,15.90,12.08,13.78,86.79,0.100,3.28,3.15,7.17,3.86,23.25亿,74.87亿,24.49,1.1934,1424.53亿,1044.21亿
136,002023,海特高新,SZ,13.25,2.24,5.48,16.11,5.16,86.76,0.290,13.39,12.84,6.22,1.27,4611.16万,6.10亿,96.21,2.6374,98.16亿,98.16亿
137,300308,中际旭创,SZ,886.00,0.97,7.46,7.07,3.32,86.73,8.530,898.95,861.56,1.78,0.73,1976.41万,174.07亿,43.01,28.5462,9866.50亿,9819.59亿
138,605133,嵘泰股份,SH,37.30,2.75,14.34,16.42,14.31,86.72,1.000,37.88,35.80,5.76,1.45,1624.01万,6.05亿,59.03,2.7607,105.47亿,105.23亿
139,688041,海光信息,SH,323.28,-5.36,11.98,6.87,9.12,86.71,-18.320,338.56,320.01,2.15,1.11,4997.06万,162.43亿,273.40,31.9785,7514.12亿,7514.12亿
140,688081,兴图新科,SH,55.43,1.87,8.06,6.44,5.38,86.70,1.020,55.74,53.50,1.99,1.00,204.71万,1.12亿,-471.55,14.4825,57.12亿,57.12亿
141,000929,*ST兰黄,SZ,11.11,4.22,9.97,6.72,7.55,86.69,0.450,11.13,10.51,2.47,1.46,458.54万,4956.75万,-30.94,5.9173,20.64亿,20.64亿
142,603912,佳力图,SH,11.64,2.74,9.55,21.34,10.02,86.64,0.310,11.86,11.09,7.15,0.93,3876.21万,4.46亿,-77.86,3.6652,63.07亿,63.07亿
143,600527,江南高纤,SH,3.15,-3.37,17.97,42.93,6.78,86.64,-0.110,3.24,3.11,14.00,1.20,2.43亿,7.66亿,173.86,2.6304,54.55亿,54.55亿
144,300620,光库科技,SZ,259.10,-0.27,10.96,22.34,8.88,86.64,-0.710,264.98,248.02,6.82,1.14,1685.95万,43.01亿,360.80,29.9615,645.63亿,640.24亿
145,300478,杭州高新,SZ,32.56,3.69,11.33,10.87,8.86,86.60,1.160,32.90,31.00,4.19,1.65,530.76万,1.72亿,-112.06,131.4377,41.24亿,41.24亿
146,300845,捷安高科,SZ,14.99,6.16,14.20,24.47,9.18,86.60,0.870,15.53,13.86,13.39,2.36,1924.84万,2.83亿,-55.31,3.7499,30.83亿,21.55亿
147,002962,五方光电,SZ,17.98,1.01,9.11,35.69,9.17,86.59,0.180,18.18,17.35,11.29,1.20,2361.77万,4.21亿,324.42,2.9554,52.44亿,37.61亿
148,688611,杭州柯林,SH,68.96,1.43,12.19,4.32,9.36,86.57,0.970,70.75,67.02,1.63,1.55,250.02万,1.74亿,-879.70,12.2615,105.78亿,105.78亿
149,603398,*ST沐邦,SH,13.50,-1.60,11.08,4.98,8.43,86.55,-0.220,14.41,13.03,4.40,3.76,1907.90万,2.59亿,-19.70,81.8405,58.54亿,58.54亿
150,300246,宝莱特,SZ,18.71,2.75,8.42,20.94,5.71,86.55,0.500,18.88,18.03,7.04,1.06,1487.36万,2.76亿,-169.11,4.5996,49.51亿,39.54亿
151,301389,隆扬电子,SZ,72.31,-2.27,22.52,16.90,15.71,86.54,-1.680,75.96,72.00,5.11,0.99,1449.86万,10.62亿,190.37,9.1297,205.00亿,205.00亿
152,000567,海德股份,SZ,6.83,1.19,6.30,12.83,2.40,86.54,0.080,6.91,6.63,2.69,0.62,5247.23万,3.58亿,7.95,2.2162,133.50亿,133.09亿
153,300323,华灿光电,SZ,13.28,4.16,11.90,34.66,9.75,86.47,0.530,13.40,12.50,9.74,0.86,1.16亿,15.10亿,106.34,3.2493,215.53亿,157.73亿
154,002439,启明星辰,SZ,16.63,2.84,9.28,29.63,6.47,86.41,0.460,17.15,16.00,11.18,1.47,8149.23万,13.67亿,103.39,1.8498,201.46亿,121.17亿
155,300440,运达科技,SZ,19.33,-0.31,6.23,9.00,5.63,86.40,-0.060,19.43,18.87,2.31,0.68,1011.72万,1.93亿,-136.00,5.0800,84.96亿,84.63亿
156,688158,优刻得-W,SH,51.25,-2.86,13.99,39.13,13.81,86.40,-1.510,52.68,51.06,9.68,0.84,3924.24万,20.28亿,2133.15,9.6569,233.86亿,207.81亿
157,605336,*ST帅电,SH,18.18,5.03,10.61,5.74,8.99,86.38,0.870,18.18,17.04,2.00,0.62,365.99万,6579.40万,-115.76,1.8484,33.34亿,33.34亿
158,603220,中贝通信,SH,32.11,2.72,14.15,36.75,13.62,86.38,0.850,33.22,30.52,13.09,1.06,5686.24万,18.18亿,-151.24万,4.4715,172.22亿,139.44亿
159,688593,新相微,SH,37.81,-5.33,20.80,16.84,14.78,86.38,-2.130,39.28,37.60,4.90,0.98,1580.74万,6.06亿,809.07,11.1779,173.75亿,122.01亿
160,688692,达梦数据,SH,293.80,7.80,16.50,12.27,11.40,86.32,21.250,304.00,278.00,6.12,2.39,447.57万,13.03亿,54.93,8.5613,332.70亿,214.88亿
161,603991,至正股份,SH,124.00,1.02,11.90,11.21,10.10,86.32,1.250,124.90,120.10,2.54,0.67,189.61万,2.33亿,92.89,5.3869,189.36亿,92.42亿
162,688359,三孚新科,SH,110.12,2.36,13.31,13.38,10.68,86.29,2.540,112.29,107.61,3.67,0.88,362.81万,4.00亿,488.11,16.4359,108.74亿,108.74亿
163,603936,博敏电子,SH,18.38,2.17,16.00,31.32,18.58,86.27,0.390,18.54,17.30,12.09,1.45,7619.56万,13.76亿,-266.87,2.6945,115.87亿,115.87亿
164,300077,国民技术,SZ,25.59,3.44,10.63,45.50,11.02,86.26,0.850,25.60,24.16,14.76,1.42,8357.70万,21.00亿,-236.94,9.9636,149.22亿,144.92亿
165,000668,*ST荣控,SZ,18.34,4.98,17.92,4.85,15.71,86.26,0.870,18.34,17.78,0.49,0.29,72.41万,1321.78万,-53.09,3.6040,26.93亿,26.93亿
166,301205,联特科技,SZ,284.80,3.47,22.43,38.46,20.99,86.26,9.550,295.80,276.21,12.51,1.10,1043.46万,29.73亿,3032.93,22.6966,369.51亿,237.54亿
167,605566,福莱蒽特,SH,34.73,10.01,11.46,8.93,5.56,86.25,3.160,34.73,31.45,3.39,1.52,452.45万,1.53亿,46.22,2.2785,46.31亿,46.31亿
168,002418,康盛股份,SZ,6.27,-1.57,13.65,39.72,11.17,86.24,-0.100,6.33,6.18,11.89,0.84,1.35亿,8.44亿,368.55,4.8932,71.25亿,71.25亿
169,600743,华远控股,SH,2.78,6.92,17.41,18.12,12.55,86.23,0.180,2.86,2.55,8.87,2.07,2.08亿,5.72亿,-168.33,11.7767,65.22亿,65.22亿
170,603458,勘设股份,SH,12.98,2.45,9.20,15.75,8.53,86.22,0.310,13.04,12.52,4.91,0.87,1501.65万,1.92亿,-62.27,1.5413,39.73亿,39.73亿
171,002273,水晶光电,SZ,36.17,3.17,10.76,15.91,9.61,86.21,1.110,36.17,33.88,5.52,1.14,7515.10万,26.49亿,50.98,4.9330,502.99亿,492.66亿
172,002631,德尔未来,SZ,8.45,-0.35,18.50,30.97,7.10,86.21,-0.030,8.80,8.01,9.69,1.54,7688.63万,6.40亿,-119.92,3.3300,67.37亿,67.06亿
173,603162,海通发展,SH,18.11,6.53,21.39,33.74,21.79,86.20,1.110,18.20,17.10,13.00,1.61,3634.06万,6.46亿,19.97,3.6185,168.03亿,50.61亿
174,002795,永和智控,SZ,9.70,-0.41,11.32,31.76,5.55,86.20,-0.040,10.15,9.53,9.44,0.94,4100.37万,4.04亿,15.75,9.6063,42.84亿,42.14亿
175,002850,科达利,SZ,206.00,1.47,10.97,10.58,8.16,86.19,2.990,210.96,201.99,3.45,0.94,687.12万,14.23亿,30.80,4.1549,568.05亿,410.10亿
176,688378,奥来德,SH,46.55,0.56,6.07,10.42,5.08,86.18,0.260,46.62,45.25,2.61,0.69,627.84万,2.89亿,37.99,5.9173,121.69亿,112.17亿
177,301157,华塑科技,SZ,78.14,3.20,9.93,58.98,10.01,86.18,2.420,78.55,73.51,24.00,1.51,495.75万,3.84亿,119.89,4.2165,46.88亿,16.14亿
178,002976,瑞玛精密,SZ,32.70,5.11,11.55,17.66,8.57,86.18,1.590,33.13,30.81,8.77,2.19,585.01万,1.87亿,-88.63,3.4007,48.95亿,21.80亿
179,301196,唯科科技,SZ,125.00,4.78,10.46,17.85,5.49,86.18,5.700,127.44,115.53,7.09,1.38,581.37万,7.19亿,54.88,4.6858,156.64亿,102.45亿
180,300700,岱勒新材,SZ,18.17,0.39,5.18,14.51,4.67,86.16,0.070,18.25,17.62,4.49,1.03,1215.22万,2.19亿,731.89,9.3513,72.14亿,49.17亿
181,688211,中科微至,SH,37.67,1.84,11.33,6.41,8.56,86.16,0.680,38.09,36.36,1.61,1.11,210.41万,7881.92万,417.92,1.4137,49.38亿,49.38亿
182,300811,铂科新材,SZ,98.36,-2.90,7.13,13.12,1.81,86.15,-2.940,101.30,97.59,3.28,0.72,779.75万,7.69亿,80.53,9.1068,285.13亿,233.81亿
183,688609,九联科技,SH,10.98,1.76,8.47,14.41,8.18,86.15,0.190,10.99,10.58,4.75,1.15,2376.65万,2.56亿,94.95,5.9469,57.31亿,54.90亿
184,688072,拓荆科技,SH,463.05,-3.44,7.47,6.33,4.06,86.12,-16.510,479.56,456.72,1.68,0.68,473.77万,22.05亿,57.35,18.0044,1309.01亿,1309.01亿
185,002047,*ST宝鹰,SZ,5.59,3.71,12.00,5.01,6.48,86.11,0.200,5.65,5.41,1.96,1.29,2979.12万,1.65亿,-230.46,208.2324,84.76亿,84.75亿
186,300337,银邦股份,SZ,15.27,1.26,8.95,24.41,9.38,86.10,0.190,15.30,14.76,7.62,1.23,5419.90万,8.15亿,57.40,7.0974,125.51亿,108.63亿
187,001287,中电港,SZ,29.00,-0.28,12.43,29.02,9.60,86.09,-0.080,30.15,28.48,9.02,1.32,6853.14万,19.98亿,34.77,3.9796,220.37亿,220.37亿
188,301280,珠城科技,SZ,46.88,0.82,10.42,18.73,5.78,86.08,0.380,47.47,45.80,4.97,0.95,279.42万,1.30亿,39.80,4.6057,89.77亿,26.34亿
189,000988,华工科技,SZ,136.69,2.39,12.75,31.96,14.36,86.07,3.190,136.90,129.28,10.52,1.16,1.06亿,140.27亿,53.82,11.7598,1374.42亿,1373.71亿
190,001266,宏英智能,SZ,43.22,-1.77,12.02,53.03,6.48,86.06,-0.780,43.80,42.85,11.78,0.77,684.86万,2.96亿,30.84,4.5412,44.79亿,25.13亿
191,600982,宁波能源,SH,6.35,-0.16,7.76,24.27,4.79,86.06,-0.010,6.59,6.26,7.97,1.15,8910.26万,5.71亿,24.47,1.5554,70.97亿,70.97亿
192,601133,柏诚股份,SH,25.68,2.80,16.24,20.52,12.73,86.06,0.700,26.70,24.33,6.02,1.05,3156.57万,8.14亿,109.07,4.4790,135.60亿,134.66亿
193,688126,沪硅产业,SH,22.99,2.00,11.98,12.21,11.55,86.04,0.450,23.55,21.90,4.11,1.39,1.12亿,25.77亿,-39.32,4.5139,759.82亿,628.01亿
194,601698,中国卫通,SH,39.80,5.21,11.64,6.85,8.54,86.04,1.970,40.88,37.38,3.29,2.24,1.39亿,54.17亿,1565.96,10.5249,1681.31亿,1681.31亿
195,002361,神剑股份,SZ,21.90,1.39,13.87,100.81,6.57,86.04,0.300,23.55,21.14,41.63,1.34,3.37亿,75.47亿,-988.41,9.5050,208.28亿,177.18亿
196,605077,华康股份,SH,18.65,2.30,11.50,20.69,9.45,86.03,0.420,18.68,18.20,7.20,1.27,2157.13万,3.98亿,63.73,1.8420,56.52亿,55.84亿
197,603933,睿能科技,SH,26.44,0.99,9.62,30.36,8.18,85.99,0.260,26.77,25.60,8.01,0.99,1663.31万,4.38亿,39.75,4.0984,54.87亿,54.87亿
198,603527,众源新材,SH,13.40,-0.67,6.56,20.24,3.40,85.98,-0.090,13.64,13.28,4.62,0.62,1464.35万,1.97亿,27.65,2.0022,42.47亿,42.47亿
199,301285,鸿日达,SZ,109.90,3.02,10.85,4.82,6.18,85.95,3.220,110.80,105.88,1.50,0.92,311.00万,3.37亿,-328.11,24.0643,227.13亿,227.13亿
200,603890,春秋电子,SH,20.24,1.76,10.02,26.19,7.26,85.94,0.350,20.64,19.24,11.00,1.38,4913.25万,9.89亿,37.23,2.7399,90.43亿,90.43亿
201,002913,奥士康,SZ,58.45,4.60,12.71,8.99,11.87,85.90,2.570,59.01,54.98,3.22,0.94,972.60万,5.62亿,265.75,4.1873,185.50亿,176.33亿
202,300580,贝斯特,SZ,30.36,2.33,10.78,8.46,4.87,85.90,0.690,31.27,29.40,3.27,1.38,1544.92万,4.75亿,52.21,4.5391,152.51亿,143.48亿
203,002838,道恩股份,SZ,34.53,-0.49,17.94,8.52,14.95,85.88,-0.170,35.39,34.01,2.46,1.00,1033.50万,3.59亿,34.68,4.3957,165.19亿,145.24亿
204,002436,兴森科技,SZ,32.01,-1.26,12.78,35.04,15.52,85.88,-0.410,32.74,31.57,9.35,0.90,1.42亿,45.59亿,725.63,10.1937,544.07亿,485.89亿
205,301631,壹连科技,SZ,123.20,0.98,17.68,43.48,14.16,85.87,1.200,129.08,122.17,15.08,1.20,469.56万,5.89亿,39.86,4.2239,112.62亿,38.36亿
206,301228,实朴检测,SZ,62.41,2.35,20.47,14.04,17.53,85.87,1.430,63.97,60.21,3.99,1.16,476.07万,2.96亿,-430.85,12.4991,74.89亿,74.54亿
207,300599,雄塑科技,SZ,13.46,9.16,23.43,39.40,12.64,85.86,1.130,14.30,12.35,17.68,1.61,3323.54万,4.47亿,37.36,2.4656,48.20亿,25.31亿
208,301366,一博科技,SZ,42.35,1.05,10.90,17.77,10.43,85.86,0.440,42.85,41.29,3.95,0.90,462.09万,1.95亿,191.26,4.0993,88.74亿,49.55亿
209,600584,长电科技,SH,50.75,4.08,9.86,25.20,11.39,85.85,1.990,51.59,47.10,9.43,1.53,1.69亿,82.39亿,78.21,3.1569,908.13亿,908.13亿
210,603557,*ST起步,SH,4.50,-4.05,18.31,9.01,5.63,85.83,-0.190,4.83,4.47,3.73,1.59,2323.37万,1.08亿,-24.02,50.1336,28.05亿,28.05亿
211,603315,福鞍股份,SH,19.00,0.53,15.65,20.10,13.03,85.83,0.100,19.39,18.60,9.38,1.59,3005.50万,5.72亿,75.81,3.5007,60.87亿,60.87亿
212,002937,兴瑞科技,SZ,35.18,-0.48,12.13,11.25,4.86,85.81,-0.170,36.87,34.69,4.25,1.59,1261.62万,4.50亿,72.39,7.0327,104.76亿,104.47亿
213,600487,亨通光电,SH,77.27,1.72,18.25,22.32,17.61,85.80,1.310,79.49,74.25,6.68,0.97,1.63亿,126.66亿,43.10,5.8805,1905.78亿,1889.39亿
214,603660,苏州科达,SH,13.33,0.30,7.24,26.39,9.62,85.78,0.040,13.54,12.73,8.31,1.01,4750.41万,6.25亿,-11.69,10.7467,76.75亿,76.18亿
215,300839,博汇股份,SZ,17.34,12.60,24.69,16.51,18.28,85.77,1.940,18.00,15.50,9.99,3.49,2893.61万,4.91亿,27.35,6.3462,51.15亿,50.23亿
216,002803,吉宏股份,SZ,21.84,2.06,13.20,22.41,9.64,85.75,0.440,22.02,21.26,6.03,0.94,1742.14万,3.79亿,33.98,3.5524,98.37亿,63.05亿
217,002181,粤 传 媒,SZ,18.35,-1.98,24.68,39.48,11.28,85.72,-0.370,19.04,17.72,10.01,0.89,1.14亿,20.78亿,304.16,5.0103,213.05亿,208.19亿
218,301235,华康洁净,SZ,58.97,2.27,15.38,30.70,16.54,85.71,1.310,60.38,55.21,7.03,0.87,511.67万,2.99亿,-91.01,3.3617,63.56亿,42.90亿
219,301308,江波龙,SZ,479.99,-0.69,20.56,27.86,19.66,85.71,-3.340,485.00,472.67,7.00,0.76,1919.75万,91.92亿,13.02,16.5119,2011.86亿,1317.06亿
220,001215,千味央厨,SZ,49.01,1.68,6.66,24.14,4.59,85.71,0.810,49.36,46.99,7.78,0.81,753.64万,3.64亿,52.67,2.5617,47.62亿,47.49亿
221,603489,八方股份,SH,38.79,1.46,5.30,8.72,4.41,85.68,0.560,39.20,38.09,2.75,0.79,644.89万,2.50亿,50.84,3.2852,91.01亿,91.01亿
222,300234,开尔新材,SZ,7.14,5.31,11.86,21.12,7.21,85.66,0.360,7.36,6.69,10.49,2.17,3609.70万,2.56亿,231.09,3.1817,35.93亿,24.56亿
223,603626,科森科技,SH,27.70,2.10,15.26,27.86,10.10,85.65,0.570,28.84,26.75,9.71,1.12,5389.34万,15.01亿,9.97,6.7492,153.70亿,153.70亿
224,002256,兆新股份,SZ,5.28,10.00,15.47,34.70,15.03,85.64,0.480,5.28,4.70,12.67,1.35,2.49亿,12.95亿,245.48,8.7170,105.28亿,103.89亿
225,002762,*ST金比,SZ,8.88,2.30,5.51,5.70,1.95,85.64,0.200,8.92,8.68,1.65,0.84,349.55万,3081.58万,6631.82,4.7027,31.44亿,18.77亿
226,300865,大宏立,SZ,33.00,6.38,8.97,22.56,8.41,85.63,1.980,33.27,31.09,9.90,1.38,569.36万,1.83亿,74.35,3.6182,31.57亿,18.97亿
227,603721,*ST天择,SH,25.94,3.35,7.35,9.98,5.32,85.63,0.840,26.18,25.12,3.37,1.07,438.59万,1.13亿,-111.81,6.8766,33.72亿,33.72亿
228,301328,维峰电子,SZ,70.05,7.64,26.03,7.46,12.69,85.62,4.970,77.80,64.58,3.92,2.34,431.17万,3.01亿,103.61,3.8616,76.98亿,76.98亿
229,301326,捷邦科技,SZ,192.30,3.14,11.77,9.34,4.53,85.58,5.850,196.68,184.88,3.25,1.03,234.27万,4.50亿,-234.11,11.3221,139.82亿,138.57亿
230,603803,瑞斯康达,SH,16.57,1.84,18.81,43.47,15.87,85.57,0.300,16.70,15.94,19.16,1.84,8142.67万,13.37亿,257.24,4.5818,70.40亿,70.40亿
231,600605,汇通能源,SH,34.23,2.12,11.93,10.99,8.32,85.56,0.710,35.10,33.01,3.84,1.17,791.62万,2.72亿,203.23,4.9730,70.61亿,70.61亿
232,300460,ST惠伦,SZ,10.11,2.43,8.95,8.88,7.67,85.56,0.240,10.15,9.88,3.43,1.47,963.34万,9649.41万,-84.91,6.1778,28.39亿,28.39亿
233,002290,禾盛新材,SZ,90.40,-3.27,7.55,17.74,11.22,85.54,-3.060,92.30,89.02,5.14,0.75,1271.78万,11.51亿,130.09,22.1826,224.29亿,223.47亿
234,300895,铜牛信息,SZ,71.17,0.68,16.31,37.40,16.67,85.53,0.480,71.68,69.21,8.74,0.77,1207.31万,8.56亿,-166.85,13.3994,100.21亿,98.34亿
235,300467,迅游科技,SZ,41.98,0.50,14.45,18.38,12.58,85.52,0.210,42.89,41.02,5.00,0.66,851.85万,3.56亿,351.01,13.1304,85.31亿,71.46亿
236,002463,沪电股份,SZ,108.71,1.24,8.80,9.90,6.48,85.51,1.330,111.36,105.18,2.90,0.97,5583.76万,60.79亿,42.11,13.2172,2091.98亿,2090.29亿
237,301479,弘景光电,SZ,131.48,4.43,18.98,22.79,16.05,85.50,5.580,138.00,125.02,8.53,1.37,434.32万,5.73亿,114.63,8.9428,116.97亿,66.96亿
238,002335,科华数据,SZ,68.23,-1.34,13.43,29.77,12.05,85.46,-0.930,69.35,67.51,10.58,1.55,4811.87万,32.90亿,112.70,5.4198,351.67亿,310.22亿
239,600228,*ST返利,SH,6.65,5.06,9.40,6.18,7.78,85.46,0.320,6.65,6.37,1.99,1.21,829.26万,5446.60万,-49.40,7.2557,27.71亿,27.67亿
240,688099,晶晨股份,SH,112.70,1.62,7.41,17.26,6.52,85.43,1.800,113.23,109.00,4.88,0.78,2053.62万,22.78亿,68.51,6.3005,474.65亿,474.65亿
241,300863,卡倍亿,SZ,63.95,5.67,13.18,12.88,11.82,85.43,3.430,65.44,59.46,6.96,3.17,1259.47万,7.92亿,29.90,8.0834,120.34亿,115.67亿
242,688503,聚和材料,SH,110.96,-1.85,12.18,19.19,7.76,85.42,-2.090,112.35,108.02,5.60,0.74,1125.04万,12.44亿,23.19,5.0631,268.56亿,222.94亿
243,688558,国盛智科,SH,42.72,2.08,20.28,15.05,20.00,85.38,0.870,45.10,40.68,4.82,1.37,635.70万,2.76亿,34.34,3.2100,56.39亿,56.39亿
244,600790,轻纺城,SH,4.94,5.33,20.00,17.02,17.62,85.37,0.250,5.02,4.65,6.01,1.54,8802.36万,4.29亿,5.18,1.2173,72.41亿,72.41亿
245,301252,同星科技,SZ,44.04,0.20,23.64,48.38,19.51,85.36,0.090,45.50,43.15,14.73,1.38,695.34万,3.09亿,84.46,5.5045,74.53亿,20.78亿
246,301005,超捷股份,SZ,196.83,5.21,18.44,27.99,12.73,85.34,9.740,205.00,185.10,9.96,1.45,1317.92万,25.68亿,464.31,33.8049,264.27亿,260.55亿
247,688502,茂莱光学,SH,539.85,-1.98,24.97,21.43,13.77,85.33,-10.910,555.00,518.50,4.51,0.78,237.96万,12.79亿,-641.53,23.8951,285.04亿,285.04亿
248,300099,尤洛卡,SZ,9.75,1.99,6.58,15.22,6.91,85.32,0.190,9.79,9.50,4.33,0.94,2514.40万,2.43亿,126.87,3.1296,71.88亿,56.68亿
249,600400,红豆股份,SH,2.83,0.71,12.32,18.38,2.54,85.32,0.020,2.92,2.75,4.75,0.69,1.09亿,3.09亿,289.46,4.6750,64.85亿,64.85亿
250,301517,陕西华达,SZ,73.88,4.65,9.25,26.91,5.24,85.30,3.280,75.69,69.68,13.27,2.00,1294.65万,9.47亿,-174.66,8.7824,111.73亿,72.08亿
251,688766,普冉股份,SH,317.50,-0.47,13.52,15.72,17.12,85.30,-1.500,325.66,312.30,3.80,0.62,562.11万,17.86亿,46.80,17.4447,470.06亿,470.06亿
252,002183,怡 亚 通,SZ,6.83,5.08,23.97,27.52,22.18,85.28,0.330,6.99,6.52,16.96,4.09,4.40亿,29.63亿,263.73,1.9572,177.38亿,177.37亿
253,688347,华虹公司,SH,158.96,-4.19,17.72,25.60,12.74,85.28,-6.960,162.00,153.87,7.70,0.98,3141.20万,49.60亿,733.41,6.1163,2762.11亿,648.16亿
254,605069,正和生态,SH,15.88,3.12,14.16,15.50,11.91,85.27,0.480,16.01,14.90,5.78,0.97,1222.59万,1.90亿,-65.14,4.8916,33.62亿,33.62亿
255,688403,汇成股份,SH,18.21,-2.31,9.47,21.42,7.05,85.27,-0.430,18.63,18.02,5.22,0.80,5168.76万,9.44亿,-352.19,4.0398,180.45亿,180.45亿
256,688156,路德科技,SH,26.40,-1.23,8.05,13.48,3.61,85.26,-0.330,26.70,26.16,2.82,0.54,284.40万,7494.90万,60.18,3.4369,26.59亿,26.59亿
257,301071,力量钻石,SZ,55.69,-0.36,8.29,22.71,3.11,85.26,-0.200,57.28,54.34,5.75,0.81,1109.86万,6.23亿,100.73,2.6955,144.95亿,107.41亿
258,002606,大连电瓷,SZ,15.46,-0.45,9.87,37.70,6.69,85.25,-0.070,15.69,15.12,10.57,0.65,4452.90万,6.83亿,28.52,3.4465,67.88亿,65.11亿
259,300840,酷特智能,SZ,24.51,12.12,25.02,42.91,15.07,85.25,2.650,26.23,22.80,30.74,4.38,5443.75万,13.56亿,118.53,4.5793,58.82亿,43.40亿
260,688517,金冠电气,SH,23.88,3.33,11.76,10.50,10.10,85.25,0.770,23.95,22.88,3.81,1.10,521.18万,1.23亿,57.09,4.0335,32.62亿,32.62亿
261,000889,中嘉博创,SZ,5.41,1.12,31.45,51.38,22.40,85.25,0.060,5.89,5.34,32.48,1.71,2.82亿,15.68亿,-287.96,72.9331,50.65亿,47.06亿
262,300054,鼎龙股份,SZ,64.19,-6.70,10.63,20.96,2.93,85.25,-4.610,67.00,63.80,7.24,1.14,5344.39万,34.75亿,60.63,11.1422,608.57亿,473.82亿
263,688368,晶丰明源,SH,163.25,-1.64,10.37,11.96,5.80,85.25,-2.720,167.48,160.24,3.08,0.76,272.64万,4.45亿,143.06,4.7279,210.35亿,144.48亿
264,603095,越剑智能,SH,25.86,-2.78,16.08,35.51,1.93,85.23,-0.740,27.20,24.42,11.30,1.48,2917.39万,7.54亿,117.44,2.8574,66.79亿,66.79亿
265,300939,秋田微,SZ,42.69,4.63,9.65,14.77,10.48,85.22,1.890,42.90,40.28,6.61,1.94,793.70万,3.32亿,88.50,3.5399,51.23亿,51.23亿
266,301148,嘉戎技术,SZ,77.29,-3.60,21.48,18.75,12.00,85.22,-2.890,79.85,76.50,5.07,0.95,298.39万,2.32亿,1172.19,5.2472,90.04亿,45.50亿
267,002364,中恒电气,SZ,45.15,-2.48,14.81,35.73,10.69,85.19,-1.150,46.13,44.56,8.19,0.76,4573.05万,20.70亿,255.11,10.1746,254.45亿,251.98亿
268,301502,华阳智能,SZ,58.30,-2.28,21.12,48.60,17.59,85.17,-1.360,59.90,57.07,12.42,1.00,292.88万,1.70亿,90.40,3.9746,33.28亿,13.75亿
269,002742,三圣股份,SZ,5.04,0.40,14.56,14.66,7.92,85.17,0.020,5.26,4.97,4.63,1.91,2427.48万,1.23亿,-106.77,21.5079,34.48亿,26.41亿
270,002921,联诚精密,SZ,32.10,2.88,13.28,23.14,7.94,85.14,0.900,33.20,31.00,8.90,1.33,1143.31万,3.66亿,-1259.59,3.6464,47.82亿,41.23亿
271,301002,崧盛股份,SZ,52.73,3.39,16.79,29.87,10.11,85.13,1.730,54.54,50.20,10.85,1.22,904.38万,4.77亿,115.04,6.4879,70.37亿,43.96亿
272,688678,福立旺,SH,26.11,2.96,13.53,20.57,10.03,85.13,0.750,26.90,25.05,7.87,1.24,3172.11万,8.36亿,57.80,4.5582,105.25亿,105.25亿
273,301268,铭利达,SZ,23.92,1.31,4.48,4.58,3.95,85.10,0.310,24.11,23.37,1.45,0.85,499.34万,1.19亿,434.84,6.4141,95.77亿,82.45亿
274,301178,天亿马,SZ,60.29,1.06,11.57,21.10,10.52,85.09,0.630,60.70,59.01,5.17,0.82,255.67万,1.53亿,1108.35,5.1629,40.31亿,29.83亿
275,001268,联合精密,SZ,39.61,0.76,8.85,23.49,3.12,85.07,0.300,39.92,38.50,5.72,0.90,385.99万,1.51亿,-609.84,4.1983,42.75亿,26.71亿
276,301232,飞沃科技,SZ,233.69,2.05,12.40,44.85,7.34,85.06,4.690,242.00,224.30,15.17,1.12,677.61万,15.88亿,973.66,12.4110,175.65亿,104.38亿
277,300254,仟源医药,SZ,13.97,-1.96,9.63,34.54,3.48,85.05,-0.280,14.38,13.77,7.28,0.60,1645.62万,2.30亿,267.57,8.1252,35.77亿,31.56亿
278,002135,东南网架,SZ,9.35,0.00,10.34,23.19,9.87,85.01,0.000,9.48,9.05,4.47,0.68,4663.51万,4.30亿,170.94,1.6819,104.30亿,97.60亿
279,301018,申菱环境,SZ,135.70,-0.72,18.24,20.55,16.17,85.01,-0.980,137.20,133.30,5.32,0.79,1052.40万,14.24亿,318.87,13.0824,361.03亿,268.36亿
280,300780,德恩精工,SZ,29.12,4.52,16.35,43.67,16.11,85.01,1.260,29.25,27.28,14.70,1.02,1580.21万,4.45亿,-99.77,4.2646,42.71亿,31.31亿
281,600736,苏州高新,SH,9.86,2.18,30.92,56.96,20.98,85.00,0.210,10.61,9.19,20.59,1.08,2.37亿,23.40亿,13.19,1.5228,113.52亿,113.52亿
282,000815,美利云,SZ,22.96,3.75,15.46,67.97,20.72,84.98,0.830,23.45,21.60,24.25,1.49,1.69亿,38.01亿,179.78,11.3462,159.63亿,159.63亿
283,688229,博睿数据,SH,105.20,7.07,32.64,31.59,22.21,84.98,6.950,117.00,102.52,17.22,3.26,764.58万,8.24亿,-100.33,12.7760,46.71亿,46.71亿
284,002843,泰嘉股份,SZ,27.56,-1.18,5.98,31.00,3.69,84.96,-0.330,28.05,27.15,7.36,0.70,1842.01万,5.09亿,70.90,5.1599,69.38亿,68.95亿
285,301458,钧崴电子,SZ,42.87,0.87,10.00,27.04,7.20,84.96,0.370,43.69,42.04,7.81,1.00,917.36万,3.95亿,77.34,6.7215,114.32亿,50.36亿
286,002805,丰元股份,SZ,24.65,0.53,16.28,72.63,7.88,84.96,0.130,26.15,24.21,19.96,1.33,5563.95万,13.91亿,22.43,7.3824,69.04亿,68.73亿
287,688401,路维光电,SH,67.15,-3.99,9.48,15.15,2.86,84.95,-2.790,69.93,66.23,4.50,0.93,870.61万,5.88亿,47.58,7.7583,129.83亿,129.83亿
288,300913,兆龙互连,SZ,58.57,0.90,11.62,13.31,11.37,84.94,0.520,59.18,56.50,4.38,1.41,1120.49万,6.52亿,103.38,7.5794,200.77亿,149.81亿
289,002266,浙富控股,SZ,5.65,0.36,10.98,14.44,7.01,84.93,0.020,5.87,5.60,5.06,1.08,2.45亿,13.99亿,12.24,2.3316,294.89亿,273.61亿
290,300214,日科化学,SZ,8.91,-1.87,12.39,28.94,8.26,84.93,-0.170,9.33,8.90,7.15,0.97,3323.54万,3.02亿,498.43,1.7299,41.42亿,41.42亿
291,300671,富满微,SZ,53.80,11.76,18.40,30.97,15.62,84.88,5.660,55.34,47.23,14.41,2.04,3180.91万,16.30亿,145.10,7.5062,119.11亿,118.76亿
292,688525,佰维存储,SH,290.45,-3.13,13.90,29.41,9.57,84.86,-9.400,294.37,287.08,6.32,0.77,2976.96万,86.47亿,11.79,16.0659,1367.55亿,1367.55亿
293,300747,锐科激光,SZ,37.67,0.67,6.42,15.86,4.64,84.85,0.250,38.06,36.50,4.68,0.90,2443.56万,9.15亿,126.42,6.1465,211.55亿,196.63亿
294,688480,赛恩斯,SH,109.03,3.43,13.27,11.28,11.47,84.85,3.620,111.01,102.60,4.08,1.16,388.78万,4.17亿,80.87,8.6151,103.93亿,103.93亿
295,002628,成都路桥,SZ,5.84,2.10,8.17,13.46,5.99,84.85,0.120,5.84,5.66,4.24,1.04,3194.70万,1.84亿,82.04,1.5667,44.21亿,44.02亿
296,000601,韶能股份,SZ,7.26,0.97,12.48,29.90,10.50,84.82,0.070,7.48,7.15,11.08,1.30,1.16亿,8.48亿,182.98,1.8694,77.27亿,76.20亿
297,300854,中兰环保,SZ,36.10,6.30,15.42,21.61,6.65,84.81,2.140,37.77,33.72,9.28,1.13,754.51万,2.71亿,37.69,3.9482,36.12亿,29.36亿
298,001300,三柏硕,SZ,18.86,0.37,7.76,6.53,4.49,84.80,0.070,18.88,18.36,1.47,0.72,358.67万,6670.92万,-178.66,4.7766,45.98亿,45.98亿
299,300790,宇瞳光学,SZ,33.46,7.62,17.14,28.15,15.38,84.77,2.370,33.46,29.93,13.40,2.41,4349.51万,13.83亿,55.16,4.6097,125.18亿,108.62亿
300,000551,创元科技,SZ,16.99,2.23,5.04,21.43,4.36,84.77,0.370,17.09,16.38,6.24,0.91,3021.60万,5.11亿,16.58,2.7046,82.36亿,82.32亿
301,301086,鸿富瀚,SZ,210.59,0.39,10.97,12.75,6.87,84.77,0.810,214.30,206.00,2.70,0.60,126.54万,2.65亿,122.03,9.5210,189.53亿,98.81亿
302,300027,ST华谊,SZ,2.01,5.24,11.54,18.02,10.44,84.76,0.100,2.07,1.91,6.00,0.81,1.49亿,2.97亿,-48.53,-486.5944,55.77亿,49.95亿
303,002796,世嘉科技,SZ,58.80,1.08,12.28,28.94,6.77,84.75,0.630,59.66,56.00,9.63,1.28,2192.84万,12.81亿,-157.92,17.6142,148.39亿,133.89亿
304,001314,亿道信息,SZ,57.84,4.12,16.64,16.89,14.04,84.70,2.290,59.20,54.64,5.94,1.13,738.82万,4.26亿,48.06,3.9074,82.50亿,71.95亿
305,603031,安孚科技,SH,48.98,5.04,20.31,22.51,18.02,84.65,2.350,49.36,45.00,8.99,1.52,2827.57万,13.47亿,34.25,6.5002,183.11亿,153.99亿
306,301566,达利凯普,SZ,25.77,0.74,6.50,26.04,6.66,84.65,0.190,26.03,25.27,8.43,1.04,1779.54万,4.58亿,47.77,6.7688,103.08亿,54.40亿
307,300843,胜蓝股份,SZ,83.90,-3.40,8.96,14.92,1.89,84.63,-2.950,87.50,83.60,4.45,0.71,714.73万,6.08亿,95.22,8.4309,137.35亿,134.66亿
308,603608,天创时尚,SH,13.68,7.13,11.62,16.13,3.87,84.61,0.910,14.05,12.64,6.84,1.76,2869.38万,3.84亿,110.39,5.2456,57.42亿,57.42亿
309,600118,中国卫星,SH,114.18,6.41,16.34,18.93,11.07,84.58,6.880,118.00,105.55,7.52,1.45,8888.02万,98.19亿,-790.68,21.3467,1350.17亿,1350.17亿
310,603017,中衡设计,SH,16.69,3.15,17.34,46.50,8.38,84.54,0.510,17.80,15.70,19.17,1.51,5293.52万,8.86亿,55.00,3.0876,46.10亿,46.10亿
311,603306,华懋科技,SH,107.52,-1.08,14.76,18.82,5.98,84.50,-1.170,109.97,106.10,5.65,0.94,1860.00万,20.07亿,757.23,11.0224,354.27亿,354.27亿
312,000546,金圆股份,SZ,7.83,4.12,11.27,49.57,1.42,84.49,0.310,8.27,7.59,22.79,1.59,1.59亿,12.55亿,-26.19,1.5858,60.89亿,54.55亿
313,301188,力诺药包,SZ,27.50,4.64,12.22,23.27,2.42,84.47,1.220,29.00,25.72,9.39,1.13,2507.55万,6.94亿,44.77,3.7530,73.43亿,73.43亿
314,000539,粤电力Ａ,SZ,7.09,-2.48,11.94,21.77,8.58,84.47,-0.180,7.44,7.02,6.83,0.87,1.75亿,12.53亿,-61.37,1.5968,372.25亿,181.18亿
315,300518,新迅达,SZ,29.71,7.33,22.74,28.97,19.17,84.46,2.030,30.67,26.70,13.54,1.56,2699.33万,7.67亿,-108.08,8.9617,59.25亿,59.23亿
316,600343,航天动力,SH,38.48,10.01,11.82,21.83,11.47,84.46,3.500,38.48,34.58,10.75,2.06,6859.33万,25.41亿,-276.14,19.2820,245.58亿,245.58亿
317,603118,共进股份,SH,15.73,2.61,9.63,37.28,7.45,84.44,0.400,15.87,14.88,13.72,1.30,1.08亿,16.77亿,126.62,2.4407,123.84亿,123.84亿
318,000938,紫光股份,SZ,33.17,0.73,7.00,24.19,3.69,84.44,0.240,33.59,31.67,7.44,0.98,2.13亿,69.74亿,30.10,6.1098,948.69亿,948.69亿
319,600203,福日电子,SH,13.26,2.00,9.25,21.13,8.60,84.41,0.260,13.43,12.95,6.10,1.18,3616.59万,4.80亿,42.35,4.7654,78.63亿,78.63亿
320,603186,华正新材,SH,86.11,-0.68,9.96,28.35,8.75,84.39,-0.590,87.99,83.60,7.42,0.63,1162.63万,9.98亿,109.07,5.8160,134.90亿,134.90亿
321,300504,天邑股份,SZ,18.26,1.73,6.20,14.49,5.79,84.38,0.310,18.33,17.70,4.62,0.87,1008.43万,1.83亿,54.05,2.3613,49.49亿,39.85亿
322,605369,拱东医疗,SH,22.50,5.49,14.62,8.93,14.21,84.37,1.170,22.68,21.12,3.19,1.55,704.07万,1.56亿,38.77,2.8883,49.61亿,49.61亿
323,603124,江南新材,SH,134.90,3.25,10.95,12.77,6.14,84.36,4.250,138.12,130.65,5.05,1.06,391.90万,5.31亿,62.89,10.1964,196.61亿,104.69亿
324,603091,众鑫股份,SH,86.33,3.99,7.03,6.75,6.50,84.35,3.310,86.88,82.57,2.56,1.23,80.35万,6863.14万,23.52,3.8659,88.26亿,27.14亿
325,600151,航天机电,SH,15.39,1.79,6.89,14.55,6.06,84.35,0.270,15.50,14.96,4.96,1.20,7119.99万,10.86亿,-330.77,5.0103,220.73亿,220.73亿
326,605167,利柏特,SH,19.35,2.71,12.64,4.34,10.63,84.35,0.510,19.64,18.42,1.75,1.74,787.60万,1.52亿,64.85,4.2193,86.90亿,86.90亿
327,688682,霍莱沃,SH,50.92,2.91,6.83,6.09,6.42,84.35,1.440,51.28,48.10,2.19,1.29,222.83万,1.12亿,199.84,8.3917,51.86亿,51.86亿
328,601588,北辰实业,SH,2.06,2.49,9.50,10.85,3.00,84.35,0.050,2.12,2.02,2.97,0.85,7897.55万,1.63亿,-11.49,1.0587,69.36亿,54.80亿
329,300455,航天智装,SZ,28.89,2.85,10.00,8.73,9.89,84.34,0.800,29.00,27.63,3.35,1.75,2374.40万,6.77亿,1708.01,12.4223,207.36亿,204.72亿
330,603093,南华期货,SH,21.74,2.21,6.49,4.34,3.77,84.34,0.470,21.98,21.05,1.69,1.45,1030.63万,2.24亿,19.05,2.7103,156.03亿,132.63亿
331,605058,澳弘电子,SH,38.55,3.10,12.53,9.91,11.80,84.33,1.160,38.73,36.96,3.28,1.11,469.43万,1.79亿,41.62,3.0319,55.10亿,55.10亿
332,301387,光大同创,SZ,83.68,13.96,26.60,41.46,22.45,84.33,10.250,85.00,72.50,22.51,2.21,960.70万,7.66亿,-1415.57,5.4735,89.33亿,35.72亿
333,688115,思林杰,SH,57.75,-1.69,6.86,10.06,3.14,84.33,-0.990,59.47,56.08,3.47,1.08,231.17万,1.34亿,182.64,3.0194,38.50亿,38.50亿
334,301133,金钟股份,SZ,49.19,2.97,10.75,8.38,6.01,84.32,1.420,50.79,47.19,3.31,1.15,356.04万,1.75亿,216.21,4.3494,58.03亿,52.95亿
335,300916,朗特智能,SZ,38.38,0.16,5.22,15.39,2.70,84.30,0.060,38.76,37.59,4.65,0.87,434.55万,1.66亿,1159.02,4.0576,55.51亿,35.85亿
336,688577,浙海德曼,SH,79.96,-0.35,9.97,7.84,7.10,84.26,-0.280,81.50,78.33,2.54,1.23,282.49万,2.27亿,134.29,8.5937,88.98亿,88.98亿
337,000553,安道麦A,SZ,7.11,-3.00,8.80,6.41,4.25,84.25,-0.220,7.50,7.06,1.63,1.33,3555.29万,2.55亿,7.28,0.9246,165.65亿,154.79亿
338,000582,北部湾港,SZ,13.67,9.98,20.16,12.18,18.25,84.25,1.240,13.67,12.35,4.93,1.86,1.01亿,13.70亿,35.93,1.6855,329.58亿,280.33亿
339,688448,磁谷科技,SH,72.99,4.93,15.79,10.26,14.93,84.24,3.430,73.50,68.50,3.27,1.38,234.05万,1.68亿,-271.04,5.1794,52.30亿,52.30亿
340,688170,德龙激光,SH,64.07,-0.36,11.45,23.47,5.97,84.22,-0.230,65.50,62.26,5.97,0.72,616.93万,3.93亿,-64.84,5.3751,66.22亿,66.22亿
341,300051,琏升科技,SZ,16.42,-2.15,7.66,16.41,-0.18,84.22,-0.360,17.10,16.39,5.54,0.97,2037.13万,3.40亿,-73.46,63.9307,61.09亿,60.33亿
342,300731,科创新源,SZ,77.15,2.14,10.91,18.14,9.34,84.21,1.620,77.70,74.00,5.20,0.71,624.52万,4.77亿,-814.66,15.8000,97.70亿,92.72亿
343,002975,博杰股份,SZ,124.45,0.04,12.38,30.92,12.75,84.21,0.050,127.64,119.10,10.31,0.98,1091.85万,13.53亿,75.68,8.4769,199.50亿,131.74亿
344,301203,国泰环保,SZ,48.68,0.02,9.53,10.42,6.85,84.20,0.010,49.09,47.60,2.60,0.67,114.04万,5506.37万,52.35,2.7905,38.94亿,21.34亿
345,603559,ST通脉,SH,8.33,-0.36,10.47,7.28,9.03,84.20,-0.030,8.55,8.23,2.19,1.03,879.06万,7338.02万,124.00,4.2699,33.43亿,33.43亿
346,688017,绿的谐波,SH,262.99,14.11,21.86,16.90,17.34,84.18,32.510,270.99,228.58,8.99,2.33,1648.01万,41.89亿,369.35,13.5098,482.14亿,482.14亿
347,300684,中石科技,SZ,60.76,0.91,11.79,20.55,11.73,84.14,0.550,61.60,58.39,6.21,0.94,1268.73万,7.61亿,70.23,8.1577,181.98亿,124.13亿
348,002536,飞龙股份,SZ,43.34,10.00,20.96,25.94,20.79,84.14,3.940,43.34,38.14,9.07,1.46,4939.52万,20.71亿,107.68,7.0932,249.11亿,235.94亿
349,300445,康斯特,SZ,23.96,0.67,12.20,18.17,9.51,84.13,0.160,24.77,23.37,5.29,1.25,743.25万,1.77亿,37.68,3.8750,50.90亿,33.68亿
350,300572,安车检测,SZ,34.59,6.73,15.63,22.54,13.11,84.12,2.180,34.98,32.30,11.89,2.66,2155.64万,7.28亿,-382.44,4.9223,79.21亿,62.70亿
351,002475,立讯精密,SZ,71.29,2.55,8.64,8.84,6.40,84.08,1.770,72.08,67.11,2.96,1.07,2.15亿,151.67亿,35.48,5.8797,5194.18亿,5182.26亿
352,301316,慧博云通,SZ,57.81,-0.93,15.37,24.00,13.46,84.08,-0.540,59.33,57.05,4.80,0.78,1878.10万,10.91亿,761.86,21.0692,233.55亿,226.18亿
353,300835,龙磁科技,SZ,114.47,0.09,18.85,21.80,15.36,84.07,0.100,116.70,111.56,6.75,1.02,560.91万,6.38亿,123.70,10.9292,136.50亿,95.18亿
354,603815,交建股份,SH,7.62,-1.30,7.83,15.43,4.67,84.07,-0.100,7.65,7.50,4.03,0.77,2496.91万,1.89亿,20.56,2.9952,47.16亿,47.16亿
355,603061,金海通,SH,259.09,-2.70,7.89,10.71,1.66,84.07,-7.200,266.00,254.50,3.01,0.77,261.80万,6.78亿,68.30,13.3767,225.41亿,225.41亿
356,605287,德才股份,SH,63.20,2.93,19.09,19.61,14.24,84.07,1.800,66.17,62.00,7.10,0.83,994.46万,6.36亿,65.44,5.5954,88.48亿,88.48亿
357,688690,纳微科技,SH,34.34,0.50,7.73,7.98,5.27,84.05,0.170,34.72,33.72,2.49,0.85,1004.33万,3.44亿,50.88,6.7827,138.67亿,138.67亿
358,688619,罗普特,SH,16.90,1.20,7.18,7.48,5.49,84.05,0.200,17.18,16.55,2.28,1.03,423.37万,7155.44万,-78.34,4.7656,31.34亿,31.34亿
359,002134,天津普林,SZ,29.50,5.55,19.63,23.07,16.51,84.02,1.550,30.18,27.33,8.16,1.14,2011.38万,5.89亿,156.93,14.1967,72.76亿,72.71亿
360,002887,绿茵生态,SZ,13.58,3.11,8.87,11.36,2.11,84.01,0.410,13.68,12.92,3.12,0.82,678.20万,9080.24万,25.80,1.7447,41.55亿,29.50亿
361,002199,*ST东晶,SZ,12.02,4.98,16.00,13.47,13.83,84.01,0.570,12.02,11.44,3.46,0.82,798.76万,9459.53万,-407.31,16.1567,29.26亿,27.76亿
362,688733,壹石通,SH,32.30,-1.67,10.07,12.47,8.03,84.00,-0.550,33.17,32.20,3.24,0.94,646.77万,2.11亿,3847.31,3.0836,64.53亿,64.53亿
363,300976,达瑞电子,SZ,68.25,1.80,7.63,11.38,6.76,84.00,1.210,68.88,66.24,3.54,1.16,306.06万,2.07亿,31.79,2.4962,91.53亿,58.98亿
364,605055,迎丰股份,SH,13.64,10.00,21.50,10.25,21.68,83.98,1.240,13.64,12.12,4.57,2.44,2011.67万,2.64亿,-82.04,6.1098,60.02亿,60.02亿
365,688172,燕东微,SH,47.23,-3.34,14.54,8.17,11.16,83.97,-1.630,49.40,46.83,1.93,0.61,1500.50万,7.15亿,-65.07,3.7113,674.26亿,367.53亿
366,002328,新朋股份,SZ,11.08,0.00,8.21,47.83,7.05,83.96,0.000,11.24,10.81,18.08,1.40,1.03亿,11.41亿,20.36,2.5032,85.51亿,63.24亿
367,301237,和顺科技,SZ,73.04,3.53,12.95,11.27,7.95,83.96,2.490,75.56,70.10,4.26,1.01,248.34万,1.82亿,1243.87,5.0794,58.43亿,42.55亿
368,301362,民爆光电,SZ,163.53,-0.83,11.93,35.41,4.16,83.96,-1.370,167.77,159.01,8.37,0.61,248.25万,4.06亿,193.36,6.7103,171.17亿,48.52亿
369,688610,埃科光电,SH,133.10,-2.01,13.30,14.32,6.74,83.95,-2.730,135.67,129.00,3.80,0.84,155.64万,2.05亿,97.51,5.8300,90.51亿,54.48亿
370,000977,浪潮信息,SZ,76.48,4.42,12.17,19.77,9.65,83.92,3.240,79.49,71.10,8.53,1.58,1.25亿,95.51亿,46.42,5.0357,1123.09亿,1121.83亿
371,605099,共创草坪,SH,50.31,-1.14,10.95,7.38,3.90,83.91,-0.580,52.50,49.16,1.79,0.91,718.73万,3.63亿,25.22,6.0704,202.52亿,201.97亿
372,688456,有研粉材,SH,77.95,8.17,19.13,19.21,18.00,83.90,5.890,79.00,70.99,7.50,1.39,777.31万,5.91亿,66.69,6.2769,80.80亿,80.80亿
373,688668,鼎通科技,SH,224.00,0.00,8.45,12.71,1.82,83.90,0.000,228.58,218.10,4.00,1.08,556.60万,12.43亿,97.09,15.1642,311.97亿,311.97亿
374,000782,恒申新材,SZ,8.23,10.03,13.14,17.91,11.52,83.89,0.750,8.23,7.50,3.72,0.47,1964.45万,1.59亿,-263.04,3.4947,56.51亿,43.47亿
375,301027,华蓝集团,SZ,25.58,4.49,7.21,16.65,3.60,83.87,1.100,25.66,24.23,6.84,1.27,829.54万,2.09亿,-114.75,4.1818,37.60亿,31.00亿
376,688290,景业智能,SH,64.25,4.18,8.93,5.34,7.07,83.83,2.580,64.88,60.73,2.23,1.22,227.82万,1.45亿,-211.88,4.8991,65.66亿,65.66亿
377,688395,正弦电气,SH,30.43,0.36,6.48,8.18,4.28,83.82,0.110,30.55,30.01,2.14,0.75,185.52万,5624.07万,54.96,3.3188,26.35亿,26.35亿
378,601016,节能风电,SH,4.90,-1.80,20.19,37.88,15.02,83.81,-0.090,5.10,4.84,12.02,1.06,7.26亿,35.86亿,39.30,1.8007,320.68亿,295.87亿
379,002695,煌上煌,SZ,13.06,0.08,4.72,7.02,4.56,83.80,0.010,13.20,12.93,1.38,0.56,706.92万,9225.41万,40.06,2.5996,73.08亿,66.80亿
380,301371,敷尔佳,SZ,31.81,4.88,14.05,25.21,9.54,83.80,1.480,31.98,30.14,8.09,0.99,629.52万,1.99亿,24.11,2.8202,165.45亿,24.74亿
381,688130,晶华微,SH,27.50,1.29,4.91,20.41,1.48,83.78,0.350,27.84,26.80,4.90,0.68,295.20万,8093.99万,-188.44,2.6880,33.25亿,16.58亿
382,000692,惠天热电,SZ,5.14,-0.19,9.40,18.28,2.80,83.74,-0.010,5.22,5.08,4.36,0.65,2325.13万,1.19亿,13.89,14.7680,27.39亿,27.39亿
383,002998,优彩资源,SZ,10.19,2.72,10.71,20.33,7.04,83.74,0.270,10.45,9.95,6.12,1.29,1654.60万,1.69亿,28.23,2.0574,36.16亿,27.56亿
384,603116,红蜻蜓,SH,7.59,3.83,19.48,14.66,16.41,83.72,0.280,7.71,7.17,4.42,1.17,2546.96万,1.92亿,118.47,1.7294,43.73亿,43.73亿
385,688159,有方科技,SH,51.20,0.29,9.90,20.97,6.69,83.72,0.150,52.35,50.37,5.39,0.88,499.95万,2.56亿,42.77,5.0810,47.57亿,47.48亿
386,002902,铭普光磁,SZ,36.18,10.00,18.36,56.76,19.05,83.70,3.290,36.18,32.48,11.91,0.50,2115.54万,7.33亿,-92.99,14.0114,85.03亿,64.27亿
387,300861,美畅股份,SZ,20.27,1.40,4.45,19.55,2.43,83.70,0.280,20.68,19.80,5.24,0.68,2212.64万,4.49亿,17.52,2.0606,136.18亿,85.51亿
388,601208,东材科技,SH,46.10,2.08,21.92,28.89,17.78,83.69,0.940,47.73,45.01,11.55,1.25,1.17亿,54.21亿,62.31,7.6496,465.69亿,465.69亿
389,300955,嘉亨家化,SZ,43.63,6.44,23.24,17.21,19.27,83.68,2.640,45.00,40.11,7.31,2.03,737.11万,3.22亿,-262.78,5.0798,43.98亿,43.98亿
390,300285,国瓷材料,SZ,38.29,-1.01,8.27,17.56,7.02,83.68,-0.390,39.00,37.63,4.79,0.73,4014.03万,15.39亿,67.09,5.2952,381.77亿,320.58亿
391,300042,朗科科技,SZ,63.85,-3.70,28.75,80.49,22.15,83.67,-2.450,66.16,63.50,21.66,0.95,4340.46万,27.95亿,39.06,11.2713,127.96亿,127.94亿
392,600962,国投中鲁,SH,23.32,2.91,8.51,6.83,7.22,83.67,0.660,23.60,22.45,2.36,1.11,619.85万,1.44亿,358.92,6.4570,61.15亿,61.15亿
393,603336,宏辉果蔬,SH,12.13,2.28,9.87,15.01,3.23,83.65,0.270,12.32,11.86,3.78,0.57,2299.66万,2.79亿,613.50,5.1386,73.84亿,73.84亿
394,300385,ST雪浪,SZ,16.50,3.90,6.85,16.58,1.79,83.65,0.620,16.68,15.80,5.47,0.98,1590.70万,2.58亿,-37.14,-962.5947,54.97亿,47.96亿
395,300151,昌红科技,SZ,18.96,1.07,9.38,14.04,7.12,83.65,0.200,19.65,18.51,4.57,1.16,1683.73万,3.23亿,148.88,6.5692,100.96亿,69.90亿
396,688168,安博通,SH,90.45,4.09,8.01,7.97,4.19,83.63,3.550,92.46,85.51,3.61,1.77,278.69万,2.49亿,144.26,6.9782,69.81亿,69.81亿
397,688646,ST逸飞,SH,61.48,-1.58,6.91,7.21,3.68,83.62,-0.990,63.88,60.00,2.64,1.32,152.89万,9479.99万,-60.35,4.0933,57.89亿,35.65亿
398,002132,恒星科技,SZ,5.72,10.00,18.01,29.07,18.43,83.62,0.520,5.72,5.04,13.65,1.87,1.91亿,10.57亿,35.38,2.2680,80.17亿,80.03亿
399,002126,银轮股份,SZ,49.76,0.53,6.54,8.55,8.13,83.62,0.260,50.49,47.93,2.62,0.94,2079.30万,10.36亿,49.21,5.6328,421.37亿,395.20亿
400,300179,四方达,SZ,29.44,-0.24,13.49,46.90,1.31,83.60,-0.070,30.18,28.14,10.63,0.79,3975.05万,11.74亿,83.28,11.2497,143.00亿,110.10亿
401,600552,凯盛科技,SH,16.53,-0.30,8.88,20.02,6.37,83.60,-0.050,16.66,16.13,5.57,0.85,5263.51万,8.64亿,139.82,3.6175,156.14亿,156.14亿
402,000007,全新好,SZ,17.21,1.12,16.70,14.83,10.96,83.59,0.190,17.79,16.65,5.61,1.51,1943.33万,3.39亿,-686.69,33.2921,59.62亿,59.62亿
403,600855,航天长峰,SH,20.55,10.01,11.76,14.55,10.37,83.59,1.870,20.55,18.61,7.16,2.17,3348.99万,6.70亿,-64.59,6.8864,96.29亿,96.10亿
404,001270,*ST铖昌,SZ,156.77,2.54,12.33,10.95,11.70,83.57,3.890,160.42,152.88,3.55,1.07,723.35万,11.40亿,180.62,20.7083,323.13亿,319.03亿
405,603110,东方材料,SH,24.38,3.26,13.06,29.59,10.17,83.56,0.770,24.69,22.78,9.25,0.55,1862.06万,4.50亿,117.63,7.0398,49.06亿,49.06亿
406,301075,多瑞医药,SZ,84.93,4.21,8.35,9.87,1.77,83.55,3.430,86.00,80.21,3.86,1.25,308.43万,2.58亿,-121.61,11.0114,67.94亿,67.94亿
407,688551,科威尔,SH,50.38,-3.21,18.34,14.72,9.47,83.55,-1.670,52.05,50.23,3.61,0.87,303.40万,1.55亿,145.13,3.2172,42.35亿,42.35亿
408,688143,长盈通,SH,70.76,0.80,10.83,32.23,13.40,83.54,0.560,71.21,67.21,11.05,1.36,1351.75万,9.37亿,386.21,6.7235,91.13亿,86.59亿
409,688478,晶升股份,SH,46.80,-0.40,14.00,17.36,11.59,83.54,-0.190,48.60,45.62,5.23,0.97,724.06万,3.40亿,-184.82,4.3203,64.76亿,64.76亿
410,002916,深南电路,SZ,320.37,-0.97,7.25,4.51,2.52,83.53,-3.130,329.33,315.10,1.43,0.91,951.92万,30.77亿,64.17,12.0630,2182.25亿,2129.85亿
411,300270,中威电子,SZ,15.22,5.92,17.29,22.66,13.92,83.51,0.850,15.40,14.13,8.40,1.34,2190.95万,3.23亿,568.13,8.3727,46.09亿,39.71亿
412,002448,中原内配,SZ,16.30,0.99,6.95,21.44,7.88,83.51,0.160,16.35,15.61,7.58,1.21,3454.48万,5.54亿,12.09,2.4378,95.91亿,74.25亿
413,300131,英唐智控,SZ,18.02,2.10,13.35,44.38,10.89,83.50,0.370,18.30,17.07,15.27,1.41,1.59亿,28.17亿,1255.09,11.8517,204.53亿,187.82亿
414,603530,神马电力,SH,65.25,1.46,7.45,4.38,7.05,83.49,0.940,65.65,62.84,1.73,1.29,739.19万,4.77亿,71.65,14.8092,281.67亿,278.92亿
415,300088,长信科技,SZ,7.27,0.41,10.08,21.09,10.99,83.49,0.030,7.30,7.12,5.72,0.90,1.42亿,10.26亿,94.73,2.0913,181.59亿,180.70亿
416,300617,安靠智电,SZ,65.74,-2.25,9.28,25.56,8.99,83.48,-1.510,68.93,65.53,5.90,0.76,819.62万,5.48亿,55.67,3.6007,108.94亿,91.33亿
417,301096,百诚医药,SZ,60.48,0.08,5.52,12.50,3.28,83.47,0.050,61.39,59.55,3.69,0.97,306.19万,1.86亿,128.90,2.6406,66.06亿,50.25亿
418,300093,*ST金刚,SZ,22.66,-1.44,9.06,7.24,2.63,83.46,-0.330,23.50,22.20,2.86,1.42,661.48万,1.51亿,-48.04,6.2891,122.36亿,52.34亿
419,301202,朗威股份,SZ,44.48,0.29,10.62,31.67,10.13,83.41,0.130,44.71,43.60,8.44,1.18,313.37万,1.38亿,85.73,4.9919,60.67亿,16.52亿
420,002798,帝欧水华,SZ,8.44,10.04,12.86,17.39,6.43,83.41,0.770,8.44,7.58,5.46,0.84,2617.18万,2.11亿,-79.38,2.4437,46.43亿,40.46亿
421,002245,蔚蓝锂芯,SZ,22.03,-2.57,10.55,25.82,6.63,83.41,-0.580,23.15,21.89,6.73,1.00,7302.57万,16.31亿,32.46,3.2442,254.18亿,239.14亿
422,300585,奥联电子,SZ,21.70,-0.32,12.76,21.63,11.23,83.39,-0.070,22.16,21.12,5.75,0.73,983.72万,2.13亿,-163.63,5.8596,37.13亿,37.13亿
423,301338,凯格精机,SZ,211.08,1.00,14.83,30.14,8.84,83.36,2.080,215.37,204.80,7.71,0.78,408.98万,8.60亿,86.41,13.2253,224.59亿,111.93亿
424,300442,润泽科技,SZ,98.08,0.65,8.87,13.26,10.13,83.36,0.630,100.90,95.08,4.05,1.21,6607.66万,65.11亿,68.83,11.2201,1602.96亿,1598.53亿
425,688279,峰岹科技,SH,215.26,5.05,10.98,6.55,9.02,83.33,10.350,219.80,202.49,2.68,1.43,251.19万,5.34亿,70.18,4.7642,247.79亿,201.39亿
426,301259,艾布鲁,SZ,40.94,-1.85,5.91,16.08,2.12,83.33,-0.770,41.50,40.78,3.98,0.72,365.58万,1.50亿,165.47,7.2135,63.87亿,37.61亿
427,002213,大为股份,SZ,43.15,7.98,14.83,65.93,15.68,83.31,3.190,43.43,38.50,22.45,1.12,4636.91万,19.49亿,163.95,18.5725,102.47亿,89.14亿
428,300351,永贵电器,SZ,25.01,3.78,15.42,23.34,10.18,83.31,0.910,25.48,23.80,6.72,0.87,1769.98万,4.43亿,-111.84,3.9968,97.27亿,65.88亿
429,688047,龙芯中科,SH,173.82,-5.25,13.12,14.24,4.57,83.31,-9.640,179.80,172.89,3.60,0.84,1441.61万,25.28亿,-152.89,29.0594,697.02亿,697.02亿
430,605151,西上海,SH,22.82,1.69,9.51,7.91,4.87,83.30,0.380,23.23,22.01,2.38,0.78,319.76万,7244.06万,38.56,2.2301,30.71亿,30.71亿
431,603285,键邦股份,SH,46.18,-3.49,14.77,25.29,5.94,83.29,-1.670,49.64,45.61,9.78,1.38,609.34万,2.87亿,58.13,4.2905,73.89亿,28.77亿
432,301115,联检科技,SZ,25.22,6.28,18.51,17.71,19.70,83.27,1.490,25.38,23.88,5.41,1.04,837.89万,2.08亿,-35.99,1.8677,46.28亿,39.03亿
433,301317,鑫磊股份,SZ,63.98,-0.19,12.48,37.88,8.66,83.26,-0.120,65.35,61.40,11.07,0.79,577.62万,3.66亿,-129.49,8.1989,100.57亿,33.40亿
434,600641,先导基电,SH,28.63,1.45,9.49,19.76,3.66,83.26,0.410,29.23,27.66,5.46,0.85,5082.17万,14.51亿,-400.97,3.2703,271.09亿,266.44亿
435,301516,中远通,SZ,21.46,-1.47,7.78,44.03,4.38,83.22,-0.320,21.94,21.26,11.68,0.87,819.40万,1.76亿,-183.96,4.7548,60.24亿,15.06亿
436,603986,兆易创新,SH,334.10,-4.59,8.74,20.78,6.74,83.22,-16.060,343.30,331.80,6.60,0.95,4408.33万,148.21亿,40.08,9.2682,2342.38亿,2231.27亿
437,688051,佳华科技,SH,47.98,1.98,16.09,11.45,14.18,83.21,0.930,48.96,46.33,3.00,0.65,231.79万,1.11亿,-45.71,6.4106,37.10亿,37.10亿
438,300400,劲拓股份,SZ,30.25,3.99,22.18,28.54,20.90,83.21,1.160,30.88,28.70,10.76,1.73,2602.22万,7.79亿,71.68,10.3861,73.39亿,73.15亿
439,301041,金百泽,SZ,31.50,2.17,6.86,18.30,5.88,83.21,0.670,31.70,30.30,6.79,1.42,536.06万,1.67亿,-4694.40,4.9402,33.60亿,24.88亿
440,300592,华凯易佰,SZ,14.51,4.39,12.07,11.33,11.53,83.21,0.610,14.59,13.82,4.19,1.17,1461.80万,2.08亿,20.50,2.4496,58.67亿,50.62亿
441,605299,舒华体育,SH,27.13,3.71,9.82,41.43,4.43,83.20,0.970,27.66,25.38,12.37,1.20,5062.57万,13.44亿,114.10,9.2300,111.02亿,111.02亿
442,600869,远东股份,SH,18.93,-3.27,13.36,13.97,11.42,83.19,-0.640,19.39,18.91,3.79,0.82,8421.25万,16.08亿,108.70,9.7664,420.12亿,420.12亿
443,300762,上海瀚讯,SZ,45.83,-0.13,8.48,27.75,5.55,83.18,-0.060,46.10,45.01,8.88,1.06,5575.56万,25.47亿,-162.72,12.6624,287.80亿,287.80亿
444,002025,航天电器,SZ,75.70,-2.10,5.30,18.82,3.43,83.18,-1.620,76.90,75.00,5.01,0.73,2275.59万,17.24亿,164.99,5.1786,344.71亿,343.58亿
445,688620,安凯微,SH,13.52,-1.10,5.36,20.46,0.60,83.14,-0.150,13.61,13.41,4.05,0.63,940.13万,1.27亿,-67.50,4.1587,53.00亿,31.41亿
446,603052,可川科技,SH,89.26,4.17,8.83,13.70,9.60,83.12,3.570,89.49,82.30,5.08,1.43,954.53万,8.34亿,-361.81,15.7449,167.72亿,167.72亿
447,600310,广西能源,SH,5.33,0.38,11.34,29.15,7.89,83.11,0.020,5.45,5.21,8.97,0.84,1.31亿,6.99亿,-56.73,2.8756,78.12亿,78.12亿
448,688035,德邦科技,SH,79.41,0.52,8.98,18.73,7.56,83.11,0.410,80.60,76.54,5.14,0.84,731.02万,5.78亿,82.06,4.7798,112.95亿,112.95亿
449,688256,DR寒武纪,SH,1182.53,-5.60,9.43,10.34,3.73,83.09,-70.150,1220.00,1158.01,3.04,1.46,1910.24万,225.79亿,183.32,60.7064,7429.75亿,7429.75亿
450,688309,恒誉环保,SH,79.80,5.15,15.72,9.97,13.21,83.09,3.910,80.66,74.58,3.17,1.08,251.41万,1.96亿,37.26,7.7926,63.36亿,63.36亿
451,603032,德新科技,SH,24.63,1.86,15.36,24.82,5.66,83.07,0.450,26.48,23.74,9.37,1.41,2171.48万,5.42亿,57.20,4.9114,57.44亿,57.06亿
452,603867,新化股份,SH,36.43,1.82,11.20,11.11,6.27,83.06,0.650,38.10,35.64,4.54,1.47,978.29万,3.59亿,24.37,2.5246,79.23亿,78.57亿
453,301365,矩阵股份,SZ,38.47,3.36,13.73,16.64,9.35,83.04,1.250,38.90,36.80,4.63,0.70,469.82万,1.79亿,-111.33,3.9316,69.25亿,39.00亿
454,301382,蜂助手,SZ,46.74,-1.10,9.20,28.57,6.23,83.04,-0.520,48.48,46.50,7.95,0.73,1403.06万,6.63亿,92.02,6.9873,133.49亿,82.52亿
455,600522,中天科技,SH,40.90,6.57,22.61,24.49,23.49,83.04,2.520,41.16,38.20,9.15,1.32,3.12亿,124.49亿,37.98,3.6722,1395.90亿,1395.90亿
456,301391,卡莱特,SZ,85.02,1.21,8.17,9.17,2.14,83.04,1.020,86.77,82.14,2.62,0.63,243.31万,2.06亿,275.30,3.8557,80.78亿,78.93亿
457,688659,元琛科技,SH,12.08,2.03,5.64,12.07,4.77,83.01,0.240,12.18,11.65,2.90,0.74,464.52万,5574.60万,115.95,3.7358,19.33亿,19.33亿
458,688184,ST帕瓦,SH,14.31,6.32,15.51,14.72,9.91,83.01,0.850,14.92,13.41,5.81,0.82,584.09万,8342.83万,28.22,2.1183,22.76亿,14.38亿
459,600590,泰豪科技,SH,16.70,-1.76,9.69,18.16,6.44,83.00,-0.300,17.02,16.63,4.82,0.90,4070.04万,6.82亿,72.17,4.3862,142.43亿,140.88亿
460,300752,隆利科技,SZ,20.25,1.15,5.42,11.51,4.49,82.96,0.230,20.41,19.58,3.94,1.20,619.84万,1.24亿,74.22,3.6814,46.27亿,31.85亿
461,603286,日盈电子,SH,69.15,1.39,11.30,12.49,7.18,82.96,0.950,71.60,67.18,4.85,1.35,561.37万,3.92亿,-365.11,9.9994,81.33亿,79.96亿
462,301183,东田微,SZ,240.40,20.00,33.33,50.37,32.83,82.96,40.070,240.40,193.35,23.27,2.07,1366.00万,29.11亿,171.48,19.5261,192.50亿,141.11亿
463,000697,炼石航空,SZ,12.58,6.97,27.43,17.30,23.70,82.96,0.820,12.94,11.58,8.36,3.51,5458.67万,6.73亿,3601.10,5.2115,175.63亿,82.16亿
464,301568,思泰克,SZ,59.97,1.10,5.93,32.70,5.27,82.94,0.650,60.08,57.80,11.22,1.16,534.14万,3.15亿,58.56,6.1472,61.92亿,28.55亿
465,002217,合力泰,SZ,3.43,-2.00,21.80,40.04,18.69,82.91,-0.070,3.65,3.41,20.68,1.58,15.06亿,52.63亿,7749.37,13.7082,256.54亿,249.68亿
466,301500,飞南资源,SZ,30.80,-1.09,10.12,59.54,5.70,82.90,-0.340,31.27,30.30,14.51,0.53,2090.32万,6.42亿,10.67,3.3362,173.08亿,44.37亿
467,300503,昊志机电,SZ,68.49,2.12,15.05,32.30,9.32,82.87,1.420,71.68,65.09,12.87,1.50,3101.07万,21.32亿,58.04,14.3242,211.10亿,165.04亿
468,600929,雪天盐业,SH,7.20,6.04,8.66,6.53,3.90,82.84,0.410,7.33,6.77,3.30,2.00,5415.48万,3.86亿,198.57,1.5613,118.09亿,118.09亿
469,300912,凯龙高科,SZ,31.43,2.24,28.02,47.09,19.51,82.83,0.690,33.65,29.72,22.41,3.05,1926.07万,6.06亿,89.26,8.0646,36.11亿,27.01亿
470,001389,广合科技,SZ,173.00,-4.06,8.87,21.37,5.97,82.82,-7.320,178.87,172.13,5.45,0.75,828.14万,14.43亿,52.06,11.3392,817.41亿,262.94亿
471,688603,天承科技,SH,100.98,-2.42,12.79,38.68,8.32,82.81,-2.500,106.10,100.00,10.56,0.87,500.61万,5.10亿,105.17,10.2986,125.95亿,47.89亿
472,301255,通力科技,SZ,30.89,2.83,7.90,35.14,6.52,82.80,0.850,31.14,29.69,14.08,1.89,536.06万,1.65亿,174.92,4.4050,47.05亿,11.76亿
473,300988,津荣天宇,SZ,29.21,0.79,8.73,16.33,7.19,82.80,0.230,29.55,28.70,5.18,1.13,560.87万,1.63亿,33.58,3.1343,40.98亿,31.62亿
474,603819,神力股份,SH,15.30,1.73,6.55,16.70,3.38,82.79,0.260,15.60,14.99,5.30,0.84,1153.52万,1.76亿,120.87,4.1016,33.31亿,33.31亿
475,603409,汇通控股,SH,45.30,2.81,6.74,27.22,4.52,82.79,1.240,45.97,43.80,11.63,1.77,420.49万,1.89亿,34.31,3.6786,57.09亿,16.38亿
476,002080,中材科技,SZ,62.40,-1.23,15.81,8.59,13.10,82.78,-0.780,64.93,61.18,2.35,0.75,3951.13万,24.85亿,51.59,5.1208,1047.15亿,1047.15亿
477,300201,海伦哲,SZ,12.88,-1.68,13.60,14.30,8.78,82.78,-0.220,13.15,12.83,3.34,0.81,3350.31万,4.34亿,75.56,6.9022,129.96亿,129.27亿
478,603268,松发股份,SH,154.53,3.33,8.68,9.89,3.36,82.75,4.980,158.20,148.85,3.55,0.91,828.31万,12.75亿,34.30,14.2256,1500.14亿,360.44亿
479,600498,烽火通信,SH,57.00,10.00,20.57,29.87,22.11,82.74,5.180,57.00,51.00,11.00,1.18,1.40亿,76.39亿,504.11,4.4056,774.16亿,724.82亿
480,688686,奥普特,SH,114.97,2.75,8.05,5.43,5.18,82.71,3.080,116.50,110.80,2.15,1.35,262.69万,3.00亿,55.00,4.4890,140.53亿,140.53亿
481,688383,新益昌,SH,101.88,0.67,7.90,6.81,0.67,82.70,0.680,103.72,99.57,1.91,0.83,194.13万,1.97亿,121.36,8.2480,103.56亿,103.56亿
482,688718,唯赛勃,SH,18.07,2.79,11.40,13.79,6.17,82.65,0.490,18.78,17.24,3.99,1.42,692.74万,1.25亿,78.86,3.8919,31.40亿,31.40亿
483,300568,星源材质,SZ,17.38,1.05,9.01,26.54,5.78,82.62,0.180,18.04,16.96,10.17,1.30,1.23亿,21.62亿,199.74,2.3974,233.88亿,210.05亿
484,688719,爱科赛博,SH,69.45,3.23,16.39,14.69,15.83,82.61,2.170,69.50,64.21,4.82,1.22,432.51万,2.90亿,-114.04,4.7636,80.14亿,62.31亿
485,603319,美湖股份,SH,40.14,0.35,10.65,21.56,5.05,82.61,0.140,40.43,39.19,6.39,1.07,2167.27万,8.65亿,153.55,5.5281,136.13亿,136.13亿
486,300936,中英科技,SZ,80.69,0.88,15.56,20.86,10.64,82.61,0.700,83.20,78.39,4.97,0.70,235.54万,1.92亿,-1372.33,6.0199,60.68亿,38.26亿
487,688800,瑞可达,SH,121.00,-3.13,21.53,26.27,15.24,82.60,-3.910,124.22,118.30,5.38,0.62,1106.58万,13.34亿,105.62,10.3746,248.87亿,248.87亿
488,301626,苏州天脉,SZ,296.47,2.94,7.88,13.26,6.20,82.60,8.470,302.00,287.58,4.68,1.02,246.17万,7.34亿,688.17,21.2289,342.96亿,156.00亿
489,301012,扬电科技,SZ,36.33,-1.54,7.07,21.74,3.12,82.59,-0.570,36.70,35.63,7.33,0.78,1443.20万,5.21亿,87.04,6.0060,71.56亿,71.56亿
490,300322,硕贝德,SZ,32.00,-0.68,7.35,20.48,5.93,82.58,-0.220,32.73,31.53,4.91,0.76,2161.81万,6.95亿,352.91,14.4593,147.21亿,140.94亿
491,688707,振华新材,SH,17.53,0.29,14.23,22.80,6.11,82.58,0.050,18.85,17.35,8.06,1.10,4098.80万,7.37亿,-23.32,2.2915,89.18亿,89.18亿
492,301372,科净源,SZ,36.54,-1.72,6.62,21.51,0.38,82.57,-0.640,37.76,36.50,5.50,0.58,226.49万,8372.23万,109.16,3.3808,25.06亿,15.04亿
493,603125,常青科技,SH,23.74,1.98,8.79,7.54,7.57,82.57,0.460,23.94,23.00,2.08,0.56,843.32万,1.99亿,29.55,3.7995,96.11亿,96.11亿
494,301592,六九一二,SZ,136.29,1.81,10.17,24.77,4.19,82.57,2.420,140.00,131.15,10.32,1.69,241.14万,3.31亿,-176.77,10.1603,95.40亿,31.84亿
495,002158,汉钟精机,SZ,31.39,-1.81,19.63,16.19,13.69,82.55,-0.580,31.91,30.94,4.03,1.16,2151.30万,6.75亿,34.51,3.7626,167.85亿,167.49亿
496,002348,高乐股份,SZ,12.37,-1.75,17.43,14.71,11.14,82.54,-0.220,12.90,12.05,4.89,1.10,4422.70万,5.46亿,-209.10,29.4513,117.17亿,111.77亿
497,688141,杰华特,SH,93.77,-2.78,9.68,14.96,0.96,82.52,-2.680,96.00,93.00,3.13,0.59,1408.11万,13.25亿,-38.22,33.8298,422.27亿,422.27亿
498,002079,苏州固锝,SZ,12.39,2.31,6.92,28.22,5.90,82.51,0.280,12.56,11.90,8.66,0.93,7022.51万,8.67亿,33.11,2.7640,112.52亿,100.43亿
499,300715,凯伦股份,SZ,14.80,0.54,15.22,12.42,7.25,82.51,0.080,15.52,14.50,4.26,1.43,1332.69万,1.99亿,96.52,3.1877,55.95亿,46.32亿
500,001267,汇绿生态,SZ,62.38,10.00,22.05,29.77,15.60,82.51,5.670,62.38,54.61,9.56,0.88,5796.60万,34.66亿,823.58,30.7620,489.79亿,378.42亿
501,000626,远大控股,SZ,9.43,5.48,8.34,15.51,0.86,82.50,0.490,9.64,8.86,6.52,1.22,3286.09万,3.08亿,20.46,2.1756,47.77亿,47.50亿
502,688600,皖仪科技,SH,30.23,1.37,7.18,8.63,4.39,82.49,0.410,30.59,29.30,2.18,0.78,293.85万,8865.33万,83.02,5.0691,40.72亿,40.72亿
503,000636,风华高科,SZ,25.87,2.86,6.62,20.94,3.11,82.46,0.720,26.18,24.52,7.83,0.95,9056.68万,23.12亿,84.50,2.3978,299.32亿,299.32亿
504,688479,友车科技,SH,42.57,1.84,8.06,11.37,4.24,82.46,0.770,42.99,41.00,3.16,0.72,197.17万,8325.60万,143.46,3.2614,61.44亿,26.53亿
505,002522,浙江众成,SZ,6.99,4.95,10.87,24.07,10.08,82.46,0.330,7.02,6.52,11.12,1.75,1.01亿,6.89亿,103.55,2.7168,63.31亿,63.26亿
506,300243,瑞丰高材,SZ,18.27,-4.20,12.76,43.14,3.57,82.46,-0.800,19.30,18.22,11.28,0.64,2199.25万,4.08亿,56.67,4.0509,45.87亿,35.64亿
507,603228,景旺电子,SH,74.50,0.36,11.20,14.12,6.17,82.46,0.270,77.36,72.60,4.01,0.87,3916.78万,29.42亿,78.83,5.5147,733.69亿,726.94亿
508,688653,康希通信,SH,15.47,0.91,3.85,13.70,2.79,82.45,0.140,15.52,15.08,4.14,0.77,1308.97万,2.00亿,336.76,4.5626,65.67亿,48.95亿
509,300740,水羊股份,SZ,26.64,0.91,6.31,10.22,3.82,82.43,0.240,27.08,26.21,3.26,0.86,1179.35万,3.14亿,75.26,4.7120,104.49亿,96.25亿
510,300097,智云股份,SZ,11.43,-2.97,16.87,24.55,6.52,82.42,-0.350,12.17,11.37,6.99,0.97,1887.93万,2.20亿,-49.09,16.6560,32.98亿,30.86亿
511,002317,众生药业,SZ,22.54,10.00,23.44,20.00,22.57,82.42,2.050,22.54,22.53,5.36,1.04,4084.60万,9.21亿,47.98,4.6049,191.57亿,171.67亿
512,688052,纳芯微,SH,201.00,0.41,5.27,7.98,1.52,82.41,0.830,204.07,195.30,2.26,0.69,321.73万,6.45亿,-228.67,4.3034,326.87亿,286.48亿
513,300458,全志科技,SZ,36.53,-0.52,5.11,20.55,2.04,82.41,-0.190,36.96,35.66,5.63,0.95,4458.45万,16.23亿,44.55,11.4694,361.83亿,289.28亿
514,300303,聚飞光电,SZ,10.67,4.40,19.24,38.58,20.02,82.41,0.450,10.74,9.95,12.68,1.25,1.69亿,17.70亿,73.96,3.9333,151.17亿,141.77亿
515,000657,中钨高新,SZ,60.47,-4.30,14.83,24.66,3.92,82.41,-2.720,62.79,59.70,7.38,1.02,1.07亿,65.22亿,37.40,12.8965,1377.87亿,878.58亿
516,600072,中船科技,SH,13.72,1.25,4.75,11.12,0.29,82.41,0.170,13.82,13.41,3.01,0.67,3255.91万,4.44亿,-26.05,2.7069,205.89亿,148.63亿
517,002350,北京科锐,SZ,16.70,4.70,19.29,23.00,18.44,82.40,0.750,16.84,16.10,10.80,1.80,5728.23万,9.45亿,-94.78,5.0556,90.57亿,88.60亿
518,603203,快克智能,SH,48.58,-0.41,5.84,8.56,3.63,82.40,-0.200,49.45,46.71,2.37,0.92,590.68万,2.86亿,39.97,8.2216,123.23亿,121.04亿
519,300626,华瑞股份,SZ,28.08,3.24,11.73,15.76,4.85,82.39,0.880,28.60,26.96,5.58,1.29,1004.23万,2.81亿,185.56,9.4975,50.54亿,50.52亿
520,002611,东方精工,SZ,18.88,3.79,12.50,17.39,9.77,82.38,0.690,19.35,17.98,8.57,2.35,8581.92万,16.24亿,-609.76,4.0631,229.82亿,189.16亿
521,603248,锡华科技,SH,30.06,1.08,17.45,80.33,17.38,82.37,0.320,30.59,29.17,24.28,1.39,1682.49万,5.06亿,119.89,5.9193,138.28亿,20.83亿
522,301306,西测测试,SZ,166.97,-0.25,6.92,32.09,0.75,82.36,-0.420,169.48,163.51,10.26,1.05,597.89万,9.97亿,-90.57,16.7607,140.92亿,97.28亿
523,688002,睿创微纳,SH,147.26,0.20,5.32,6.53,0.86,82.36,0.300,148.00,144.00,1.65,0.61,770.07万,11.30亿,35.81,9.5598,685.84亿,685.84亿
524,603843,*ST正平,SH,9.40,5.03,14.16,16.25,4.79,82.35,0.450,9.40,8.52,6.16,2.00,4307.50万,3.83亿,-62.96,255.2916,65.76亿,65.76亿
525,002647,仁东控股,SZ,13.80,0.36,15.23,21.57,11.20,82.33,0.050,14.00,13.45,7.48,1.03,7593.11万,10.47亿,82.93,25.0628,155.98亿,140.11亿
526,301577,美信科技,SZ,70.93,-1.62,8.66,29.52,4.49,82.33,-1.170,72.53,70.50,6.88,0.72,129.68万,9230.14万,-61.91,4.3406,31.94亿,13.36亿
527,600379,宝光股份,SH,16.75,-6.16,22.65,64.15,-0.18,82.33,-1.100,17.60,16.51,22.70,1.38,7495.24万,12.67亿,149.93,7.0246,55.31亿,55.31亿
528,301165,锐捷网络,SZ,99.38,0.38,8.21,4.97,6.95,82.31,0.380,100.92,96.90,1.28,0.81,1015.50万,10.05亿,160.77,15.4008,790.52亿,790.52亿
529,688003,天准科技,SH,77.88,-2.86,14.83,8.65,8.05,82.31,-2.290,79.87,76.90,2.35,1.04,456.06万,3.55亿,805.89,7.6614,151.34亿,151.34亿
530,002725,跃岭股份,SZ,17.33,0.87,4.14,17.39,2.54,82.29,0.150,17.45,16.90,4.66,0.84,999.30万,1.73亿,-204.75,4.5451,44.36亿,37.15亿
531,600208,衢州发展,SH,5.13,0.59,19.78,17.31,12.75,82.27,0.030,5.46,4.95,6.06,1.54,5.16亿,26.53亿,34.70,1.0445,436.51亿,436.46亿
532,605100,华丰股份,SH,51.30,3.70,6.58,5.67,4.76,82.24,1.830,51.43,48.70,2.09,1.24,354.59万,1.79亿,169.82,4.8608,87.58亿,87.18亿
533,002708,光洋股份,SZ,14.33,2.72,8.32,13.06,7.42,82.24,0.380,14.41,13.76,5.28,1.70,2728.44万,3.87亿,62.82,4.5537,80.55亿,74.04亿
534,688379,华光新材,SH,78.01,3.81,26.76,34.61,18.63,82.22,2.860,80.42,73.00,12.68,1.52,1142.71万,8.93亿,49.99,5.2782,74.09亿,70.28亿
535,301377,鼎泰高科,SZ,237.38,0.99,7.50,17.23,1.16,82.22,2.320,243.50,226.96,5.84,1.15,415.12万,9.83亿,93.38,36.0909,973.26亿,168.60亿
536,300083,创世纪,SZ,10.41,1.36,10.70,49.77,2.16,82.22,0.140,10.69,9.95,14.49,1.07,2.16亿,22.55亿,60.05,3.2636,173.31亿,155.37亿
537,688387,信科移动-U,SH,21.77,5.17,14.50,15.80,11.18,82.20,1.070,21.94,20.41,5.05,1.00,1.02亿,21.75亿,-145.19,12.6790,744.26亿,439.05亿
538,603688,石英股份,SH,65.50,3.44,22.47,19.26,18.70,82.19,2.180,67.80,62.80,8.32,1.59,4505.19万,29.67亿,241.23,6.0612,354.80亿,354.80亿
539,600105,永鼎股份,SH,49.94,5.09,17.57,39.88,17.76,82.19,2.420,50.49,45.92,14.28,1.21,2.09亿,101.38亿,114.92,22.0035,730.12亿,730.12亿
540,300931,通用电梯,SZ,15.52,0.00,8.74,11.99,2.78,82.19,0.000,16.19,15.42,4.53,0.79,868.34万,1.37亿,-73.40,6.3134,37.27亿,29.77亿
541,688697,纽威数控,SH,21.29,2.31,25.92,14.73,22.36,82.17,0.480,21.87,20.59,4.99,1.65,2280.28万,4.87亿,36.52,5.0865,97.37亿,97.37亿
542,601231,环旭电子,SH,41.49,-1.28,11.46,6.01,9.76,82.17,-0.540,42.21,40.43,1.80,0.90,4294.56万,17.68亿,59.39,4.2868,991.24亿,991.24亿
543,002633,申科股份,SZ,20.20,-1.85,10.19,10.46,2.38,82.16,-0.380,20.66,20.18,2.47,0.76,369.61万,7537.38万,145.60,7.0455,30.30亿,30.18亿
544,002635,安洁科技,SZ,16.86,0.00,3.76,13.23,2.18,82.16,0.000,17.05,16.61,3.90,0.88,1543.91万,2.60亿,79.69,1.9379,111.22亿,66.69亿
545,300885,海昌新材,SZ,30.30,0.56,17.00,57.24,5.80,82.15,0.170,32.78,28.61,19.51,1.50,3257.79万,9.93亿,78.04,8.2195,75.19亿,50.61亿
546,301687,新广益,SZ,64.31,7.56,13.46,45.82,11.26,82.13,4.520,65.54,58.10,25.05,2.23,739.94万,4.63亿,89.59,6.1585,94.45亿,18.99亿
547,688559,海目星,SH,64.01,-2.39,11.65,13.28,9.21,82.12,-1.570,65.56,63.42,3.51,0.83,870.62万,5.59亿,157.27,6.5486,158.59亿,158.59亿
548,002458,益生股份,SZ,11.55,-1.11,7.85,9.05,3.03,82.10,-0.130,11.94,11.48,2.29,0.83,1718.04万,2.00亿,30.94,2.8820,127.79亿,86.49亿
549,000690,宝新能源,SZ,5.54,-1.42,9.28,21.25,4.92,82.10,-0.080,5.78,5.53,7.14,1.14,1.55亿,8.73亿,9.73,0.9209,120.54亿,120.47亿
550,002885,京泉华,SZ,37.15,0.73,22.46,51.49,18.84,82.09,0.270,38.18,35.80,22.31,1.90,5293.40万,19.52亿,81.75,6.5237,100.65亿,88.14亿
551,603985,恒润股份,SH,28.66,-1.51,11.68,34.15,9.72,82.09,-0.440,29.28,28.46,8.51,0.63,3753.26万,10.80亿,48.49,3.7823,126.35亿,126.35亿
552,002950,奥美医疗,SZ,14.17,-2.01,7.33,13.50,2.90,82.09,-0.290,14.54,14.02,3.35,0.66,1438.21万,2.05亿,20.59,2.4269,89.73亿,60.88亿
553,002757,南兴股份,SZ,29.02,4.24,26.99,68.51,25.30,82.08,1.180,29.87,27.59,26.86,1.83,7576.66万,21.75亿,49.36,4.1649,85.74亿,81.85亿
554,002397,梦洁股份,SZ,5.52,9.96,17.81,19.39,14.29,82.07,0.500,5.52,5.04,5.59,0.83,3623.29万,1.97亿,65.17,3.3689,41.28亿,35.76亿
555,603701,德宏股份,SH,26.00,0.58,8.88,7.39,4.04,82.07,0.150,26.17,25.68,1.38,0.56,360.38万,9359.64万,203.41,8.3734,67.95亿,67.95亿
556,000595,*ST宝实,SZ,6.84,2.86,9.43,4.31,7.55,82.06,0.190,6.98,6.59,1.95,1.83,2216.17万,1.51亿,988.09,16.0906,77.88亿,77.88亿
557,688515,裕太微-U,SH,188.06,2.60,15.47,42.77,8.96,82.05,4.770,190.00,173.10,13.39,0.88,667.25万,12.10亿,-86.95,10.2565,150.45亿,93.69亿
558,300629,新劲刚,SZ,26.61,1.84,6.45,16.23,5.89,82.04,0.480,26.86,25.93,5.90,1.12,1278.47万,3.40亿,156.02,3.7714,66.90亿,57.69亿
559,688191,智洋创新,SH,53.34,5.64,13.85,10.78,16.51,82.03,2.850,53.45,49.28,3.33,0.66,770.32万,4.03亿,-276.34,14.3880,123.56亿,123.56亿
560,000767,晋控电力,SZ,4.17,-2.80,14.29,24.84,10.32,82.00,-0.120,4.36,4.12,8.27,1.29,2.41亿,10.14亿,51.01,2.1242,128.31亿,121.44亿
561,002875,安奈儿,SZ,25.30,4.29,8.93,18.58,-0.08,82.00,1.040,26.12,24.21,6.01,0.90,1096.27万,2.78亿,89.73,8.7243,53.89亿,46.16亿
562,600884,杉杉股份,SH,16.69,-1.77,9.01,36.09,0.24,81.99,-0.300,17.70,16.57,11.51,1.06,2.11亿,35.99亿,28.35,1.6677,375.43亿,306.28亿
563,300687,赛意信息,SZ,29.40,1.94,19.77,27.75,16.48,81.98,0.560,29.99,27.80,11.05,1.45,3612.63万,10.48亿,95.09,4.4858,120.07亿,96.11亿
564,002938,鹏鼎控股,SZ,75.54,-0.38,7.69,5.41,4.84,81.97,-0.290,77.22,74.12,1.47,0.89,3401.59万,25.63亿,94.60,5.0536,1751.06亿,1744.55亿
565,300977,深圳瑞捷,SZ,22.39,2.99,7.67,11.82,6.01,81.96,0.650,22.67,21.60,4.35,1.35,412.85万,9183.75万,-246.13,2.4654,34.08亿,21.23亿
566,002494,华斯股份,SZ,6.35,2.25,5.80,22.30,2.25,81.96,0.140,6.36,6.18,5.00,0.67,1434.64万,9011.12万,71.74,1.9040,23.96亿,18.21亿
567,300501,海顺新材,SZ,14.27,4.16,7.21,24.54,3.86,81.95,0.570,14.35,13.61,7.78,0.96,1109.51万,1.57亿,-91.63,3.0985,39.70亿,20.36亿
568,603067,振华股份,SH,39.85,-2.09,15.98,17.84,13.92,81.95,-0.850,40.66,38.80,5.37,0.94,4055.95万,16.05亿,61.89,7.0803,301.08亿,301.08亿
569,688523,航天环宇,SH,82.89,14.89,28.90,41.23,26.53,81.93,10.740,83.93,70.98,19.24,2.48,1857.44万,14.69亿,5525.67,20.0642,337.26亿,80.00亿
570,300970,华绿生物,SZ,36.55,1.13,3.63,31.57,3.54,81.93,0.410,36.88,35.60,9.42,0.64,892.73万,3.24亿,10.20,2.5683,44.81亿,34.63亿
571,002848,*ST高斯,SZ,15.59,2.90,5.20,7.91,1.43,81.92,0.440,15.66,15.05,2.45,0.96,404.67万,6213.66万,112.19,31.1903,26.06亿,25.71亿
572,301070,开勒股份,SZ,105.25,-4.51,27.79,35.55,16.07,81.90,-4.970,109.93,103.47,9.64,1.10,572.24万,6.04亿,-335.42,13.0955,94.97亿,62.45亿
573,300292,吴通控股,SZ,5.51,-0.72,7.63,24.55,7.83,81.90,-0.040,5.53,5.41,7.24,1.02,8076.72万,4.43亿,44.73,5.0324,73.93亿,61.49亿
574,603307,扬州金泉,SH,45.19,1.19,7.30,5.75,6.78,81.89,0.530,45.48,44.00,1.55,0.96,103.54万,4610.62万,23.12,2.1282,30.76亿,30.28亿
575,688005,容百科技,SH,39.10,1.85,15.30,23.11,12.26,81.87,0.710,40.80,38.40,7.00,0.90,5001.91万,19.75亿,602.25,3.6008,279.46亿,279.42亿
576,603002,宏昌电子,SH,15.32,0.00,14.91,19.75,10.85,81.85,0.000,15.74,14.84,6.90,0.90,7820.87万,11.99亿,9270.50,5.0276,173.74亿,173.74亿
577,300604,长川科技,SZ,182.01,-2.04,8.12,17.71,4.48,81.85,-3.790,187.50,179.47,4.49,0.67,2196.70万,40.06亿,81.88,22.6717,1154.71亿,890.89亿
578,688790,昂瑞微-UW,SH,152.74,3.93,7.17,31.15,6.95,81.83,5.770,153.86,144.21,13.25,1.77,159.76万,2.40亿,-56.62,5.5942,152.02亿,18.42亿
579,300536,农尚环境,SZ,11.18,5.37,15.45,24.13,10.04,81.82,0.570,11.55,10.50,9.05,1.36,2655.25万,2.96亿,-55.64,11.6406,32.79亿,32.79亿
580,300776,帝尔激光,SZ,114.30,1.13,13.31,24.40,9.27,81.81,1.280,117.33,108.38,7.99,1.19,1342.76万,15.28亿,47.84,7.9571,313.19亿,192.12亿
581,002108,沧州明珠,SZ,5.85,1.74,9.79,22.88,4.09,81.81,0.100,6.15,5.68,9.11,1.31,1.50亿,8.85亿,54.53,1.9137,96.44亿,96.38亿
582,688418,震有科技,SH,54.20,6.67,15.27,17.34,15.25,81.80,3.390,54.48,50.17,6.60,1.30,1270.83万,6.67亿,-58.10,12.7771,104.36亿,104.36亿
583,688079,美迪凯,SH,16.42,2.37,12.15,9.75,10.87,81.79,0.380,16.58,15.76,2.57,0.86,1040.51万,1.69亿,-40.72,5.4091,67.57亿,66.40亿
584,300998,宁波方正,SZ,28.23,0.61,6.57,13.04,4.13,81.78,0.170,28.58,27.88,3.24,0.77,348.40万,9835.17万,391.18,3.0053,38.72亿,30.40亿
585,002222,福晶科技,SZ,108.24,10.00,24.96,32.35,24.67,81.78,9.840,108.24,94.02,12.28,1.55,5750.45万,57.46亿,195.05,27.8422,509.00亿,506.73亿
586,600135,乐凯胶片,SH,11.82,1.98,5.86,15.18,3.41,81.78,0.230,12.02,11.47,4.88,0.93,2699.18万,3.18亿,-68.92,2.7769,65.40亿,65.40亿
587,300756,金马游乐,SZ,53.74,1.40,4.78,7.95,0.00,81.75,0.740,53.95,52.21,2.63,0.96,345.01万,1.83亿,77.82,5.7119,84.69亿,70.52亿
588,000570,苏常柴Ａ,SZ,6.68,1.67,5.61,12.34,4.05,81.74,0.110,6.68,6.53,4.04,0.87,2243.09万,1.49亿,15.84,1.3347,47.14亿,37.12亿
589,300613,富瀚微,SZ,62.95,3.95,7.71,38.65,6.60,81.73,2.390,63.55,59.00,12.48,0.93,2739.90万,17.00亿,43.06,5.0256,146.55亿,138.24亿
590,002663,普邦股份,SZ,2.41,0.42,9.95,14.65,9.05,81.72,0.010,2.42,2.35,4.00,1.01,6833.14万,1.62亿,-174.31,2.1504,41.53亿,41.14亿
591,002136,安 纳 达,SZ,15.47,-1.96,5.63,20.48,2.52,81.72,-0.310,15.86,15.42,5.19,0.62,1112.62万,1.73亿,112.18,3.0542,33.26亿,33.18亿
592,002638,勤上股份,SZ,4.82,2.55,13.03,15.38,2.99,81.71,0.120,4.90,4.56,5.08,1.19,6874.31万,3.27亿,-74.09,3.6631,69.24亿,65.20亿
593,301169,零点有数,SZ,83.65,-0.04,21.67,13.20,19.47,81.70,-0.030,84.75,81.00,3.77,1.13,271.47万,2.26亿,-91.15,13.9031,60.26亿,60.24亿
594,600292,电投水电,SH,16.11,0.19,11.03,19.24,5.16,81.69,0.030,16.66,15.92,5.78,1.16,2537.12万,4.12亿,44.89,4.0441,705.65亿,70.77亿
595,300836,佰奥智能,SZ,63.31,3.18,7.36,10.31,5.85,81.68,1.950,63.88,60.28,3.83,1.19,242.74万,1.50亿,207.89,9.1591,58.68亿,40.17亿
596,688127,蓝特光学,SH,84.78,5.74,13.39,8.42,10.39,81.68,4.600,85.28,77.77,2.97,1.19,1206.37万,9.87亿,66.41,14.7362,344.12亿,344.12亿
597,300890,翔丰华,SZ,41.93,-0.57,8.37,65.42,3.28,81.68,-0.240,43.80,41.61,20.03,0.82,2180.09万,9.27亿,53.29,2.3336,49.96亿,45.65亿
598,000906,浙商中拓,SZ,6.71,2.13,6.94,13.23,5.84,81.67,0.140,6.80,6.52,3.77,0.85,2640.82万,1.77亿,6.37,0.9618,47.62亿,47.05亿
599,605080,浙江自然,SH,27.26,2.06,9.96,8.68,7.37,81.65,0.550,27.78,26.51,3.03,1.50,425.49万,1.16亿,13.45,1.6953,38.58亿,38.26亿
600,002066,瑞泰科技,SZ,23.33,3.00,4.93,5.46,0.00,81.65,0.680,23.50,22.35,1.91,0.88,441.48万,1.02亿,-428.68,8.8083,54.80亿,53.89亿
601,300862,蓝盾光电,SZ,24.95,3.06,6.06,10.49,3.61,81.64,0.740,25.20,24.10,4.20,1.39,635.49万,1.58亿,-132.91,2.3491,46.06亿,37.79亿
602,300382,斯莱克,SZ,16.57,-1.02,9.55,14.19,6.22,81.63,-0.170,16.85,16.09,3.52,0.74,2280.60万,3.77亿,-122.97,4.7190,107.44亿,107.43亿
603,688112,鼎阳科技,SH,62.03,-1.80,6.82,7.76,0.73,81.62,-1.140,63.00,60.39,2.35,0.89,374.62万,2.30亿,64.55,6.0289,99.00亿,99.00亿
604,600243,*ST海华,SH,4.44,1.60,14.18,13.19,6.73,81.61,0.070,4.59,4.34,4.99,1.45,2191.65万,9811.51万,-67.23,3.5328,19.48亿,19.48亿
605,000727,冠捷科技,SZ,2.93,1.03,12.45,17.68,10.57,81.61,0.030,2.96,2.88,6.24,1.86,2.83亿,8.25亿,-11.73,7.3626,132.72亿,132.72亿
606,600744,华银电力,SH,8.77,-4.05,8.90,38.39,2.69,81.59,-0.370,9.27,8.73,11.27,0.84,2.29亿,20.39亿,32.17,13.8189,178.13亿,178.13亿
607,002201,九鼎新材,SZ,14.52,0.21,9.04,40.58,8.44,81.59,0.030,14.61,13.88,13.55,0.95,8159.87万,11.76亿,151.09,7.9849,94.62亿,87.41亿
608,301557,常友科技,SZ,115.67,-2.72,11.60,23.96,6.04,81.57,-3.240,119.60,114.79,6.37,0.88,113.23万,1.32亿,-251.98,4.9418,51.25亿,20.55亿
609,603335,迪生力,SH,7.42,1.09,9.62,19.92,4.95,81.57,0.080,7.47,7.21,5.15,0.52,2204.60万,1.63亿,-40.08,11.2531,31.77亿,31.77亿
610,600714,金瑞矿业,SH,23.10,2.99,11.67,33.45,4.52,81.56,0.670,23.53,22.20,9.21,0.90,2655.40万,6.12亿,-1537.45,8.8411,66.57亿,66.57亿
611,002242,九阳股份,SZ,11.27,2.45,4.69,9.29,3.58,81.56,0.270,11.32,10.93,3.42,1.02,2607.18万,2.92亿,25.95,2.5524,85.99亿,85.84亿
612,600753,*ST海钦,SH,13.70,-0.07,10.12,8.73,5.06,81.55,-0.010,14.03,13.51,1.81,0.79,417.05万,5730.73万,35.25,35.9174,31.55亿,31.55亿
613,001230,劲旅环境,SZ,28.24,1.40,6.21,10.88,4.98,81.54,0.390,28.56,27.60,3.23,1.02,253.99万,7147.83万,22.36,1.8757,37.88亿,22.18亿
614,300852,四会富仕,SZ,50.64,6.81,12.20,19.00,11.13,81.52,3.230,51.10,46.03,9.64,2.41,1493.12万,7.32亿,68.96,3.6503,81.29亿,78.47亿
615,300738,奥飞数据,SZ,27.06,-1.20,8.66,29.12,8.50,81.51,-0.330,27.46,26.50,7.19,0.67,7082.58万,19.10亿,71.87,6.9444,266.59亿,266.51亿
616,300109,新开源,SZ,20.35,3.40,9.46,10.78,7.56,81.51,0.670,20.56,19.40,4.62,1.82,2066.55万,4.17亿,37.98,2.6582,98.37亿,91.02亿
617,002338,奥普光电,SZ,62.01,-1.18,3.59,10.02,1.56,81.50,-0.740,62.40,61.25,3.26,0.94,782.18万,4.84亿,119.65,10.2964,148.82亿,148.82亿
618,002058,*ST威尔,SZ,26.48,0.80,12.55,6.32,5.50,81.49,0.210,27.12,26.20,2.10,0.76,301.04万,8033.38万,126.42,59.9576,37.99亿,37.90亿
619,300331,苏大维格,SZ,55.06,-1.33,6.56,16.79,3.87,81.47,-0.740,55.60,54.03,4.04,0.67,897.01万,4.91亿,119.03,9.2803,142.97亿,122.31亿
620,300696,爱乐达,SZ,40.00,0.81,6.57,9.89,1.91,81.46,0.320,40.98,38.58,3.76,1.24,999.72万,4.01亿,1987.74,6.1403,117.26亿,106.40亿
621,600936,北投科技,SH,5.17,10.00,25.18,12.77,25.18,81.46,0.470,5.17,4.85,4.48,1.95,7489.57万,3.81亿,86.52,8.6905,86.39亿,86.39亿
622,688629,华丰科技,SH,136.54,-3.87,9.72,44.10,0.25,81.44,-5.500,139.40,135.26,13.41,0.92,2437.20万,33.39亿,149.71,32.6610,629.44亿,248.21亿
623,301123,奕东电子,SZ,70.17,-1.60,5.80,28.34,4.30,81.42,-1.140,71.25,68.58,8.10,1.01,1337.25万,9.36亿,433.74,5.8734,164.65亿,115.81亿
624,600510,黑牡丹,SH,11.40,-1.55,6.51,4.62,3.07,81.40,-0.180,11.69,11.35,1.50,0.92,1546.63万,1.78亿,52.52,1.1144,117.65亿,117.65亿
625,688025,杰普特,SH,375.02,0.11,11.22,14.86,5.34,81.39,0.420,379.99,358.00,3.95,0.82,375.38万,13.87亿,91.23,14.8255,356.45亿,356.45亿
626,002272,川润股份,SZ,19.53,-1.66,12.83,45.75,12.89,81.39,-0.330,19.87,19.38,12.78,1.00,5214.86万,10.21亿,-76.67,6.4900,94.70亿,79.71亿
627,688195,腾景科技,SH,372.50,2.91,12.42,17.78,12.20,81.39,10.520,373.80,348.00,5.54,0.98,716.39万,25.89亿,834.55,47.3363,481.83亿,481.83亿
628,003007,直真科技,SZ,51.73,1.83,16.28,46.16,15.68,81.37,0.930,52.30,49.78,13.03,1.37,945.64万,4.84亿,-55.82,6.0372,52.67亿,37.55亿
629,300649,杭州园林,SZ,19.55,4.16,7.35,17.77,1.88,81.37,0.780,20.10,18.73,7.44,1.09,789.80万,1.55亿,-68.76,5.8607,25.89亿,20.75亿
630,000404,长虹华意,SZ,8.46,0.24,5.31,15.11,2.17,81.36,0.020,8.67,8.31,3.69,0.65,2558.79万,2.17亿,12.76,1.3333,58.88亿,58.60亿
631,600114,东睦股份,SH,34.91,0.00,5.96,10.05,2.44,81.35,0.000,35.43,34.18,2.56,0.81,1579.26万,5.51亿,43.78,6.1843,220.42亿,215.18亿
632,688320,禾川科技,SH,38.39,2.59,17.20,17.42,13.82,81.33,0.970,39.30,36.80,7.19,2.01,1067.33万,4.12亿,-257.45,4.7776,57.97亿,56.98亿
633,688571,杭华股份,SH,9.21,2.91,8.55,10.07,0.99,81.29,0.260,9.49,8.75,3.22,0.92,1367.77万,1.25亿,34.91,2.2938,39.07亿,39.07亿
634,301265,华新科技,SZ,27.00,-2.17,7.44,18.10,3.61,81.29,-0.600,27.78,26.94,5.05,0.81,857.78万,2.33亿,63.24,3.8466,81.80亿,45.85亿
635,300681,英搏尔,SZ,32.58,2.97,7.70,18.57,6.26,81.29,0.940,32.86,31.22,6.22,1.06,1434.62万,4.65亿,43.93,3.2263,99.71亿,75.19亿
636,603595,ST东尼,SH,18.52,1.98,5.31,5.90,2.43,81.28,0.360,18.74,18.02,1.69,0.87,392.32万,7217.52万,45.23,2.8313,43.05亿,43.05亿
637,003031,中瓷电子,SZ,140.07,5.55,14.89,13.13,13.40,81.27,7.370,141.89,130.51,4.23,1.07,1438.84万,19.97亿,81.71,9.5597,631.79亿,476.46亿
638,002789,*ST建艺,SZ,13.07,-2.32,6.59,7.72,1.40,81.27,-0.310,13.19,12.90,2.55,1.05,398.63万,5189.36万,-9.82,13.7202,20.86亿,20.45亿
639,688398,赛特新材,SH,34.35,-0.03,9.87,7.21,7.65,81.24,-0.010,35.09,34.12,1.69,0.70,283.62万,9786.49万,3781.47,5.6030,57.64亿,57.64亿
640,688150,莱特光电,SH,54.98,1.38,9.29,11.22,4.41,81.24,0.750,55.50,51.50,3.76,1.06,1513.82万,8.24亿,120.30,11.3460,221.26亿,221.26亿
641,300806,斯迪克,SZ,85.00,2.37,14.11,20.74,14.56,81.21,1.970,85.88,79.53,6.73,1.12,2128.39万,17.70亿,632.56,16.5035,385.31亿,268.95亿
642,601975,招商南油,SH,5.00,2.04,17.63,28.35,11.61,81.20,0.100,5.14,4.77,9.77,1.48,4.57亿,22.66亿,13.55,1.9531,234.02亿,234.02亿
643,688234,天岳先进,SH,108.66,-2.21,11.53,10.22,7.58,81.20,-2.460,113.88,107.61,3.00,0.99,1288.37万,14.09亿,-217.56,7.4029,526.59亿,466.92亿
644,002774,快意电梯,SZ,12.62,0.00,9.38,10.94,3.78,81.20,0.000,12.68,12.32,2.99,0.57,842.13万,1.05亿,-537.39,3.4995,42.49亿,35.56亿
645,002392,北京利尔,SZ,9.70,1.15,9.88,17.67,5.32,81.19,0.110,9.79,9.44,3.36,0.79,3891.15万,3.76亿,22.14,1.9390,115.48亿,112.28亿
646,603078,江化微,SH,26.37,-3.55,8.54,26.63,6.29,81.18,-0.970,26.93,26.26,7.35,1.00,2833.91万,7.51亿,88.35,5.0971,101.69亿,101.69亿
647,688658,悦康药业,SH,21.51,1.41,14.13,8.46,9.74,81.18,0.300,22.48,21.36,3.15,1.26,1419.02万,3.09亿,-73.09,2.9492,96.80亿,96.80亿
648,301197,工大科雅,SZ,33.02,2.83,15.16,14.81,8.80,81.15,0.910,34.67,31.20,5.48,1.20,595.89万,1.98亿,-139.93,3.0127,39.80亿,35.91亿
649,688636,智明达,SH,46.06,0.57,5.13,9.03,5.09,81.15,0.260,46.25,45.02,2.98,1.13,499.34万,2.28亿,112.27,5.7339,80.10亿,77.21亿
650,688512,慧智微-U,SH,13.20,-0.60,3.86,13.95,4.10,81.12,-0.080,13.23,12.95,3.16,0.70,1024.23万,1.34亿,-23.19,3.8772,61.62亿,42.84亿
651,002824,和胜股份,SZ,27.20,-1.91,12.16,27.43,8.41,81.12,-0.530,28.00,26.35,12.16,1.65,2750.36万,7.48亿,86.05,3.6262,84.64亿,61.52亿
652,301068,大地海洋,SZ,35.53,-0.84,6.32,6.31,1.66,81.10,-0.300,36.10,34.82,1.43,0.72,143.44万,5106.51万,92.27,6.2359,50.21亿,35.64亿
653,301529,福赛科技,SZ,154.30,3.10,20.41,33.81,11.72,81.09,4.640,159.77,148.00,11.74,1.12,531.31万,8.16亿,106.48,9.2957,130.90亿,69.80亿
654,002591,恒大高新,SZ,8.76,0.00,16.87,92.65,4.78,81.08,0.000,9.24,8.71,34.47,2.18,7704.61万,6.87亿,105.74,4.1110,26.30亿,19.58亿
655,605168,三人行,SH,52.00,-0.52,18.61,24.68,10.50,81.07,-0.270,54.96,51.90,9.36,1.04,1972.57万,10.46亿,249.18,4.0089,109.62亿,109.62亿
656,301548,崇德科技,SZ,83.76,-1.68,6.87,28.00,3.66,81.07,-1.430,85.43,83.04,5.64,0.65,148.03万,1.24亿,46.61,4.6067,72.87亿,21.97亿
657,001400,江顺科技,SZ,217.27,3.02,10.15,19.43,6.16,81.04,6.370,217.44,203.38,6.66,1.02,219.87万,4.63亿,86.74,10.1596,130.36亿,71.75亿
658,300739,明阳电路,SZ,29.65,1.09,9.03,20.95,9.29,81.03,0.320,30.06,28.62,7.71,1.27,2647.02万,7.85亿,189.19,3.9937,110.73亿,101.75亿
659,300547,川环科技,SZ,40.95,-2.52,8.74,32.44,5.22,81.03,-1.060,42.30,40.53,8.93,0.84,1591.04万,6.58亿,56.24,6.4156,88.82亿,72.98亿
660,002645,华宏科技,SZ,27.38,1.63,8.07,31.31,6.25,81.03,0.440,27.58,26.00,7.85,0.98,4387.82万,11.84亿,19.85,4.0268,171.84亿,153.03亿
661,603308,应流股份,SH,78.76,-2.05,7.50,9.12,4.21,81.03,-1.650,81.67,77.31,3.02,1.00,2048.16万,16.20亿,111.27,10.5190,534.81亿,534.81亿
662,603876,鼎胜新材,SH,30.82,-1.60,12.16,19.01,3.56,81.02,-0.500,33.00,30.78,6.07,1.01,5637.70万,17.86亿,36.94,3.7485,286.40亿,286.40亿
663,688580,伟思医疗,SH,65.21,0.82,6.68,10.56,1.48,81.02,0.530,65.80,63.40,2.56,0.57,245.07万,1.59亿,25.36,3.5576,62.45亿,62.45亿
664,301638,南网数字,SZ,30.09,-1.44,8.02,52.66,5.32,81.01,-0.440,31.30,30.00,15.57,0.94,3659.45万,11.14亿,309.87,8.5264,956.76亿,70.71亿
665,002876,三利谱,SZ,31.52,-0.06,4.66,12.59,1.97,81.01,-0.020,31.65,30.90,3.45,0.66,514.31万,1.61亿,41.13,2.2659,54.81亿,46.95亿
666,603278,大业股份,SH,14.91,10.04,32.32,35.58,33.13,80.99,1.360,14.91,13.41,18.04,2.49,6164.36万,8.68亿,-51.87,2.6318,50.96亿,50.96亿
667,301079,邵阳液压,SZ,47.16,6.55,11.38,46.42,8.64,80.98,2.900,47.98,43.60,22.96,2.03,1766.21万,8.18亿,416.56,10.7178,51.37亿,36.28亿
668,300881,盛德鑫泰,SZ,51.40,-0.79,6.06,15.71,2.80,80.96,-0.410,52.78,51.15,3.25,0.57,186.68万,9653.01万,32.21,4.5674,56.54亿,29.51亿
669,300831,派瑞股份,SZ,20.61,0.49,5.79,39.66,1.93,80.94,0.100,20.93,20.16,9.30,0.65,1715.15万,3.52亿,105.77,6.7750,65.95亿,38.02亿
670,300906,日月明,SZ,36.98,1.40,4.74,9.64,3.79,80.93,0.510,36.99,35.72,3.04,1.09,219.33万,7979.76万,49.11,3.1586,29.58亿,26.70亿
671,600158,中体产业,SH,13.49,1.66,16.54,49.93,13.84,80.92,0.220,13.62,12.99,14.96,1.35,1.44亿,19.14亿,-564.47,5.3939,129.44亿,129.44亿
672,600961,株冶集团,SH,29.88,1.43,16.08,36.49,12.80,80.90,0.420,31.00,28.88,12.20,1.19,9172.82万,27.47亿,7.01,6.3437,320.57亿,224.64亿
673,301163,宏德股份,SZ,32.84,4.02,6.70,13.77,6.28,80.90,1.270,32.88,31.38,5.47,1.42,299.42万,9644.98万,198.27,2.3381,26.80亿,17.97亿
674,301580,爱迪特,SZ,78.71,0.43,12.67,20.35,9.03,80.89,0.340,81.50,78.00,6.33,0.93,456.00万,3.63亿,54.81,3.8668,83.88亿,56.68亿
675,002329,皇氏集团,SZ,4.41,0.68,5.91,17.65,0.23,80.89,0.030,4.46,4.33,3.71,0.56,2418.09万,1.07亿,225.39,7.3678,36.71亿,28.74亿
676,300252,金信诺,SZ,16.02,1.59,7.99,24.74,8.54,80.88,0.250,16.09,15.41,9.03,1.38,5043.66万,8.00亿,125.52,4.8174,106.08亿,89.52亿
677,002051,中工国际,SZ,11.87,1.63,17.29,23.93,17.29,80.85,0.190,12.00,11.38,11.16,2.38,1.38亿,16.22亿,47.00,1.2632,146.88亿,146.87亿
678,605189,富春染织,SH,18.15,10.00,12.39,23.88,7.08,80.84,1.650,18.15,16.31,7.91,1.43,1535.65万,2.65亿,12.01,1.6944,35.23亿,35.23亿
679,002203,海亮股份,SZ,22.11,5.84,26.90,13.62,22.90,80.83,1.220,22.48,20.71,4.28,1.29,9471.52万,20.43亿,29.06,2.9704,506.71亿,489.10亿
680,002831,裕同科技,SZ,40.60,3.89,11.50,9.74,7.29,80.81,1.520,40.60,38.17,3.15,1.13,1610.13万,6.42亿,38.01,3.0299,373.73亿,207.46亿
681,002810,山东赫达,SZ,28.43,-2.24,12.68,15.49,6.32,80.81,-0.650,29.14,28.25,3.04,0.60,985.34万,2.82亿,24.17,4.4613,99.32亿,92.04亿
682,300838,浙江力诺,SZ,18.28,2.41,6.97,20.84,2.75,80.80,0.430,18.44,17.36,6.29,1.00,640.19万,1.15亿,485.47,2.6518,25.22亿,18.60亿
683,601126,四方股份,SH,64.20,5.94,13.51,13.09,14.54,80.80,3.600,64.20,58.06,4.51,1.14,3721.77万,22.84亿,49.41,10.3454,534.89亿,529.70亿
684,603400,华之杰,SH,83.00,10.01,21.88,43.76,22.62,80.79,7.550,83.00,75.80,18.24,2.13,364.78万,2.92亿,66.63,6.7682,83.00亿,16.60亿
685,688737,中自科技,SH,30.29,0.20,8.00,6.74,3.56,80.79,0.060,30.94,29.73,1.72,0.76,205.80万,6232.25万,262.96,2.0410,36.22亿,36.22亿
686,605389,长龄液压,SH,126.51,-0.21,23.30,9.27,8.15,80.78,-0.270,132.58,124.00,2.65,0.87,361.52万,4.62亿,120.90,8.4509,182.28亿,172.39亿
687,301487,盟固利,SZ,25.26,0.08,5.58,22.86,3.69,80.78,0.020,25.93,24.90,7.14,0.90,1948.46万,4.96亿,146.11,6.0134,116.10亿,68.91亿
688,001330,博纳影业,SZ,9.01,1.35,10.28,37.15,8.95,80.78,0.120,9.20,8.80,8.27,0.73,9620.03万,8.69亿,-69.94,3.2583,123.84亿,104.77亿
689,300472,*ST新元,SZ,8.56,2.15,7.76,9.34,5.42,80.76,0.180,8.70,8.37,3.66,1.63,899.26万,7687.04万,-28.94,102.4640,23.56亿,21.05亿
690,300137,先河环保,SZ,19.52,1.14,19.63,34.17,17.17,80.75,0.220,20.07,18.93,12.59,1.59,6675.40万,13.04亿,2013.63,6.3889,104.74亿,103.46亿
691,002443,金洲管道,SZ,11.81,2.70,10.39,23.27,-0.25,80.71,0.310,12.30,11.24,7.10,0.99,3686.61万,4.33亿,38.50,1.7545,61.48亿,61.30亿
692,301029,怡合达,SZ,29.83,-0.07,9.28,11.51,5.26,80.71,-0.020,30.40,29.64,3.23,0.97,1491.01万,4.47亿,36.63,4.2088,189.18亿,137.78亿
693,002015,协鑫能科,SZ,20.38,-1.02,15.44,34.08,14.82,80.70,-0.210,20.74,20.12,9.09,0.90,1.48亿,30.12亿,28.73,2.7369,330.83亿,330.83亿
694,603580,*ST艾艾,SH,24.55,5.00,15.56,4.89,15.75,80.69,1.170,24.55,23.94,0.48,0.33,62.67万,1524.58万,287.46,7.0495,32.08亿,32.08亿
695,002755,奥赛康,SZ,17.73,5.91,9.26,6.82,4.60,80.69,0.990,18.10,16.67,3.47,1.71,3218.39万,5.59亿,48.71,4.9854,164.56亿,164.56亿
696,000809,和展能源,SZ,4.01,-0.50,9.55,10.22,6.37,80.68,-0.020,4.05,3.96,2.93,0.86,2417.03万,9686.71万,247.65,1.2446,33.07亿,33.07亿
697,688182,灿勤科技,SH,33.46,9.20,14.10,8.87,10.21,80.64,2.820,33.88,30.13,3.90,1.88,1558.71万,5.02亿,2049.69,5.9214,133.84亿,133.84亿
698,603048,浙江黎明,SH,23.82,2.28,4.91,6.04,1.75,80.64,0.530,23.98,23.03,1.71,0.76,250.76万,5944.99万,55.19,2.7360,34.99亿,34.99亿
699,001211,双枪科技,SZ,44.25,1.28,9.71,23.64,6.04,80.63,0.560,44.30,42.85,6.08,0.50,407.48万,1.78亿,146.28,3.6903,31.86亿,29.65亿
700,301150,中一科技,SZ,70.00,-2.29,14.26,22.70,2.16,80.63,-1.640,73.50,69.80,5.58,0.65,1241.23万,8.84亿,57.62,4.4502,163.26亿,155.81亿
701,603978,深圳新星,SH,29.38,-0.51,15.44,41.53,9.06,80.62,-0.150,31.57,29.26,13.98,1.37,2951.00万,8.89亿,85.95,3.7392,62.02亿,62.02亿
702,003019,宸展光电,SZ,36.20,1.80,4.86,10.12,2.90,80.60,0.640,36.60,35.05,3.92,1.21,669.43万,2.42亿,57.78,3.7160,64.02亿,61.89亿
703,300136,信维通信,SZ,101.35,-0.30,14.04,37.56,11.01,80.60,-0.300,103.18,99.30,10.41,0.79,8588.59万,86.67亿,233.73,12.2225,980.63亿,836.34亿
704,300147,*ST香雪,SZ,10.57,2.13,6.39,6.32,5.49,80.60,0.220,10.69,10.27,1.86,0.69,1224.83万,1.29亿,-15.68,-14.8254,69.90亿,69.48亿
705,300907,康平科技,SZ,32.15,4.05,6.31,7.64,5.07,80.60,1.250,32.32,30.66,3.68,1.73,353.41万,1.12亿,56.12,3.8279,30.86亿,30.86亿
706,300816,艾可蓝,SZ,83.41,3.74,17.25,21.83,15.29,80.58,3.010,83.99,79.66,6.73,0.97,381.29万,3.13亿,83.99,6.9789,66.73亿,47.27亿
707,688226,威腾电气,SH,56.05,-3.94,9.83,16.83,0.59,80.57,-2.300,58.80,55.70,4.99,0.91,941.69万,5.36亿,379.36,6.1786,105.81亿,105.81亿
708,300422,博世科,SZ,5.89,0.68,9.11,19.40,5.18,80.56,0.040,5.94,5.77,5.93,0.63,3065.63万,1.79亿,16.99,4.7428,31.45亿,30.43亿
709,688091,上海谊众,SH,60.60,0.02,12.81,9.52,9.49,80.56,0.010,61.86,59.00,2.78,0.99,574.83万,3.46亿,172.37,8.6479,125.26亿,125.26亿
710,688307,中润光学,SH,107.30,8.69,21.93,20.17,20.72,80.55,8.580,107.30,97.14,7.79,1.26,691.43万,7.05亿,159.83,10.3751,95.25亿,95.25亿
711,300561,*ST汇科,SZ,18.39,8.05,18.05,14.26,7.80,80.54,1.370,18.68,17.02,5.53,1.33,1333.54万,2.39亿,-531.53,10.3986,60.34亿,44.33亿
712,301313,凡拓数创,SZ,36.24,0.67,8.44,12.34,1.65,80.53,0.240,37.20,35.65,3.52,0.99,276.89万,1.01亿,-37.29,5.8096,37.49亿,28.47亿
713,300853,申昊科技,SZ,33.93,-0.03,12.85,29.60,13.55,80.53,-0.010,34.64,32.94,7.31,0.59,718.26万,2.44亿,-38.48,9.7238,49.86亿,33.36亿
714,301191,菲菱科思,SZ,159.32,2.92,11.77,31.41,11.77,80.51,4.520,161.70,152.01,10.70,1.13,558.27万,8.82亿,144.03,6.4890,110.48亿,83.16亿
715,002498,汉缆股份,SZ,9.12,-1.83,6.54,18.27,4.59,80.51,-0.170,9.38,9.06,5.38,0.97,1.79亿,16.40亿,47.29,3.4427,303.40亿,303.40亿
716,688300,联瑞新材,SH,94.29,-0.71,8.30,8.50,7.85,80.49,-0.670,96.00,92.67,2.20,0.78,531.82万,5.00亿,79.46,12.8141,227.68亿,227.68亿
717,603283,赛腾股份,SH,54.70,-2.23,5.76,18.12,1.62,80.49,-1.250,55.77,54.20,4.69,0.69,1271.98万,6.99亿,40.72,4.1639,148.33亿,148.33亿
718,000034,神州数码,SZ,40.02,-3.33,11.10,24.01,6.24,80.43,-1.380,41.05,39.94,6.20,0.91,3756.36万,15.16亿,30.74,2.5844,290.14亿,242.65亿
719,300590,移为通信,SZ,15.29,-1.29,7.43,35.25,4.23,80.43,-0.200,15.48,15.12,8.10,0.60,2896.57万,4.42亿,34.02,3.7133,70.68亿,54.71亿
720,688312,燕麦科技,SH,82.70,-1.96,26.53,21.17,18.02,80.43,-1.650,85.95,82.00,5.16,0.85,757.17万,6.36亿,1228.65,7.8374,121.33亿,121.33亿
721,688061,灿瑞科技,SH,39.15,6.50,12.05,6.63,11.22,80.42,2.390,39.59,36.20,3.12,2.26,358.09万,1.37亿,-53.55,1.9589,44.98亿,44.98亿
722,002371,北方华创,SZ,540.79,-2.06,5.96,4.69,0.71,80.41,-11.350,554.80,537.20,1.14,0.63,824.57万,44.75亿,59.95,9.9755,3919.82亿,3916.69亿
723,300103,达刚控股,SZ,8.46,0.95,6.67,12.30,2.55,80.39,0.080,8.46,8.27,3.51,0.97,1114.46万,9320.71万,-374.31,5.9890,26.87亿,26.85亿
724,603931,格林达,SH,42.80,-2.88,15.61,19.25,10.25,80.38,-1.270,44.94,42.64,6.02,0.72,1201.13万,5.20亿,72.84,4.2800,85.41亿,85.41亿
725,301329,信音电子,SZ,26.30,1.66,4.40,26.69,4.20,80.37,0.430,26.43,25.66,7.32,0.72,438.88万,1.15亿,39.21,2.8195,44.76亿,15.77亿
726,301172,君逸数码,SZ,32.80,2.24,7.43,20.95,5.98,80.37,0.720,33.33,31.61,7.65,1.24,755.36万,2.47亿,633.97,3.7970,56.57亿,32.40亿
727,000811,冰轮环境,SZ,26.28,0.96,9.30,13.98,5.33,80.37,0.250,26.80,25.13,4.38,0.84,4284.61万,11.05亿,55.63,3.9925,260.82亿,257.12亿
728,600539,狮头股份,SH,20.40,-0.92,22.95,50.16,16.17,80.36,-0.190,21.40,19.63,16.75,1.32,3852.24万,7.84亿,2228.90,15.6149,46.92亿,46.92亿
729,002833,弘亚数控,SZ,21.19,-0.05,5.05,8.59,3.82,80.36,-0.010,21.34,20.88,2.12,0.56,611.64万,1.29亿,15.48,3.0089,89.89亿,61.08亿
730,600885,宏发股份,SH,32.43,-2.38,8.03,6.79,4.14,80.36,-0.790,33.02,32.12,1.19,0.48,1844.82万,5.99亿,25.91,3.9975,501.88亿,501.88亿
731,688138,清溢光电,SH,32.37,-2.32,6.69,8.23,4.62,80.35,-0.770,32.94,31.90,2.52,0.99,793.56万,2.57亿,45.74,3.5953,101.90亿,101.90亿
732,001234,泰慕士,SZ,31.15,0.97,10.13,44.51,-0.16,80.34,0.300,32.05,29.45,16.01,0.93,1464.50万,4.54亿,61.69,3.6094,34.08亿,28.50亿
733,600183,生益科技,SH,82.00,0.00,6.99,5.99,7.18,80.34,0.000,84.15,80.10,1.59,0.66,3803.22万,31.25亿,43.00,11.1106,1991.88亿,1963.49亿
734,002445,中南文化,SZ,3.95,1.28,12.36,26.82,8.52,80.32,0.050,4.02,3.85,9.66,1.10,2.28亿,8.96亿,89.12,4.1089,93.88亿,93.47亿
735,603019,中科曙光,SH,96.30,-2.48,6.73,18.85,3.59,80.30,-2.450,97.99,96.00,4.64,0.90,6785.00万,65.49亿,154.60,6.2467,1408.98亿,1408.59亿
736,688981,中芯国际,SH,120.31,-4.01,6.80,14.22,1.33,80.30,-5.030,123.19,120.05,3.54,0.83,7086.18万,85.96亿,191.25,6.3920,9640.59亿,2405.67亿
737,688805,健信超导,SH,55.25,3.56,8.56,35.51,6.29,80.29,1.900,55.57,53.45,15.36,1.35,484.17万,2.66亿,100.00,7.4342,92.64亿,17.41亿
738,301321,翰博高新,SZ,28.27,3.14,9.59,13.18,7.61,80.28,0.860,28.73,27.02,4.27,0.68,629.64万,1.77亿,285.76,5.4016,52.71亿,41.73亿
739,603042,华脉科技,SH,21.85,2.53,12.69,29.37,13.21,80.27,0.540,21.95,20.95,11.08,1.56,1779.99万,3.84亿,-400.30,4.2074,35.09亿,35.09亿
740,600629,华建集团,SH,21.66,-1.59,11.72,10.10,6.18,80.27,-0.350,22.13,21.64,2.32,0.85,2227.45万,4.85亿,1279.72,3.9897,210.18亿,207.54亿
741,002149,西部材料,SZ,72.44,-1.40,15.08,56.71,14.06,80.26,-1.030,74.48,72.00,19.25,1.17,9396.82万,68.67亿,961.37,9.4980,353.66亿,353.61亿
742,688059,华锐精密,SH,144.90,-1.29,8.50,13.71,1.87,80.26,-1.900,146.59,142.12,3.64,0.62,340.46万,4.91亿,20.67,6.6717,144.88亿,135.60亿
743,300757,罗博特科,SZ,519.20,1.74,11.89,14.99,7.70,80.23,8.880,529.00,495.74,4.47,0.92,673.42万,34.75亿,-560.45,53.5307,870.22亿,782.19亿
744,688416,恒烁股份,SH,113.50,1.50,13.68,23.61,16.73,80.20,1.680,115.00,107.90,6.43,0.86,533.40万,5.98亿,48.43,7.0804,94.21亿,94.21亿
745,688203,海正生材,SH,14.54,7.15,8.93,8.87,7.31,80.19,0.970,14.58,13.53,4.31,1.58,873.08万,1.23亿,704.39,1.9980,29.47亿,29.47亿
746,000899,赣能股份,SZ,13.65,1.64,10.26,10.18,9.37,80.19,0.220,13.86,13.33,3.94,1.39,3846.79万,5.25亿,16.48,2.0013,133.18亿,133.18亿
747,600259,中稀有色,SH,99.05,0.87,10.28,14.62,7.65,80.19,0.850,99.76,96.02,3.84,0.76,1293.20万,12.68亿,48.75,9.2265,333.24亿,333.24亿
748,688633,星球石墨,SH,36.42,-3.52,11.63,21.73,0.61,80.18,-1.330,37.59,35.95,5.96,0.68,856.55万,3.13亿,17.87,2.9597,52.36亿,52.36亿
749,000518,*ST四环,SZ,3.10,2.65,7.22,4.37,6.53,80.18,0.080,3.11,3.02,1.87,1.92,1929.22万,5928.35万,-70.53,9.8718,31.92亿,31.92亿
750,002491,通鼎互联,SZ,20.66,10.01,30.25,27.10,30.76,80.17,1.880,20.66,20.03,9.80,0.96,1.15亿,23.62亿,123.90,10.0827,254.12亿,243.06亿
751,301349,信德新材,SZ,62.59,4.00,7.76,17.04,6.57,80.13,2.410,63.24,59.80,7.53,1.76,606.79万,3.79亿,50.97,2.3350,63.84亿,50.44亿
752,301359,东南电子,SZ,23.99,2.65,4.75,11.19,2.57,80.13,0.620,24.01,23.17,3.47,0.95,246.79万,5835.38万,139.75,3.3537,28.83亿,17.07亿
753,301219,腾远钴业,SZ,91.00,1.63,9.04,27.19,2.59,80.12,1.460,93.98,88.51,8.31,0.99,1747.77万,16.00亿,12.63,2.7176,268.19亿,191.48亿
754,000420,吉林化纤,SZ,5.49,-1.61,14.09,21.02,7.44,80.12,-0.090,5.59,5.46,5.59,1.04,1.37亿,7.58亿,123.85,3.0401,134.99亿,134.95亿
755,688135,利扬芯片,SH,38.98,0.46,5.37,25.46,5.67,80.12,0.180,39.09,37.51,6.54,0.78,1525.17万,5.87亿,664.49,5.7316,90.86亿,90.86亿
756,600166,福田汽车,SH,3.61,-1.90,8.50,9.22,2.27,80.12,-0.070,3.69,3.58,2.23,0.65,1.76亿,6.36亿,14.25,1.7761,285.82亿,285.82亿
757,300909,汇创达,SZ,47.12,-0.93,4.03,7.08,0.51,80.12,-0.440,47.38,46.56,1.86,0.66,227.79万,1.07亿,193.75,4.0911,81.50亿,57.59亿
758,301563,云汉芯城,SZ,174.58,1.54,5.90,49.66,6.52,80.11,2.650,176.99,168.33,16.90,1.55,248.72万,4.30亿,55.05,8.9843,113.68亿,25.70亿
759,002768,国恩股份,SZ,57.82,2.08,13.26,8.92,9.51,80.11,1.180,59.95,55.64,3.52,1.13,621.47万,3.63亿,16.97,2.5257,174.18亿,102.20亿
760,300880,迦南智能,SZ,23.56,1.38,6.76,16.35,5.41,80.10,0.320,23.63,22.93,5.06,1.12,988.12万,2.30亿,92.06,4.2851,45.97亿,45.97亿
761,603929,亚翔集成,SH,200.97,-2.44,11.01,8.60,6.73,80.09,-5.030,206.66,198.01,1.86,0.71,396.10万,8.01亿,43.23,16.9754,428.79亿,428.79亿
762,000063,中兴通讯,SZ,38.68,-0.57,4.50,12.43,5.40,80.07,-0.220,38.90,37.93,3.42,1.03,1.38亿,52.96亿,35.30,2.4128,1850.27亿,1557.88亿
763,300326,ST凯利,SZ,7.22,1.83,6.06,5.64,1.69,80.06,0.130,7.33,7.05,2.19,1.48,1568.65万,1.13亿,19.58,1.7752,51.77亿,51.75亿
764,600879,航天电子,SH,26.65,5.29,12.27,20.21,11.18,80.06,1.340,26.97,24.88,9.29,1.99,3.06亿,80.13亿,702.78,4.2109,879.26亿,879.26亿
765,301282,金禄电子,SZ,31.37,4.22,8.74,30.11,11.05,80.06,1.270,31.77,29.53,10.81,1.56,1909.16万,5.92亿,185.61,3.8823,66.17亿,55.39亿
766,300255,常山药业,SZ,46.09,0.48,12.04,9.01,11.44,80.05,0.220,47.00,45.81,2.20,0.84,2016.56万,9.34亿,1803.75,35.0036,423.60亿,422.93亿
767,000802,北京文化,SZ,4.90,1.03,19.72,36.55,13.69,80.05,0.050,5.14,4.83,9.24,1.26,6611.64万,3.29亿,-42.55,5.7465,35.08亿,35.06亿
768,300410,正业科技,SZ,10.06,-2.90,4.64,17.45,1.41,80.04,-0.300,10.28,10.00,5.53,1.06,2031.87万,2.05亿,72.13,13.3910,36.93亿,36.93亿
769,300221,银禧科技,SZ,11.68,1.30,3.83,11.98,4.01,80.04,0.150,11.79,11.44,4.09,1.26,1870.10万,2.18亿,36.00,3.6746,55.33亿,53.40亿
770,688110,东芯股份,SH,154.83,-0.39,11.12,22.14,7.69,80.04,-0.600,156.90,151.01,5.20,0.75,2301.08万,35.40亿,123.79,19.0524,684.74亿,684.74亿
771,002862,实丰文化,SZ,19.30,1.74,4.26,9.59,4.16,80.02,0.330,19.36,18.84,3.18,0.94,401.47万,7735.77万,121.33,11.1354,32.42亿,24.37亿
772,002560,通达股份,SZ,15.54,-3.24,8.59,64.28,5.93,80.01,-0.520,15.90,15.44,18.86,0.76,8544.54万,13.31亿,70.66,3.0279,81.70亿,70.39亿
773,300165,天瑞仪器,SZ,8.47,-1.74,28.42,58.51,14.61,80.01,-0.150,8.71,8.05,18.86,1.26,7931.01万,6.68亿,83.47,3.9757,41.97亿,35.62亿
774,600520,三佳科技,SH,29.83,-0.96,3.67,17.14,1.26,79.99,-0.290,30.19,29.71,4.82,0.72,763.26万,2.28亿,791.80,12.0044,47.26亿,47.26亿
775,600497,驰宏锌锗,SH,10.01,3.52,12.25,11.56,11.47,79.98,0.340,10.08,9.51,4.37,1.61,2.20亿,21.80亿,19.06,2.9350,504.54亿,504.54亿
776,301290,东星医疗,SZ,31.49,4.20,8.66,17.81,5.67,79.98,1.270,32.00,30.43,8.12,1.98,553.16万,1.74亿,44.02,1.4567,31.54亿,21.46亿
777,603937,丽岛新材,SH,18.88,10.02,20.39,45.95,23.80,79.97,1.720,18.88,16.64,19.19,1.88,4009.47万,7.08亿,38.07,2.5486,39.44亿,39.44亿
778,688045,必易微,SH,62.21,-1.94,9.08,16.62,2.65,79.97,-1.230,62.74,60.78,3.71,0.70,262.14万,1.61亿,80.53,3.0664,43.91亿,43.91亿
779,301360,荣旗科技,SZ,86.32,0.37,4.07,19.47,1.12,79.95,0.320,88.00,84.88,6.79,1.09,175.63万,1.51亿,-2089.09,3.8524,46.04亿,22.32亿
780,300932,三友联众,SZ,10.81,-0.92,6.08,23.86,6.60,79.94,-0.100,10.85,10.56,6.49,1.50,2070.30万,2.21亿,80.18,2.8194,48.44亿,34.50亿
781,002930,宏川智慧,SZ,16.04,10.01,25.33,25.22,23.48,79.94,1.460,16.04,15.11,4.68,0.81,2029.40万,3.18亿,99.74,3.7491,73.38亿,69.51亿
782,688607,康众医疗,SH,68.60,-4.72,11.34,11.05,3.89,79.93,-3.400,73.00,68.28,3.44,1.23,273.02万,1.91亿,-93.27,7.2016,60.46亿,54.42亿
783,688689,银河微电,SH,39.64,-1.10,5.19,9.73,1.41,79.92,-0.440,39.79,38.88,2.32,0.73,299.23万,1.18亿,69.77,4.0465,51.10亿,51.10亿
784,688799,华纳药厂,SH,61.99,6.88,13.60,11.41,5.64,79.91,3.990,64.00,57.00,5.35,1.65,702.97万,4.32亿,75.72,3.9216,81.41亿,81.41亿
785,688063,派能科技,SH,77.84,-1.78,6.86,16.29,1.20,79.91,-1.410,81.54,77.65,5.84,1.16,1432.58万,11.37亿,214.22,2.0672,190.99亿,190.99亿
786,603989,艾华集团,SH,21.05,-0.85,7.55,9.46,5.99,79.90,-0.180,21.40,20.71,2.61,0.92,1042.37万,2.19亿,30.49,2.1240,83.94亿,83.94亿
787,000586,汇源通信,SZ,19.89,2.31,11.63,41.61,12.31,79.89,0.450,19.99,18.80,16.92,1.83,3234.63万,6.33亿,-173.48,12.0812,38.48亿,38.03亿
788,300817,双飞集团,SZ,21.08,2.93,5.85,8.48,4.46,79.86,0.600,21.29,20.38,3.92,1.62,491.43万,1.03亿,69.17,4.3646,46.02亿,26.41亿
789,603826,坤彩科技,SH,34.44,2.68,7.16,4.71,1.92,79.86,0.900,35.22,33.31,1.91,1.12,1251.59万,4.29亿,75.94,12.0625,225.65亿,225.65亿
790,002654,万润科技,SZ,14.96,-0.80,4.34,18.51,3.03,79.85,-0.120,15.15,14.75,4.08,0.61,3448.75万,5.15亿,-588.71,8.0855,126.46亿,126.45亿
791,300668,杰恩股份,SZ,66.00,4.40,26.95,23.93,19.37,79.84,2.780,68.19,62.28,6.21,0.78,618.76万,4.07亿,-305.49,10.1890,79.45亿,65.80亿
792,002957,科瑞技术,SZ,45.29,-0.37,6.19,23.76,3.83,79.83,-0.170,45.85,43.15,7.88,1.27,3298.12万,14.79亿,68.50,5.7463,190.21亿,189.62亿
793,000925,众合科技,SZ,9.82,-0.81,11.10,74.31,6.86,79.83,-0.080,10.16,9.66,17.16,0.56,1.16亿,11.46亿,-50.02,2.0627,66.42亿,66.11亿
794,002331,皖通科技,SZ,9.72,2.53,6.58,20.11,4.85,79.81,0.240,9.77,9.27,7.98,1.18,3159.18万,3.01亿,-36.09,2.8851,41.64亿,38.48亿
795,002421,达实智能,SZ,3.02,-0.33,5.52,13.30,4.14,79.80,-0.010,3.05,3.00,3.74,0.92,7487.44万,2.26亿,-98.70,2.3583,64.04亿,60.50亿
796,601882,海天精工,SH,23.79,6.63,21.36,8.42,18.48,79.79,1.480,24.20,22.17,3.55,2.28,1854.92万,4.33亿,27.88,4.2770,124.18亿,124.18亿
797,301314,科瑞思,SZ,53.02,0.23,3.65,20.00,2.95,79.78,0.120,53.08,52.23,5.50,0.70,100.37万,5288.89万,716.50,2.7808,29.29亿,9.68亿
798,300443,金雷股份,SZ,30.94,-0.48,4.46,14.81,2.18,79.77,-0.150,31.26,30.50,4.15,0.84,1006.62万,3.11亿,36.33,1.5656,99.05亿,75.11亿
799,600396,华电辽能,SH,12.44,3.67,31.45,57.08,25.40,79.76,0.440,13.20,12.20,23.86,1.13,3.51亿,44.71亿,29.04,11.9362,183.20亿,183.20亿
800,603062,麦加芯彩,SH,56.96,0.74,8.84,15.50,5.97,79.76,0.420,58.50,55.75,5.71,1.00,211.69万,1.21亿,152.77,2.9242,61.52亿,21.12亿
801,688205,德科立,SH,251.32,-1.79,10.26,26.79,4.30,79.76,-4.580,255.68,245.80,7.13,0.72,1127.82万,28.22亿,506.39,16.9931,397.80亿,397.80亿
802,600032,浙江新能,SH,10.40,-1.61,11.04,8.24,5.37,79.75,-0.170,11.04,10.33,2.72,0.95,6551.37万,6.93亿,220.16,1.9460,250.09亿,250.09亿
803,001316,润贝航科,SZ,60.70,1.22,14.99,20.64,16.96,79.75,0.730,61.32,56.88,6.90,1.71,767.62万,4.51亿,28.82,5.1227,69.88亿,67.55亿
804,000036,华联控股,SZ,6.07,9.96,10.73,13.65,8.59,79.75,0.550,6.07,5.66,7.03,1.92,9868.95万,5.91亿,81.81,1.6568,85.21亿,85.16亿
805,603075,热威股份,SH,25.16,2.69,7.43,17.74,6.88,79.74,0.660,25.29,24.40,6.31,1.31,260.29万,6510.59万,35.40,4.5227,101.26亿,10.38亿
806,603757,大元泵业,SH,54.95,1.48,11.19,22.19,8.64,79.72,0.800,56.40,52.16,8.18,1.41,1526.45万,8.31亿,223.64,4.8305,102.51亿,102.51亿
807,300635,中达安,SZ,15.58,2.70,7.53,17.20,5.70,79.72,0.410,15.84,15.07,6.31,1.11,759.61万,1.17亿,365.72,7.0935,21.81亿,18.76亿
808,605117,德业股份,SH,151.27,-1.99,8.22,4.52,0.42,79.72,-3.070,155.97,149.54,1.18,0.75,1074.47万,16.34亿,28.95,11.8696,1375.55亿,1375.55亿
809,000066,中国长城,SZ,23.09,-3.71,13.22,37.48,16.50,79.71,-0.890,24.42,22.68,20.48,1.87,6.61亿,154.40亿,-222.69,6.8134,744.84亿,744.78亿
810,001223,欧克科技,SZ,59.00,1.41,9.06,8.48,5.89,79.68,0.820,59.49,57.50,2.36,0.78,117.53万,6887.81万,44.75,2.8574,55.08亿,29.43亿
811,300823,建科智能,SZ,19.71,2.44,6.54,30.07,4.78,79.68,0.470,19.84,18.75,10.15,0.80,860.90万,1.68亿,44.78,2.6588,25.82亿,16.71亿
812,301297,富乐德,SZ,44.96,-5.72,12.04,20.56,4.07,79.67,-2.730,46.50,44.05,6.52,1.00,2368.19万,10.69亿,86.20,6.1604,334.14亿,163.19亿
813,603685,晨丰科技,SH,32.88,1.80,6.55,6.05,0.18,79.67,0.580,33.06,31.81,1.27,0.58,255.07万,8328.57万,206.92,4.1350,82.51亿,66.24亿
814,605088,冠盛股份,SH,37.29,3.61,6.49,6.85,5.16,79.67,1.300,37.59,35.72,3.27,1.63,652.65万,2.42亿,24.30,2.5567,75.60亿,74.47亿
815,000537,绿发电力,SZ,10.72,-1.11,11.02,10.47,8.39,79.64,-0.120,11.09,10.61,3.20,0.91,6585.19万,7.10亿,61.93,1.1073,220.37亿,220.37亿
816,603005,晶方科技,SH,32.07,-1.05,4.21,20.88,3.12,79.63,-0.340,32.18,31.39,5.70,0.89,3714.64万,11.82亿,79.91,4.4879,209.15亿,209.15亿
817,300490,华自科技,SZ,19.87,-2.74,5.48,22.30,-0.15,79.62,-0.560,20.85,19.76,7.27,0.98,2859.89万,5.76亿,23.86,3.5590,79.22亿,78.14亿
818,688381,帝奥微,SH,33.41,-2.42,16.42,29.01,4.50,79.61,-0.830,34.94,33.30,6.33,0.68,1567.24万,5.29亿,-83.86,3.2925,82.69亿,82.69亿
819,002111,威海广泰,SZ,11.64,2.92,4.99,16.58,5.63,79.61,0.330,11.67,11.20,4.34,0.74,2118.83万,2.45亿,20.04,2.0050,61.93亿,56.89亿
820,603613,国联股份,SH,28.88,1.65,6.63,6.51,6.45,79.60,0.470,29.08,27.60,2.80,1.42,2019.72万,5.76亿,18.99,2.2198,208.09亿,208.09亿
821,301486,致尚科技,SZ,229.29,-4.06,15.30,38.71,5.52,79.60,-9.710,238.99,226.00,11.64,0.85,843.12万,19.38亿,-1214.83,11.5493,295.05亿,166.13亿
822,002947,恒铭达,SZ,83.44,-2.52,6.56,20.89,2.67,79.60,-2.160,86.32,82.51,5.74,0.70,1104.83万,9.24亿,35.30,6.8735,213.78亿,160.73亿
823,601778,晶科科技,SH,7.39,-0.40,13.38,44.33,13.69,79.55,-0.030,7.53,7.17,13.61,0.82,5.07亿,37.22亿,-53.47,1.6746,275.53亿,275.53亿
824,605016,百龙创园,SH,27.92,0.04,8.31,4.79,2.68,79.55,0.010,28.75,27.25,1.63,1.09,685.42万,1.92亿,24.31,5.6323,117.27亿,117.27亿
825,301251,威尔高,SZ,67.95,1.74,8.42,30.65,7.98,79.54,1.160,68.50,64.80,9.65,0.86,520.77万,3.48亿,336.47,5.8866,91.52亿,36.69亿
826,688209,英集芯,SH,24.20,-1.10,5.23,11.69,-0.29,79.51,-0.270,24.44,23.83,2.62,0.67,1138.09万,2.75亿,58.15,4.6948,104.98亿,104.98亿
827,001309,德明利,SZ,597.71,-3.05,13.84,29.90,13.89,79.51,-18.800,609.98,592.90,9.33,0.90,1505.63万,90.43亿,10.13,20.4711,1355.88亿,964.26亿
828,301093,华兰股份,SZ,96.66,2.29,17.33,10.53,13.20,79.50,2.160,99.80,93.04,2.67,0.87,418.87万,4.06亿,6508.56,7.2019,158.72亿,151.75亿
829,688485,九州一轨,SH,63.99,6.72,22.99,43.20,15.92,79.50,4.030,64.71,58.49,12.38,0.78,1099.00万,6.75亿,-552.36,7.6894,96.17亿,56.80亿
830,002741,光华科技,SZ,22.13,-1.38,4.15,20.39,1.98,79.49,-0.310,22.60,22.04,5.66,0.74,2411.46万,5.37亿,62.53,5.3177,102.91亿,94.35亿
831,688573,信宇人,SH,23.70,-0.84,15.29,33.09,8.17,79.49,-0.200,24.68,23.61,7.98,0.86,424.58万,1.01亿,-16.30,6.6990,23.17亿,12.61亿
832,600331,宏达股份,SH,18.28,5.66,9.87,12.81,0.77,79.48,0.980,18.42,17.05,4.17,1.02,8465.94万,15.05亿,-358.18,15.5030,482.88亿,371.45亿
833,600367,红星发展,SH,23.68,0.04,6.01,34.15,0.89,79.47,0.010,24.48,23.54,10.90,0.95,3509.97万,8.39亿,70.49,3.2451,80.78亿,76.24亿
834,603915,国茂股份,SH,17.65,7.43,13.30,6.24,12.35,79.46,1.220,17.87,16.35,3.28,2.22,2152.51万,3.72亿,52.66,3.0559,115.90亿,115.90亿
835,688693,锴威特,SH,107.46,12.64,23.75,67.60,11.94,79.46,12.060,112.00,93.00,24.05,1.28,935.54万,9.67亿,-109.88,10.1951,79.18亿,41.81亿
836,301628,强达电路,SZ,113.94,2.70,7.34,22.35,8.60,79.44,3.000,114.50,109.30,8.30,1.41,270.69万,3.06亿,94.89,7.1875,85.88亿,37.17亿
837,300480,光力科技,SZ,37.34,-1.24,7.11,26.36,4.10,79.43,-0.470,38.28,36.32,6.99,0.77,1871.89万,6.99亿,108.90,7.9030,137.34亿,99.98亿
838,301053,远信工业,SZ,67.80,-0.73,11.67,18.41,5.94,79.42,-0.500,69.50,65.20,7.01,0.89,610.44万,4.08亿,94.37,6.7023,63.72亿,59.04亿
839,300782,卓胜微,SZ,103.80,-2.59,8.02,17.53,4.20,79.41,-2.760,106.49,102.23,4.66,0.85,2089.23万,21.86亿,-103.39,4.5281,596.84亿,465.28亿
840,600601,方正科技,SH,12.12,0.50,4.37,14.75,3.86,79.41,0.060,12.25,11.75,4.88,0.96,2.03亿,24.50亿,55.90,10.6164,517.98亿,505.44亿
841,300745,欣锐科技,SZ,41.85,1.26,20.29,39.01,24.33,79.41,0.520,43.00,41.00,9.27,0.76,1319.07万,5.54亿,329.49,3.1856,70.55亿,59.56亿
842,603829,洛凯股份,SH,29.43,1.41,6.42,12.12,2.72,79.40,0.410,29.65,28.64,3.54,0.80,659.24万,1.93亿,423.58,3.6700,54.82亿,54.82亿
843,300475,香农芯创,SZ,181.02,-4.31,13.74,37.54,3.62,79.40,-8.160,184.88,180.00,10.40,0.88,4631.79万,84.32亿,15.85,17.3174,841.54亿,806.23亿
844,002752,昇兴股份,SZ,7.65,2.68,4.59,11.02,3.38,79.39,0.200,7.66,7.38,3.91,0.89,3817.94万,2.89亿,12.33,2.0289,74.73亿,74.63亿
845,605222,起帆电缆,SH,37.88,7.31,12.57,20.91,4.15,79.39,2.580,38.57,34.80,6.29,1.04,2597.26万,9.49亿,41.01,3.3231,156.41亿,156.41亿
846,688337,普源精电,SH,60.39,-4.60,7.12,11.84,0.00,79.39,-2.910,63.00,60.00,4.32,1.15,802.96万,4.89亿,126.44,3.6823,117.08亿,112.28亿
847,603390,通达电气,SH,13.97,-1.55,7.12,22.45,4.64,79.38,-0.220,14.04,13.73,5.87,0.73,2058.69万,2.86亿,19.23,2.8711,49.13亿,48.97亿
848,002042,华孚时尚,SZ,5.20,-3.53,13.79,20.45,5.48,79.37,-0.190,5.40,5.18,5.81,1.11,9888.20万,5.18亿,87.31,1.4966,88.44亿,88.44亿
849,002823,凯中精密,SZ,17.07,1.19,6.03,14.27,5.11,79.36,0.200,17.07,16.70,4.17,0.98,912.52万,1.54亿,26.80,2.6590,56.05亿,37.36亿
850,603895,天永智能,SH,31.90,0.60,15.14,10.67,11.27,79.35,0.190,32.25,30.76,4.62,2.18,499.73万,1.58亿,165.14,16.7992,34.48亿,34.48亿
851,688323,瑞华泰,SH,28.03,-2.64,29.60,38.91,16.84,79.33,-0.760,29.30,27.52,11.31,1.01,2036.20万,5.76亿,-55.73,7.0508,50.45亿,50.45亿
852,605589,圣泉集团,SH,39.66,-2.79,6.78,17.15,1.48,79.33,-1.140,40.82,39.45,4.37,0.68,3687.18万,14.69亿,47.32,3.0770,335.68亿,334.57亿
853,688272,富吉瑞,SH,44.70,3.00,9.05,13.25,6.43,79.32,1.300,45.20,42.24,4.68,1.33,355.89万,1.56亿,-63.17,8.5238,33.97亿,33.97亿
854,300531,优博讯,SZ,20.70,-0.38,9.30,20.01,9.35,79.30,-0.080,20.78,20.45,4.79,0.89,1491.43万,3.07亿,38.46,4.6206,66.46亿,64.50亿
855,603600,永艺股份,SH,12.32,0.49,5.33,7.00,2.67,79.28,0.060,12.45,12.22,1.87,0.69,559.58万,6903.54万,14.13,1.7339,40.71亿,36.96亿
856,300586,美联新材,SZ,11.70,-2.90,7.12,18.71,0.43,79.27,-0.350,11.99,11.60,6.52,0.73,3487.92万,4.11亿,1461.58,4.5109,83.21亿,62.55亿
857,688097,博众精工,SH,60.96,0.31,7.37,5.94,5.50,79.27,0.190,61.61,58.82,1.63,0.88,727.04万,4.41亿,239.02,5.6725,272.28亿,271.28亿
858,300393,中来股份,SZ,11.74,0.77,14.23,22.44,16.01,79.25,0.090,11.95,11.45,5.35,0.85,5117.51万,6.00亿,-12.74,7.2228,127.92亿,112.22亿
859,603115,海星股份,SH,62.37,-2.13,16.42,11.86,9.63,79.24,-1.360,65.80,61.00,3.28,0.94,793.85万,4.99亿,95.11,6.9685,150.87亿,150.87亿
860,300557,理工光科,SZ,38.83,2.37,9.44,14.89,10.06,79.24,0.900,38.85,37.02,5.89,1.85,703.34万,2.68亿,134.34,4.6299,46.93亿,46.36亿
861,300946,恒而达,SZ,54.18,8.43,18.55,12.74,13.70,79.23,4.210,56.50,49.70,8.96,6.16,679.53万,3.65亿,147.11,7.0737,84.53亿,41.07亿
862,002229,鸿博股份,SZ,18.50,0.87,12.02,42.11,12.87,79.23,0.160,18.75,18.10,10.72,0.93,5285.89万,9.77亿,-72.40,8.5735,91.80亿,91.23亿
863,002202,金风科技,SZ,28.49,0.11,4.43,23.99,3.41,79.22,0.030,28.92,28.01,7.04,0.97,2.37亿,67.29亿,33.16,3.0262,1203.36亿,958.26亿
864,301216,万凯新材,SZ,30.37,-0.26,7.14,10.29,1.27,79.21,-0.080,30.78,29.38,2.70,0.76,1482.35万,4.46亿,11.57,2.6937,176.21亿,166.53亿
865,300462,ST华铭,SZ,13.89,1.68,8.43,8.03,5.55,79.19,0.230,14.14,13.49,3.10,1.14,427.76万,5983.06万,-35.23,1.8168,25.17亿,19.17亿
866,601512,中新集团,SH,10.64,2.60,13.72,5.16,5.77,79.18,0.270,11.41,10.52,2.73,1.70,4089.71万,4.44亿,33.59,1.0339,159.48亿,159.48亿
867,301608,博实结,SZ,97.67,1.78,4.63,12.14,4.68,79.18,1.710,97.76,94.99,3.87,1.07,154.49万,1.50亿,39.43,3.9076,86.92亿,39.01亿
868,688667,菱电电控,SH,156.11,3.58,10.77,11.15,5.29,79.18,5.400,157.99,147.65,3.24,0.80,170.53万,2.63亿,65.43,4.5158,82.26亿,82.26亿
869,603416,信捷电气,SH,58.50,-0.37,10.26,8.86,7.62,79.18,-0.220,58.90,57.50,2.30,1.04,320.44万,1.87亿,42.27,3.3358,91.93亿,81.46亿
870,300067,安诺其,SZ,7.62,-4.39,16.79,66.48,11.24,79.14,-0.350,7.83,7.55,16.84,0.64,1.58亿,12.09亿,218.42,3.5356,87.96亿,71.42亿
871,300938,信测标准,SZ,63.55,2.52,17.70,33.16,11.79,79.09,1.560,65.17,59.99,10.39,0.97,2195.91万,13.76亿,86.31,8.0653,154.74亿,134.31亿
872,000060,中金岭南,SZ,7.95,-1.61,21.93,32.47,17.78,79.08,-0.130,8.23,7.77,9.83,1.60,4.32亿,34.36亿,17.33,1.7676,349.01亿,349.00亿
873,603790,雅运股份,SH,25.28,1.00,5.54,6.52,3.02,79.08,0.250,25.64,24.79,2.09,1.04,399.05万,1.01亿,33.03,3.7073,48.38亿,48.38亿
874,301226,祥明智能,SZ,41.88,4.26,8.29,16.48,8.53,79.08,1.710,41.91,39.54,7.52,2.06,818.67万,3.38亿,1181.14,5.0123,45.57亿,45.57亿
875,603066,音飞储存,SH,11.90,0.42,7.93,14.95,2.59,79.08,0.050,12.37,11.87,5.78,1.03,1700.50万,2.05亿,7.02,2.2943,35.01亿,35.01亿
876,002963,豪尔赛,SZ,17.76,0.97,7.37,11.55,3.86,79.08,0.170,18.06,17.30,3.36,0.61,413.61万,7331.49万,-142.19,2.2518,26.70亿,21.84亿
877,605228,神通科技,SH,15.33,0.79,5.56,7.58,6.53,79.06,0.120,15.35,15.09,1.82,0.95,870.02万,1.33亿,39.55,3.2025,73.45亿,73.14亿
878,301128,强瑞技术,SZ,191.75,-6.03,15.87,28.06,7.54,79.05,-12.300,199.87,191.50,8.04,0.94,709.75万,13.80亿,337.49,21.1281,198.35亿,169.18亿
879,301419,阿莱德,SZ,42.93,0.56,5.61,18.06,7.11,79.03,0.240,42.94,41.81,5.14,1.02,407.51万,1.73亿,104.07,5.2976,51.52亿,34.05亿
880,301588,美新科技,SZ,35.89,-0.17,11.44,46.27,4.48,79.02,-0.060,36.98,34.08,13.32,0.81,977.36万,3.47亿,99.04,4.5036,42.66亿,26.33亿
881,688518,联赢激光,SH,28.70,-1.17,4.33,15.40,0.14,79.01,-0.340,29.24,28.37,4.23,0.74,1445.49万,4.14亿,53.31,2.9633,97.96亿,97.96亿
882,600707,彩虹股份,SH,8.88,-1.77,11.37,13.58,9.77,79.01,-0.160,9.04,8.56,5.95,1.47,2.13亿,18.78亿,1440.34,1.4618,318.65亿,318.59亿
883,300864,南大环境,SZ,24.85,9.47,16.34,8.53,11.59,79.01,2.150,25.80,22.74,5.24,3.15,827.69万,2.02亿,21.32,2.8008,39.24亿,39.24亿
884,301182,凯旺科技,SZ,69.54,-4.21,8.34,12.70,0.55,78.99,-3.060,74.44,69.17,3.88,1.07,339.22万,2.41亿,-46.57,10.0526,66.63亿,60.77亿
885,301630,同宇新材,SZ,259.50,-1.63,9.04,45.72,4.18,78.99,-4.290,261.68,253.90,12.29,0.65,122.95万,3.16亿,57.61,5.9305,103.80亿,25.95亿
886,603519,立霸股份,SH,14.78,1.72,3.81,5.51,2.35,78.98,0.250,14.78,14.48,1.37,0.69,365.91万,5360.55万,29.11,3.1204,39.36亿,39.36亿
887,300346,南大光电,SZ,54.12,-3.05,8.21,25.65,5.05,78.97,-1.700,55.13,53.76,7.63,1.03,5003.02万,27.18亿,75.29,10.3901,374.05亿,355.02亿
888,301393,昊帆生物,SZ,58.88,-1.54,4.34,13.69,0.10,78.96,-0.920,59.89,58.28,3.95,0.84,166.13万,9773.45万,47.53,2.6619,63.59亿,24.79亿
889,300984,金沃股份,SZ,69.90,3.43,16.97,15.49,9.65,78.96,2.320,72.93,67.35,6.77,1.56,600.02万,4.23亿,147.29,8.0055,86.31亿,61.93亿
890,002406,远东传动,SZ,8.28,1.85,3.89,24.95,4.02,78.90,0.150,8.30,8.00,10.72,1.30,6454.15万,5.28亿,33.57,1.4683,60.46亿,49.86亿
891,300429,强力新材,SZ,14.96,1.77,6.24,16.70,6.02,78.89,0.260,15.08,14.50,7.38,1.78,2955.94万,4.40亿,-69.85,4.8256,80.50亿,59.91亿
892,688018,乐鑫科技,SH,174.78,-2.62,4.64,11.15,1.55,78.89,-4.710,178.80,173.10,2.86,0.84,477.42万,8.38亿,53.84,6.4980,292.13亿,292.13亿
893,688511,天微电子,SH,24.10,11.57,19.37,12.79,13.84,78.88,2.500,24.85,21.66,6.86,2.12,917.46万,2.17亿,149.76,3.9246,32.22亿,32.22亿
894,605258,协和电子,SH,38.55,-0.98,11.89,16.85,11.00,78.87,-0.380,39.03,38.00,7.73,1.73,680.28万,2.61亿,165.91,2.7844,33.92亿,33.92亿
895,000037,深南电A,SZ,11.15,-1.33,7.87,31.62,3.24,78.85,-0.150,11.73,11.06,10.00,1.03,3388.65万,3.82亿,139.72,3.9770,67.21亿,37.79亿
896,300593,新雷能,SZ,29.25,-1.68,5.18,13.13,2.31,78.83,-0.500,29.58,28.77,3.70,0.76,1658.12万,4.84亿,-92.10,6.9174,158.68亿,131.13亿
897,300607,拓斯达,SZ,31.61,3.81,13.81,24.26,8.33,78.82,1.160,33.06,30.00,12.42,2.29,4192.40万,13.30亿,78.39,5.1665,150.77亿,106.68亿
898,300321,同大股份,SZ,43.92,8.93,18.81,10.36,16.19,78.81,3.600,44.77,39.57,5.52,2.94,489.84万,2.08亿,2060.07,6.1475,39.00亿,38.96亿
899,688700,东威科技,SH,62.00,-3.00,7.02,14.45,1.47,78.81,-1.920,63.40,60.68,4.82,0.93,1438.66万,8.91亿,104.37,9.8568,185.01亿,185.01亿
900,002585,双星新材,SZ,7.89,-1.00,6.97,17.65,1.81,78.80,-0.080,8.06,7.82,4.15,0.60,3676.64万,2.91亿,554.77,1.0818,90.05亿,69.97亿
901,600159,大龙地产,SH,3.36,1.51,3.60,10.23,0.90,78.80,0.050,3.41,3.31,3.11,0.87,2580.76万,8678.78万,-44.33,1.9133,27.89亿,27.89亿
902,002189,中光学,SZ,24.05,6.23,15.26,10.54,13.98,78.79,1.410,24.32,22.37,5.50,3.06,1437.67万,3.41亿,-25.07,15.0350,62.82亿,62.81亿
903,002713,*ST东易,SZ,12.94,0.31,7.51,11.52,1.25,78.79,0.040,13.16,12.73,3.18,0.77,1672.56万,2.16亿,-180.80,14.1760,123.11亿,68.13亿
904,603693,江苏新能,SH,15.42,-0.64,8.49,6.81,4.68,78.78,-0.100,15.89,15.28,2.07,0.83,1847.11万,2.87亿,31.39,1.9137,137.47亿,137.47亿
905,301106,骏成科技,SZ,35.83,1.73,4.41,12.78,0.08,78.77,0.610,36.47,34.92,4.15,0.89,424.28万,1.51亿,113.15,2.8192,36.59亿,36.59亿
906,002120,韵达股份,SZ,7.89,-1.00,4.45,5.52,0.38,78.77,-0.080,8.10,7.89,1.50,0.45,4235.34万,3.38亿,11.74,1.0750,228.75亿,222.11亿
907,301234,五洲医疗,SZ,42.48,4.76,6.64,14.05,2.56,78.76,1.930,42.95,40.47,5.57,1.51,223.77万,9419.85万,89.70,3.7560,28.89亿,17.06亿
908,002652,扬子新材,SZ,6.57,2.50,15.35,51.23,10.79,78.76,0.160,6.77,6.36,13.78,0.88,7057.44万,4.64亿,-261.70,14.3270,33.64亿,33.64亿
909,688807,优迅股份,SH,400.15,6.86,24.07,45.62,12.72,78.76,25.700,435.53,360.00,18.83,1.30,283.05万,11.15亿,301.16,17.8038,320.12亿,60.17亿
910,688661,和林微纳,SH,128.30,2.10,14.68,14.47,5.61,78.76,2.640,133.48,121.99,4.06,0.78,616.68万,7.92亿,-379.81,16.0405,194.87亿,194.87亿
911,688372,伟测科技,SH,155.99,-4.87,11.89,19.17,3.04,78.76,-7.990,160.71,152.52,6.43,1.03,1077.99万,16.81亿,92.33,6.2466,261.70亿,261.70亿
912,600816,建元信托,SH,3.08,1.99,12.93,10.52,4.76,78.75,0.060,3.19,3.00,2.95,0.86,1.61亿,5.01亿,7.45,1.9825,303.21亿,168.45亿
913,300018,中元股份,SZ,14.32,0.28,5.43,18.70,4.99,78.75,0.040,14.42,13.83,6.14,1.06,2215.11万,3.12亿,59.36,4.8167,69.50亿,51.65亿
914,603050,科林电气,SH,24.33,-0.04,13.64,14.19,12.12,78.75,-0.010,24.96,23.51,3.10,0.87,1249.58万,3.01亿,57.87,5.3358,98.13亿,98.13亿
915,688345,博力威,SH,52.95,-2.74,11.03,11.88,0.86,78.75,-1.490,54.52,52.25,3.23,1.03,323.11万,1.72亿,47.89,4.6310,53.56亿,52.95亿
916,301152,天力锂能,SZ,34.21,-1.72,8.52,47.07,0.80,78.75,-0.600,36.28,34.12,14.17,0.91,1005.50万,3.50亿,120.15,3.3539,40.62亿,24.28亿
917,600330,天通股份,SH,29.16,4.22,14.31,57.37,4.55,78.74,1.180,30.19,27.51,16.62,0.84,2.05亿,59.42亿,-214.88,4.6372,359.67亿,359.67亿
918,002871,伟隆股份,SZ,20.71,-0.24,15.35,17.39,12.31,78.73,-0.050,21.14,20.51,3.78,0.83,564.55万,1.17亿,57.83,4.4522,52.16亿,30.91亿
919,300233,金城医药,SZ,16.21,0.68,5.93,7.71,4.45,78.73,0.110,16.37,15.88,2.54,1.05,938.27万,1.51亿,26.92,1.6976,62.23亿,59.95亿
920,600770,综艺股份,SH,7.84,-4.04,13.91,47.61,2.89,78.72,-0.330,8.23,7.72,14.53,0.84,1.89亿,14.91亿,168.61,2.9981,101.92亿,101.92亿
921,300082,奥克股份,SZ,12.12,-4.42,14.36,18.67,4.21,78.71,-0.560,12.82,11.99,5.98,0.93,4056.09万,4.97亿,997.34,3.0047,82.43亿,82.21亿
922,688001,华兴源创,SH,63.90,12.38,25.74,14.14,20.77,78.70,7.040,64.33,56.95,5.58,1.15,2478.63万,15.21亿,2432.00,7.6401,284.03亿,284.03亿
923,002552,宝鼎科技,SZ,27.65,9.98,24.24,10.46,25.28,78.69,2.510,27.65,25.68,3.09,0.79,1139.05万,3.07亿,40.61,6.8506,107.28亿,101.89亿
924,688053,ST思科瑞,SH,43.37,2.89,10.08,4.93,9.80,78.69,1.220,43.98,41.70,1.72,1.36,171.98万,7364.37万,-312.32,2.7384,43.37亿,43.37亿
925,603926,铁流股份,SH,22.72,1.66,8.05,14.46,4.46,78.69,0.370,23.25,22.15,4.83,1.02,1115.95万,2.55亿,44.97,3.0477,53.33亿,52.45亿
926,600800,渤海化学,SH,4.87,0.62,11.55,21.85,6.10,78.68,0.030,4.91,4.75,4.17,0.73,4625.20万,2.24亿,-9.46,5.5240,54.06亿,54.04亿
927,603139,康惠股份,SH,37.58,1.10,6.25,12.75,3.53,78.68,0.410,37.85,36.76,3.56,0.69,355.92万,1.33亿,44.94,6.8770,37.53亿,37.53亿
928,002730,电光科技,SZ,33.91,2.42,9.63,30.08,0.74,78.67,0.800,34.76,32.42,10.85,1.14,3753.35万,12.61亿,140.43,7.4423,122.78亿,117.34亿
929,300867,圣元环保,SZ,22.11,0.27,8.07,16.99,7.49,78.67,0.060,22.24,21.87,3.90,0.76,747.39万,1.65亿,13.37,1.4922,60.08亿,42.37亿
930,002520,日发精机,SZ,6.75,9.93,14.33,27.05,13.83,78.65,0.610,6.75,6.10,11.32,1.66,8120.38万,5.32亿,37.43,17.1072,50.64亿,48.43亿
931,603967,中创物流,SH,14.41,0.84,6.82,6.49,3.45,78.64,0.120,14.62,14.16,1.53,0.62,530.81万,7647.70万,12.64,2.2136,49.95亿,49.95亿
932,000070,特发信息,SZ,21.07,4.77,16.70,41.65,16.54,78.59,0.960,21.22,19.69,18.10,1.87,1.61亿,33.27亿,-497.39,18.9589,189.70亿,187.24亿
933,300249,依米康,SZ,18.45,-0.16,4.90,31.48,5.07,78.58,-0.030,18.56,18.00,9.34,1.02,3495.41万,6.41亿,216.50,25.5218,81.27亿,69.02亿
934,001259,利仁科技,SZ,37.56,3.16,10.54,19.53,9.38,78.58,1.150,37.80,36.23,3.73,0.66,177.16万,6573.24万,131.52,3.8037,27.64亿,17.86亿
935,688657,浩辰软件,SH,54.35,0.69,3.63,7.56,3.72,78.57,0.370,54.35,53.52,2.08,0.70,85.44万,4617.27万,209.19,2.5785,35.61亿,22.31亿
936,603211,晋拓股份,SH,28.15,1.59,7.46,12.12,5.04,78.57,0.440,28.68,27.30,3.15,0.71,856.45万,2.42亿,168.85,6.1075,76.51亿,76.51亿
937,688498,源杰科技,SH,1575.00,-3.31,10.38,12.72,0.25,78.56,-54.000,1625.00,1567.82,3.46,0.78,293.64万,46.60亿,188.60,53.6167,1353.68亿,1336.21亿
938,300689,澄天伟业,SZ,55.29,0.29,4.37,9.24,2.85,78.55,0.160,55.39,54.16,2.32,0.71,234.63万,1.28亿,-512.51,9.2304,63.92亿,55.94亿
939,600699,均胜电子,SH,29.63,0.58,5.96,14.02,3.89,78.54,0.170,30.30,29.15,5.04,1.31,6824.47万,20.30亿,28.57,2.6218,459.49亿,401.50亿
940,002465,海格通信,SZ,17.12,2.09,6.58,11.46,6.34,78.53,0.350,17.19,16.78,4.79,1.62,1.19亿,20.15亿,1822.77,3.7196,424.89亿,424.21亿
941,688167,炬光科技,SH,434.64,2.91,24.86,26.40,21.41,78.50,12.290,436.98,402.35,10.05,1.62,902.84万,38.35亿,-739.56,17.4654,390.57亿,390.57亿
942,300257,开山股份,SZ,34.70,1.52,13.58,6.50,12.77,78.50,0.520,34.98,33.45,1.92,1.10,1828.43万,6.29亿,108.21,5.1937,344.79亿,331.28亿
943,301603,乔锋智能,SZ,133.71,7.94,29.21,48.65,22.84,78.50,9.840,139.98,128.00,15.76,1.06,594.85万,8.03亿,38.13,6.4550,161.47亿,50.45亿
944,000039,中集集团,SZ,12.81,-3.03,11.46,11.38,3.39,78.49,-0.400,13.40,12.69,2.46,0.70,5663.06万,7.29亿,82.64,1.4786,690.78亿,294.81亿
945,301176,逸豪新材,SZ,41.51,1.24,13.63,24.20,11.14,78.48,0.510,42.44,39.80,6.09,0.60,998.66万,4.12亿,186.83,4.7188,70.18亿,68.10亿
946,603496,恒为科技,SH,31.48,-0.82,4.23,23.97,3.18,78.47,-0.260,32.00,31.36,6.89,0.86,2206.92万,6.97亿,433.22,7.2288,100.80亿,100.80亿
947,688355,明志科技,SH,24.12,2.12,6.25,5.83,3.21,78.46,0.500,24.32,23.16,2.21,1.17,273.95万,6500.66万,232.62,2.7003,29.90亿,29.90亿
948,688484,南芯科技,SH,43.22,-1.50,17.39,12.21,12.52,78.46,-0.660,44.00,41.61,3.70,1.28,1580.84万,6.73亿,1384.21,4.4275,184.84亿,184.84亿
949,300656,民德电子,SZ,29.65,0.34,19.18,21.28,17.24,78.45,0.100,30.28,29.04,5.17,0.86,687.25万,2.04亿,-48.28,5.9028,50.74亿,39.40亿
950,002194,武汉凡谷,SZ,12.73,1.84,15.14,31.45,15.41,78.45,0.230,12.85,12.42,16.27,2.60,8312.84万,10.56亿,-1481.52,3.5114,86.98亿,65.03亿
951,300313,*ST天山,SZ,8.99,0.78,8.93,6.91,5.64,78.43,0.070,9.19,8.90,2.28,0.97,450.18万,4071.77万,129.50,58.6719,21.56亿,17.74亿
952,300710,万隆光电,SZ,33.18,-0.06,3.48,16.87,1.19,78.43,-0.020,33.29,32.62,4.39,0.61,327.42万,1.08亿,-90.61,7.6173,33.01亿,24.75亿
953,600969,郴电国际,SH,11.22,2.56,16.72,22.33,12.99,78.42,0.280,11.64,10.76,9.71,2.36,3592.11万,4.06亿,91.73,1.1406,41.52亿,41.52亿
954,300058,蓝色光标,SZ,18.69,-3.16,12.73,55.46,9.17,78.42,-0.610,19.88,18.57,20.13,1.53,7.00亿,134.41亿,133.03,8.4246,671.01亿,650.03亿
955,300522,世名科技,SZ,13.62,0.52,5.30,6.72,3.10,78.38,0.070,13.83,13.29,2.24,1.05,588.90万,8012.31万,513.63,5.6396,43.92亿,35.83亿
956,603092,德力佳,SH,76.65,2.42,7.27,26.35,5.00,78.38,1.810,76.78,73.00,8.71,1.06,301.22万,2.28亿,36.07,5.3454,306.60亿,26.50亿
957,300929,华骐环保,SZ,14.58,2.82,6.13,12.39,2.75,78.37,0.400,14.85,14.12,3.88,0.83,485.77万,7067.45万,-159.55,2.5098,19.26亿,18.28亿
958,605377,华旺科技,SH,10.06,3.93,5.60,4.46,2.34,78.37,0.380,10.15,9.66,1.66,1.05,925.72万,9200.25万,21.52,1.4101,56.00亿,56.00亿
959,600540,新赛股份,SH,5.59,0.72,5.02,27.99,0.18,78.36,0.040,5.70,5.51,5.84,0.80,3397.35万,1.90亿,19.43,8.4455,32.50亿,32.50亿
960,001298,好上好,SZ,23.55,-2.08,8.20,47.97,1.68,78.36,-0.500,25.28,23.50,17.49,1.14,4173.91万,10.12亿,43.13,6.1219,101.86亿,56.21亿
961,600845,宝信软件,SH,24.34,1.50,7.67,5.30,7.32,78.36,0.360,24.59,23.70,1.69,1.44,3613.21万,8.77亿,45.82,6.4928,698.75亿,519.43亿
962,301081,严牌股份,SZ,16.47,0.12,8.56,10.51,3.65,78.36,0.020,17.36,16.36,4.44,1.34,970.48万,1.62亿,317.18,3.4709,37.51亿,35.99亿
963,002613,北玻股份,SZ,4.42,1.14,15.79,53.35,10.78,78.35,0.050,4.60,4.28,22.15,2.74,1.71亿,7.62亿,705.51,2.2037,48.65亿,34.20亿
964,688627,精智达,SH,300.00,-1.06,6.96,20.48,2.38,78.35,-3.200,316.97,297.24,5.86,0.91,424.08万,12.95亿,484.58,16.1906,282.04亿,217.06亿
965,301261,恒工精密,SZ,96.57,8.02,16.39,57.71,11.28,78.32,7.170,99.90,88.25,25.71,1.40,963.54万,9.11亿,34.25,5.2525,84.88亿,36.20亿
966,000593,德龙汇能,SZ,26.29,2.14,14.27,49.34,3.91,78.31,0.550,26.56,24.40,13.58,0.77,4868.93万,12.46亿,160.76,10.6623,94.28亿,94.25亿
967,300928,华安鑫创,SZ,36.02,1.78,13.98,28.03,11.62,78.30,0.630,36.63,34.60,7.08,1.15,379.59万,1.37亿,-40.33,2.8464,28.82亿,19.30亿
968,002283,天润工业,SZ,11.35,-9.27,11.93,20.19,1.07,78.27,-1.160,12.51,11.26,8.53,1.82,8557.19万,9.91亿,22.23,2.1561,129.33亿,113.82亿
969,300166,东方国信,SZ,19.35,1.68,24.03,79.58,25.32,78.24,0.320,20.18,18.90,22.32,1.11,2.02亿,39.45亿,-203.84,3.8636,220.35亿,175.26亿
970,300948,冠中生态,SZ,23.69,6.33,15.77,14.09,13.89,78.24,1.410,23.80,21.96,6.10,1.87,924.37万,2.13亿,8552.27,3.9848,38.09亿,35.90亿
971,600156,XD华升股,SH,11.93,1.53,18.14,50.85,10.56,78.22,0.180,12.43,11.61,12.53,0.76,5039.45万,6.01亿,-207.12,13.1298,47.97亿,47.97亿
972,688302,海创药业-U,SH,45.43,2.92,9.25,5.65,3.25,78.22,1.290,47.07,43.51,2.43,1.47,240.41万,1.10亿,-37.63,4.3514,44.98亿,44.98亿
973,301233,盛帮股份,SZ,59.26,0.12,5.01,16.37,3.44,78.20,0.070,59.87,57.43,6.20,1.40,174.60万,1.03亿,39.87,3.0371,30.50亿,16.70亿
974,002529,*ST海源,SZ,7.79,0.52,4.52,5.80,0.65,78.19,0.040,7.79,7.57,2.09,1.02,544.66万,4162.32万,-24.94,25.4173,20.25亿,20.25亿
975,603903,中持股份,SH,12.47,2.47,4.98,13.66,1.88,78.17,0.300,12.74,12.13,5.07,1.31,1295.28万,1.61亿,46.15,2.2278,31.84亿,31.84亿
976,688006,杭可科技,SH,32.88,-2.14,9.22,8.92,3.07,78.17,-0.720,35.09,32.68,3.55,1.49,2145.34万,7.24亿,38.74,3.5885,198.49亿,198.49亿
977,001896,豫能控股,SZ,16.41,-2.09,13.78,29.88,7.68,78.16,-0.350,17.12,16.22,8.92,0.78,1.36亿,22.62亿,213.79,7.0268,250.38亿,250.38亿
978,300672,国科微,SZ,214.56,6.75,20.46,23.62,20.33,78.16,13.560,220.00,195.01,8.02,0.94,1686.50万,35.64亿,211.96,12.0791,465.82亿,451.30亿
979,300996,普联软件,SZ,13.10,0.31,6.96,15.71,4.80,78.16,0.040,13.40,12.90,4.04,1.11,1346.25万,1.77亿,220.27,4.0050,51.85亿,43.64亿
980,688102,斯瑞新材,SH,46.55,5.87,11.38,13.64,11.50,78.16,2.580,46.90,43.24,5.46,1.57,4246.82万,19.34亿,210.07,18.5317,361.97亿,361.97亿
981,300311,ST任子行,SZ,5.59,2.38,3.87,6.13,3.14,78.15,0.130,5.63,5.44,2.55,1.30,1371.97万,7587.63万,-37.12,5.7548,37.66亿,30.04亿
982,000810,创维数字,SZ,12.97,0.86,4.18,4.55,2.21,78.15,0.110,13.22,12.69,1.45,0.98,1610.91万,2.09亿,45.00,2.2644,149.18亿,144.05亿
983,688090,瑞松科技,SH,86.97,1.72,17.07,16.57,16.97,78.14,1.470,87.70,83.00,4.37,0.79,533.48万,4.59亿,129.27,11.5009,106.43亿,106.19亿
984,002636,金安国纪,SZ,47.93,-3.19,14.97,22.21,6.75,78.14,-1.580,49.82,47.28,6.33,0.74,4587.75万,22.06亿,43.22,9.1487,348.93亿,347.16亿
985,001256,炜冈科技,SZ,25.45,1.23,3.66,9.20,1.35,78.13,0.310,25.75,24.92,2.43,0.69,259.55万,6572.30万,24.13,2.7672,36.29亿,27.21亿
986,002285,世联行,SZ,3.15,0.96,5.45,11.54,0.96,78.11,0.030,3.18,3.07,3.05,0.98,6023.11万,1.89亿,-388.63,2.8665,62.77亿,62.22亿
987,600791,京能置业,SH,14.33,3.77,12.42,12.32,6.54,78.10,0.520,14.68,13.68,3.71,0.87,1677.15万,2.41亿,-21.80,-10.7030,64.90亿,64.82亿
988,688230,芯导科技,SH,72.26,-0.81,4.06,5.07,1.80,78.09,-0.590,72.85,70.90,1.26,0.73,148.65万,1.07亿,70.91,3.7770,84.98亿,84.98亿
989,301272,英华特,SZ,46.05,1.16,5.52,13.37,3.25,78.08,0.530,46.28,45.21,3.30,0.72,103.39万,4752.18万,-544.66,2.6356,26.94亿,14.43亿
990,002787,华源控股,SZ,22.89,-0.61,18.04,35.93,17.99,78.07,-0.140,23.50,22.51,11.41,0.69,2861.53万,6.57亿,74.92,4.1515,76.72亿,57.42亿
991,001339,智微智能,SZ,100.46,-0.34,12.47,32.77,11.81,78.07,-0.340,102.00,96.77,9.80,0.71,1220.15万,12.12亿,58.06,10.7288,253.45亿,125.11亿
992,002899,英派斯,SZ,34.60,2.55,4.85,9.48,2.43,78.06,0.860,34.88,33.49,3.26,1.38,482.08万,1.66亿,85.21,2.8911,51.14亿,51.14亿
993,002559,亚威股份,SZ,10.88,-1.00,5.81,14.90,5.43,78.05,-0.110,10.96,10.72,3.92,0.95,1973.36万,2.15亿,46.51,3.3681,59.81亿,54.84亿
994,688351,微电生理,SH,24.96,-1.73,13.85,7.53,6.67,78.04,-0.440,25.40,24.66,1.69,0.78,796.52万,1.99亿,100.97,6.4992,117.46亿,117.46亿
995,300343,ST联创,SZ,6.74,0.75,3.51,4.30,2.74,78.04,0.050,6.75,6.65,1.28,0.99,1362.74万,9156.37万,221.25,3.6761,72.01亿,71.86亿
996,603270,金帝股份,SH,28.56,1.24,3.59,20.52,1.53,78.03,0.350,28.86,28.15,6.09,0.77,430.97万,1.23亿,37.39,2.7238,62.58亿,20.20亿
997,300031,宝通科技,SZ,24.09,2.03,7.70,13.97,4.15,78.03,0.480,24.65,23.43,5.49,1.14,1931.37万,4.67亿,22.79,2.4674,100.88亿,84.77亿
998,605111,新洁能,SH,44.52,6.43,11.31,20.97,9.44,78.01,2.690,45.46,40.86,9.46,1.74,3928.30万,16.97亿,48.89,4.2588,184.91亿,184.91亿
999,301550,斯菱智驱,SZ,193.90,4.02,24.38,17.47,21.23,78.00,7.500,197.00,184.50,7.57,2.05,1067.47万,20.50亿,285.76,24.0064,448.44亿,273.55亿
1000,300241,瑞丰光电,SZ,7.18,0.28,4.55,21.96,5.28,78.00,0.020,7.19,7.03,6.57,0.97,3864.14万,2.76亿,43.33,2.2090,50.39亿,42.21亿
1001,300959,线上线下,SZ,94.60,-2.53,7.22,19.17,0.24,77.99,-2.460,97.73,93.72,5.62,0.75,294.11万,2.81亿,-884.31,6.8793,76.03亿,49.50亿
1002,300050,世纪鼎利,SZ,7.48,2.89,5.48,23.18,2.47,77.98,0.210,7.51,7.15,8.83,1.45,4810.01万,3.55亿,318.59,9.8751,40.75亿,40.73亿
1003,002062,宏润建设,SZ,9.90,2.70,14.46,12.51,11.86,77.97,0.260,10.13,9.61,4.85,1.53,5453.78万,5.38亿,41.53,2.4653,122.49亿,111.35亿
1004,002472,双环传动,SZ,42.45,4.53,8.38,11.66,8.10,77.95,1.840,42.79,40.18,5.68,2.43,4254.10万,17.83亿,31.75,3.5011,360.80亿,317.75亿
1005,600500,中化国际,SH,4.96,2.90,10.00,6.12,7.83,77.93,0.140,5.05,4.77,2.30,1.32,8261.04万,4.06亿,-20.62,1.7513,177.98亿,177.98亿
1006,300133,华策影视,SZ,9.13,-4.20,9.84,38.95,4.46,77.93,-0.400,9.65,9.05,10.99,0.93,1.84亿,17.06亿,53.04,2.3406,172.40亿,153.06亿
1007,600973,宝胜股份,SH,7.61,2.28,4.53,7.68,4.53,77.90,0.170,7.63,7.37,3.24,1.47,4441.29万,3.34亿,52.54,3.0823,104.36亿,104.36亿
1008,605289,罗曼股份,SH,166.10,10.00,14.28,12.84,10.70,77.86,15.100,166.10,150.13,2.80,0.42,303.61万,4.90亿,97.28,13.2921,181.06亿,179.95亿
1009,001317,三羊马,SZ,55.25,-4.64,13.78,20.56,4.58,77.86,-2.690,57.68,54.85,8.25,1.62,704.94万,3.93亿,-3963.53,4.6555,47.28亿,47.23亿
1010,301021,英诺激光,SZ,63.29,0.94,8.26,12.43,2.91,77.86,0.590,64.19,61.10,3.90,1.13,595.53万,3.75亿,209.93,9.2556,96.75亿,96.64亿
1011,300342,天银机电,SZ,68.40,5.25,19.66,58.70,0.13,77.84,3.410,69.80,63.25,18.98,1.24,7949.28万,52.14亿,706.52,18.5556,290.72亿,286.46亿
1012,301312,智立方,SZ,127.26,4.74,13.61,40.26,10.58,77.83,5.760,128.74,113.20,16.28,1.56,985.70万,12.02亿,267.60,12.4839,154.21亿,77.06亿
1013,300553,集智股份,SZ,55.93,4.93,29.82,29.76,26.83,77.77,2.630,57.20,52.23,10.91,1.78,926.37万,5.09亿,235.07,7.3121,62.10亿,47.48亿
1014,600176,中国巨石,SH,38.00,0.18,10.14,10.35,10.14,77.75,0.070,38.70,36.83,2.89,0.71,1.16亿,43.78亿,30.01,4.7114,1521.19亿,1521.19亿
1015,301110,青木科技,SZ,70.23,-1.97,7.77,23.10,4.38,77.71,-1.410,72.98,70.05,7.27,1.07,475.10万,3.38亿,38.57,4.2175,64.99亿,45.91亿
1016,003030,祖名股份,SZ,22.87,2.19,6.23,11.03,3.20,77.67,0.490,23.18,22.30,3.87,1.01,313.63万,7151.98万,-213.29,2.8401,28.54亿,18.52亿
1017,300154,瑞凌股份,SZ,10.05,1.11,14.25,19.79,12.79,77.66,0.110,10.19,9.67,5.41,1.26,1706.16万,1.69亿,40.52,2.5098,45.18亿,31.67亿
1018,002878,元隆雅图,SZ,19.80,2.11,7.67,25.40,1.28,77.65,0.410,20.50,19.32,9.64,1.37,2273.52万,4.52亿,-428.99,4.1508,51.87亿,46.71亿
1019,688581,安杰思,SH,63.38,5.11,6.53,9.73,4.59,77.64,3.080,63.66,59.88,3.90,0.84,162.27万,9991.03万,22.63,1.9983,51.42亿,26.34亿
1020,600249,两面针,SH,6.36,7.07,10.02,14.33,6.18,77.64,0.420,6.50,5.92,9.22,3.46,5072.13万,3.17亿,-22.85,1.6349,34.98亿,34.98亿
1021,603289,泰瑞机器,SH,12.40,6.44,11.58,25.49,6.35,77.62,0.750,12.50,11.66,11.14,2.41,3268.51万,3.99亿,165.24,2.4462,36.38亿,36.38亿
1022,002686,亿利达,SZ,7.89,1.41,9.84,16.36,6.33,77.61,0.110,7.98,7.62,6.63,1.33,3466.47万,2.72亿,685.35,2.7690,44.68亿,41.24亿
1023,605358,立昂微,SH,49.98,9.99,20.60,23.12,21.72,77.60,4.540,49.98,45.35,9.14,1.76,6134.36万,29.58亿,1161.15,4.8078,335.55亿,335.55亿
1024,000711,ST京蓝,SZ,5.67,4.42,13.21,9.53,15.24,77.60,0.240,5.70,5.18,7.73,2.15,1.84亿,10.26亿,450.06,25.2862,167.43亿,135.04亿
1025,000600,建投能源,SZ,9.93,-0.70,6.83,15.20,4.31,77.59,-0.070,10.14,9.79,4.38,0.85,4773.92万,4.74亿,7.47,1.4349,179.06亿,108.24亿
1026,300417,南华仪器,SZ,15.25,2.49,8.96,23.93,7.62,77.59,0.370,15.38,14.81,6.66,0.96,556.75万,8453.94万,-173.64,4.5251,20.52亿,12.75亿
1027,688175,高凌信息,SH,36.73,-0.14,4.28,5.36,0.16,77.59,-0.050,36.85,35.93,1.62,1.07,209.23万,7583.57万,300.77,2.7439,47.50亿,47.50亿
1028,301469,恒达新材,SZ,37.20,2.82,4.44,13.19,2.62,77.57,1.020,37.28,36.11,4.37,0.96,201.05万,7440.39万,33.25,2.3598,33.29亿,17.13亿
1029,301210,金杨精密,SZ,42.79,3.48,10.59,42.35,9.69,77.56,1.440,43.03,41.00,13.23,1.06,575.14万,2.44亿,48.14,2.6032,49.04亿,18.60亿
1030,688295,中复神鹰,SH,59.07,-3.21,6.47,6.65,3.36,77.56,-1.960,60.97,58.29,2.06,1.00,1852.45万,11.02亿,436.41,11.1868,531.63亿,531.63亿
1031,600381,*ST春天,SH,4.16,5.05,10.86,5.14,15.88,77.55,0.200,4.16,3.93,4.66,6.91,2737.75万,1.13亿,-37.51,2.4947,24.42亿,24.42亿
1032,300736,百邦科技,SZ,33.47,16.01,26.30,35.85,21.27,77.55,4.620,34.62,29.38,21.26,2.77,2651.14万,8.65亿,-227.56,65.0686,42.82亿,41.74亿
1033,688486,龙迅股份,SH,81.67,0.21,4.98,8.90,2.55,77.54,0.170,81.98,79.50,2.35,0.82,312.99万,2.54亿,71.49,6.8159,108.89亿,108.88亿
1034,300453,三鑫医疗,SZ,10.61,2.41,6.15,17.06,5.26,77.54,0.250,10.65,10.28,6.50,1.26,2339.42万,2.46亿,20.26,3.6238,55.39亿,38.18亿
1035,301600,慧翰股份,SZ,123.49,3.07,13.40,17.69,13.31,77.53,3.680,124.58,118.77,5.59,1.23,180.42万,2.21亿,78.70,10.1652,129.08亿,39.84亿
1036,002050,三花智控,SZ,51.69,2.72,15.52,17.05,10.17,77.53,1.370,53.88,49.71,7.42,2.03,2.74亿,141.99亿,58.62,6.6665,2175.12亿,1904.36亿
1037,300397,天和防务,SZ,13.88,3.50,11.74,21.37,9.38,77.53,0.470,14.21,13.19,9.86,1.94,3990.78万,5.51亿,169.00,5.0136,71.85亿,56.16亿
1038,603332,苏州龙杰,SH,14.34,1.06,3.91,8.30,0.00,77.52,0.150,14.37,14.06,2.41,0.74,522.04万,7438.06万,40.11,2.3483,31.02亿,31.02亿
1039,601991,大唐发电,SH,5.54,9.92,24.76,15.16,33.17,77.52,0.500,5.54,5.32,9.81,4.37,12.16亿,66.75亿,8.86,2.7841,1025.27亿,686.74亿
1040,688246,嘉和美康,SH,23.92,3.86,13.57,13.23,13.90,77.52,0.890,24.01,22.88,4.95,1.07,681.61万,1.60亿,-57.47,2.5512,32.91亿,32.91亿
1041,002125,湘潭电化,SZ,15.27,-2.12,6.02,16.99,0.00,77.51,-0.330,15.95,15.21,5.37,0.90,3381.74万,5.24亿,26.90,2.8246,96.13亿,96.13亿
1042,002580,圣阳股份,SZ,32.90,10.00,19.65,71.79,19.72,77.51,2.990,32.90,30.30,18.99,0.70,8584.47万,27.79亿,61.25,6.1901,149.32亿,148.71亿
1043,000722,湖南发展,SZ,14.55,-1.42,5.62,17.75,2.54,77.50,-0.210,14.95,14.46,5.97,0.92,2771.16万,4.05亿,129.02,2.1474,67.54亿,67.54亿
1044,688239,航宇科技,SH,71.58,1.97,6.79,15.67,4.53,77.47,1.380,72.20,68.46,5.89,1.17,1121.91万,7.97亿,60.49,6.5935,136.45亿,136.45亿
1045,301181,标榜股份,SZ,47.81,2.16,11.83,10.17,7.37,77.47,1.010,49.41,47.16,4.18,1.39,373.71万,1.80亿,53.70,3.7158,55.24亿,42.71亿
1046,300602,飞荣达,SZ,37.50,-1.42,5.77,21.81,4.95,77.47,-0.540,37.96,37.30,6.29,0.85,2485.34万,9.34亿,70.52,5.2579,218.20亿,148.28亿
1047,300554,三超新材,SZ,26.99,1.85,10.57,28.01,6.47,77.45,0.490,27.85,26.30,9.73,1.07,769.59万,2.07亿,-201.61,6.2256,30.83亿,21.35亿
1048,603897,长城科技,SH,56.99,2.00,14.38,21.12,8.84,77.45,1.120,59.78,55.35,7.24,1.40,1494.05万,8.65亿,65.93,4.6396,117.65亿,117.65亿
1049,002380,科远智慧,SZ,36.21,-1.34,8.12,19.98,4.23,77.44,-0.490,37.13,35.95,7.17,1.30,1020.02万,3.72亿,28.49,3.5710,86.90亿,51.49亿
1050,688720,艾森股份,SH,81.96,-1.30,6.99,21.70,2.28,77.44,-1.080,83.45,80.49,5.74,0.78,323.79万,2.66亿,191.78,6.9205,72.23亿,46.21亿
1051,603051,鹿山新材,SH,24.77,4.25,6.49,14.23,5.76,77.41,1.010,24.92,23.70,5.62,1.48,909.13万,2.20亿,50.07,2.3520,40.04亿,40.04亿
1052,300763,锦浪科技,SZ,98.23,0.75,8.13,15.19,3.33,77.41,0.730,100.19,96.82,4.30,0.66,1384.37万,13.65亿,159.82,4.3239,391.01亿,315.90亿
1053,688396,华润微,SH,58.14,1.95,7.18,7.96,2.63,77.40,1.110,58.61,55.38,2.32,0.93,3086.38万,17.64亿,58.50,3.3360,772.22亿,772.22亿
1054,603257,中国瑞林,SH,66.14,5.15,11.30,31.35,10.21,77.39,3.240,66.68,62.07,15.56,1.84,387.32万,2.51亿,38.53,3.0918,79.37亿,16.47亿
1055,688216,气派科技,SH,32.95,1.51,8.29,11.74,7.54,77.38,0.490,33.54,31.75,3.43,0.89,365.02万,1.19亿,-253.85,5.1532,37.82亿,35.07亿
1056,688291,金橙子,SH,49.30,0.59,8.79,8.40,6.76,77.37,0.290,49.94,48.27,2.61,0.89,267.82万,1.31亿,23.88,5.0449,50.61亿,50.61亿
1057,000967,盈峰环境,SZ,16.30,-0.73,23.88,27.43,20.12,77.36,-0.120,17.09,15.89,9.44,1.19,3.04亿,49.95亿,61.25,2.9319,525.02亿,524.78亿
1058,301016,雷尔伟,SZ,18.04,1.75,14.49,8.76,10.74,77.35,0.310,18.46,17.46,2.48,1.30,728.14万,1.32亿,529.05,5.5222,55.16亿,52.89亿
1059,000766,通化金马,SZ,24.95,-3.11,14.96,15.08,1.13,77.34,-0.800,25.72,24.55,3.23,0.92,3118.30万,7.77亿,660.35,10.3955,241.14亿,241.02亿
1060,000848,承德露露,SZ,9.11,0.89,3.48,6.14,2.36,77.34,0.080,9.15,9.00,1.66,0.43,1676.26万,1.52亿,9.35,2.5039,92.92亿,92.12亿
1061,301213,观想科技,SZ,78.43,5.19,9.70,16.33,9.33,77.34,3.870,78.96,74.01,7.32,2.13,378.74万,2.91亿,224.56,7.8025,62.74亿,40.56亿
1062,301291,明阳电气,SZ,59.50,-4.02,16.54,29.14,0.95,77.33,-2.490,61.50,58.53,8.69,0.60,1401.30万,8.37亿,188.73,3.6682,185.76亿,95.98亿
1063,001258,立新能源,SZ,9.30,-1.06,5.99,11.07,3.22,77.33,-0.100,9.59,9.26,3.14,0.94,2934.47万,2.75亿,342.26,2.8445,86.80亿,86.80亿
1064,300802,矩子科技,SZ,21.96,-0.45,10.15,13.91,9.31,77.32,-0.100,22.16,21.60,3.96,1.00,771.11万,1.69亿,47.95,4.1067,62.38亿,42.76亿
1065,301111,粤万年青,SZ,22.56,10.43,17.54,18.54,13.37,77.31,2.130,23.20,20.44,13.96,4.29,2233.06万,4.96亿,-272.91,4.8296,36.10亿,36.10亿
1066,301222,浙江恒威,SZ,50.09,-0.62,10.64,16.65,3.51,77.31,-0.310,50.99,48.84,4.20,0.60,335.61万,1.67亿,48.68,3.4185,50.21亿,39.98亿
1067,002747,埃斯顿,SZ,24.08,2.64,10.20,14.37,10.11,77.31,0.620,24.51,23.12,5.75,1.86,4495.39万,10.80亿,59.55,7.1977,233.05亿,188.40亿
1068,688519,南亚新材,SH,183.01,-3.68,13.97,8.71,5.06,77.30,-6.990,188.68,179.32,2.32,0.74,543.59万,9.95亿,71.55,15.2824,429.65亿,429.65亿
1069,000819,岳阳兴长,SZ,16.70,-0.12,6.98,7.09,2.20,77.30,-0.020,17.00,16.55,2.00,1.00,732.43万,1.22亿,550.87,2.9683,61.71亿,61.04亿
1070,300801,泰和科技,SZ,30.57,-1.26,4.13,20.81,0.89,77.28,-0.390,31.33,30.41,6.16,0.89,843.75万,2.60亿,19.40,2.5821,66.77亿,41.84亿
1071,301105,鸿铭股份,SZ,60.87,4.62,6.73,20.88,2.99,77.25,2.690,61.10,57.52,7.49,1.26,123.19万,7415.69万,-195.14,3.7246,30.44亿,10.01亿
1072,688010,福光股份,SH,35.07,1.59,6.70,8.60,4.84,77.24,0.550,35.34,33.36,2.59,0.92,416.21万,1.44亿,-77.94,3.2850,56.31亿,56.31亿
1073,688207,格灵深瞳,SH,16.54,4.03,11.74,9.15,9.68,77.18,0.640,16.92,15.93,3.54,1.67,917.23万,1.51亿,-26.29,2.3486,42.83亿,42.83亿
1074,300444,双杰电气,SZ,16.21,-3.68,6.59,40.32,2.79,77.16,-0.620,16.75,16.18,12.01,0.85,7465.87万,12.21亿,11.50,6.2970,129.46亿,100.74亿
1075,300720,海川智能,SZ,67.55,-3.42,22.96,32.94,7.02,77.15,-2.390,69.95,62.89,13.04,1.56,2236.45万,14.95亿,465.02,22.3619,131.64亿,115.84亿
1076,688618,三旺通信,SH,39.00,2.09,10.25,8.77,8.36,77.12,0.800,39.69,37.20,2.96,0.94,326.20万,1.25亿,-1257.82,5.2048,42.97亿,42.92亿
1077,603738,泰晶科技,SH,47.01,9.99,23.80,21.43,22.68,77.12,4.270,47.01,45.65,5.15,0.39,1989.21万,9.30亿,196.80,9.9761,181.41亿,181.41亿
1078,688369,致远互联,SH,25.66,-0.70,8.20,9.38,5.77,77.10,-0.180,26.30,25.40,3.47,1.34,399.99万,1.03亿,-11.37,3.8707,29.56亿,29.56亿
1079,000783,长江证券,SZ,8.22,-1.44,9.14,15.71,2.88,77.06,-0.120,8.35,8.13,3.50,0.87,1.93亿,15.90亿,7.65,1.2341,454.57亿,454.57亿
1080,301189,奥尼电子,SZ,95.25,0.41,24.45,29.14,17.16,77.05,0.390,97.32,90.45,9.95,1.24,1118.44万,10.50亿,169.36,5.3478,110.87亿,107.02亿
1081,003041,真爱美家,SZ,64.30,1.42,27.04,18.47,22.71,77.03,0.900,66.59,62.93,6.11,1.22,836.34万,5.42亿,493.71,6.2916,92.59亿,87.98亿
1082,600255,鑫科材料,SH,3.78,1.34,4.11,9.30,3.56,77.03,0.050,3.79,3.70,3.27,1.38,5906.98万,2.22亿,103.69,4.6260,68.27亿,68.27亿
1083,002620,*ST瑞和,SZ,10.10,1.51,12.22,17.27,1.20,77.02,0.150,10.44,9.52,5.90,0.86,1865.11万,1.85亿,-43.48,-51.7354,38.13亿,31.92亿
1084,300434,金石亚药,SZ,11.60,0.69,4.02,13.72,1.40,77.02,0.080,11.78,11.51,3.85,0.68,1316.60万,1.53亿,10.04,1.7468,46.60亿,39.69亿
1085,688008,澜起科技,SH,210.27,0.17,14.42,22.76,21.33,77.01,0.360,212.19,203.68,5.44,0.82,6238.45万,130.03亿,75.82,12.3283,2569.92亿,2410.59亿
1086,301418,协昌科技,SZ,43.06,-0.28,4.46,20.06,1.10,77.00,-0.120,43.44,42.73,4.39,0.61,129.31万,5568.05万,93.00,1.9550,31.58亿,12.68亿
1087,300591,万里马,SZ,8.39,4.22,6.94,26.21,5.93,77.00,0.340,8.45,7.95,8.69,1.02,3046.92万,2.53亿,302.06,19.9080,34.04亿,29.40亿
1088,301118,恒光股份,SZ,29.98,3.70,15.04,23.68,5.12,77.00,1.070,30.52,28.58,6.75,0.79,709.22万,2.12亿,34.42,2.4297,33.04亿,31.52亿
1089,300737,科顺股份,SZ,7.38,0.82,9.40,9.37,8.37,77.00,0.060,7.44,7.20,2.41,0.75,2141.63万,1.56亿,32.22,2.0455,81.92亿,65.45亿
1090,002989,中天精装,SZ,31.68,-1.43,12.05,23.22,8.46,77.00,-0.460,33.47,31.34,7.54,1.33,1381.47万,4.45亿,-178.16,4.5830,63.87亿,58.08亿
1091,688350,富淼科技,SH,32.57,7.53,12.93,12.69,11.12,76.99,2.280,33.10,30.00,5.00,1.73,716.93万,2.31亿,61.16,2.5099,46.65亿,46.65亿
1092,603618,杭电股份,SH,37.62,10.00,30.50,24.12,33.12,76.97,3.420,37.62,34.48,13.92,1.61,9623.89万,35.38亿,80.43,9.6139,260.10亿,260.10亿
1093,301381,赛维时代,SZ,21.65,0.09,6.13,8.02,4.49,76.97,0.020,22.05,21.50,2.36,0.85,462.14万,1.00亿,51.32,3.1195,87.35亿,42.32亿
1094,600821,金开新能,SH,8.78,-0.79,15.13,38.16,12.56,76.97,-0.070,8.97,8.65,10.19,0.83,2.01亿,17.62亿,-224.92,1.9159,172.73亿,172.73亿
1095,600267,海正药业,SH,11.55,-0.60,5.83,7.17,2.03,76.95,-0.070,11.67,11.45,1.81,0.66,2166.98万,2.50亿,9.73,1.5474,138.46亿,138.46亿
1096,688328,深科达,SH,58.59,1.40,10.10,31.44,8.14,76.94,0.810,59.85,55.96,10.29,0.73,971.49万,5.62亿,51.11,6.4658,55.34亿,55.34亿
1097,003032,*ST传智,SZ,7.12,5.01,9.17,6.11,8.87,76.91,0.340,7.12,6.74,3.29,1.67,908.43万,6332.64万,491.35,2.4487,28.65亿,19.67亿
1098,688308,欧科亿,SH,99.66,-2.47,8.45,23.26,4.20,76.91,-2.520,101.52,97.04,6.92,0.86,1099.00万,10.89亿,19.40,5.5862,158.24亿,158.24亿
1099,600107,*ST尔雅,SH,6.80,2.56,19.13,9.20,13.14,76.90,0.170,6.96,6.51,5.77,3.99,2076.95万,1.41亿,163.78,6.0382,24.48亿,24.48亿
1100,300265,通光线缆,SZ,19.49,0.52,11.97,35.35,13.25,76.88,0.100,19.60,18.78,11.55,1.24,5399.25万,10.40亿,567.78,3.8715,91.14亿,91.08亿
1101,301129,瑞纳智能,SZ,27.91,0.90,4.10,10.56,2.99,76.88,0.250,28.20,27.23,4.03,1.31,267.39万,7397.16万,-44.23,2.0826,37.93亿,18.50亿
1102,688596,正帆科技,SH,33.34,-0.15,5.85,8.82,2.08,76.86,-0.050,34.10,32.60,2.58,1.00,758.39万,2.54亿,-95.78,2.7054,98.06亿,98.06亿
1103,601330,绿色动力,SH,8.89,-1.00,7.93,12.50,3.73,76.85,-0.090,9.07,8.84,3.50,0.72,3462.80万,3.09亿,15.40,1.5371,127.18亿,87.93亿
1104,600052,东望时代,SH,4.60,1.32,7.66,24.15,3.60,76.85,0.060,4.69,4.50,6.21,0.82,5242.29万,2.42亿,-49.80,1.7985,38.83亿,38.83亿
1105,688727,恒坤新材,SH,54.56,2.19,7.29,29.21,8.13,76.84,1.170,54.68,51.91,11.02,1.41,553.89万,2.96亿,239.64,9.6937,245.15亿,27.41亿
1106,002886,沃特股份,SZ,24.10,1.18,7.72,13.82,6.97,76.84,0.280,24.29,23.60,4.13,0.96,862.68万,2.07亿,121.92,3.4245,63.43亿,50.39亿
1107,600667,太极实业,SH,10.71,-1.20,8.86,25.65,11.68,76.82,-0.130,10.85,10.60,6.25,0.97,1.31亿,14.03亿,43.37,2.5621,224.00亿,224.00亿
1108,002211,ST宏达,SZ,3.79,4.99,7.10,8.85,3.55,76.81,0.180,3.79,3.60,2.64,1.00,1143.01万,4263.70万,213.69,33.9541,16.39亿,16.39亿
1109,688367,工大高科,SH,41.33,-0.72,9.16,10.64,1.80,76.81,-0.300,42.00,40.50,3.35,1.09,293.69万,1.20亿,2991.19,6.0860,36.22亿,36.22亿
1110,688188,柏楚电子,SH,153.14,-0.91,11.83,4.57,8.01,76.81,-1.410,157.37,150.57,1.39,1.29,400.16万,6.15亿,34.93,6.9188,442.16亿,442.16亿
1111,600768,宁波富邦,SH,19.32,2.77,5.99,22.12,2.33,76.80,0.520,19.78,18.67,7.03,0.78,939.88万,1.80亿,23.08,5.6459,25.84亿,25.84亿
1112,301007,德迈仕,SZ,37.65,1.78,8.12,9.90,4.29,76.80,0.660,37.96,37.02,3.21,1.13,485.21万,1.82亿,162.84,8.7723,57.73亿,56.97亿
1113,605166,聚合顺,SH,11.76,2.53,4.02,8.61,0.51,76.78,0.290,11.85,11.40,2.38,0.82,747.60万,8718.28万,27.17,1.8618,37.01亿,37.01亿
1114,002579,中京电子,SZ,13.26,0.08,10.30,29.06,11.90,76.78,0.010,13.32,12.96,7.33,0.83,4278.80万,5.64亿,361.37,3.3808,81.23亿,77.36亿
1115,603305,旭升集团,SH,16.66,3.35,7.98,10.88,8.11,76.77,0.540,16.70,15.96,4.77,1.70,5514.91万,9.13亿,38.46,2.0580,192.54亿,192.54亿
1116,603083,剑桥科技,SH,189.84,3.13,13.43,33.94,8.50,76.75,5.770,194.50,179.00,10.54,0.84,2905.41万,54.92亿,141.44,8.8523,669.47亿,523.18亿
1117,002642,荣联科技,SZ,9.08,10.06,16.01,14.67,16.26,76.75,0.830,9.08,8.25,8.08,3.05,5346.05万,4.76亿,1841.05,5.0555,60.07亿,60.07亿
1118,002076,*ST星光,SZ,2.30,1.77,6.85,11.33,5.02,76.73,0.040,2.32,2.26,3.85,0.83,4011.20万,9212.01万,-90.73,8.3792,25.51亿,23.97亿
1119,603206,嘉环科技,SH,17.44,0.46,6.02,6.37,5.06,76.72,0.080,17.60,17.13,1.90,1.08,578.66万,1.01亿,91.66,2.3333,53.23亿,53.23亿
1120,603418,友升股份,SH,60.20,8.12,17.42,46.12,16.55,76.72,4.520,60.50,55.21,20.17,2.84,834.33万,4.89亿,28.16,2.5112,116.23亿,24.90亿
1121,001332,锡装股份,SZ,63.26,-1.94,4.55,15.61,0.73,76.72,-1.250,64.49,62.80,4.63,0.60,222.12万,1.41亿,19.14,2.6289,69.90亿,30.37亿
1122,601872,招商轮船,SH,19.49,5.75,15.68,8.94,10.74,76.69,1.060,19.86,18.09,2.97,1.44,2.40亿,45.86亿,14.24,3.4924,1573.73亿,1573.73亿
1123,600110,诺德股份,SH,11.07,-1.95,12.65,32.44,2.98,76.66,-0.220,11.54,11.01,9.61,0.82,1.67亿,18.68亿,119.78,3.4062,192.08亿,192.08亿
1124,002310,东方新能,SZ,3.22,-1.23,11.11,23.34,5.23,76.65,-0.040,3.34,3.17,6.98,0.88,3.00亿,9.75亿,-349.17,8.0633,193.18亿,138.43亿
1125,600780,通宝能源,SH,6.99,-1.55,5.57,7.62,2.49,76.64,-0.110,7.20,6.95,2.59,1.15,2974.44万,2.10亿,11.64,0.9352,80.14亿,80.14亿
1126,300983,尤安设计,SZ,41.15,10.14,28.77,12.18,28.67,76.64,3.790,41.33,37.18,4.22,1.72,450.93万,1.77亿,-2119.81,2.5709,71.11亿,43.94亿
1127,688630,芯碁微装,SH,259.16,-5.05,7.36,12.07,0.55,76.64,-13.790,270.00,256.00,4.45,1.21,586.87万,15.33亿,78.75,14.6742,341.42亿,341.42亿
1128,600480,凌云股份,SH,11.61,10.05,14.44,10.85,14.84,76.63,1.060,11.61,10.45,5.23,2.24,6341.41万,7.12亿,23.13,1.7199,141.90亿,140.82亿
1129,603990,麦迪科技,SH,15.94,2.91,5.82,16.62,0.76,76.62,0.450,15.95,15.45,4.92,0.90,1507.89万,2.37亿,317.33,5.8205,48.82亿,48.82亿
1130,300694,蠡湖股份,SZ,12.94,2.05,3.53,10.52,1.57,76.62,0.260,13.05,12.60,4.13,1.36,894.94万,1.15亿,47.24,1.8546,28.09亿,28.05亿
1131,002745,木林森,SZ,9.80,-0.51,5.27,13.60,3.27,76.60,-0.050,9.90,9.65,3.94,0.62,4196.10万,4.10亿,8.68,1.2263,145.45亿,104.28亿
1132,603966,法兰泰克,SH,14.47,2.62,7.15,7.79,6.63,76.60,0.370,14.52,13.85,2.98,1.20,1184.57万,1.69亿,26.58,2.7185,57.69亿,57.55亿
1133,301168,通灵股份,SZ,44.59,0.00,9.22,9.17,4.89,76.60,0.000,45.39,43.23,2.89,1.43,275.48万,1.22亿,513.33,2.5169,53.51亿,42.50亿
1134,300464,星徽股份,SZ,8.15,0.99,3.79,12.14,3.03,76.60,0.080,8.20,8.01,4.48,1.15,1591.71万,1.29亿,289.65,26.2169,37.31亿,28.96亿
1135,300033,同花顺,SZ,244.56,-1.08,6.60,13.11,4.07,76.59,-2.680,247.80,241.71,2.78,0.66,1216.70万,29.77亿,179.79,43.3315,1840.66亿,1072.18亿
1136,605006,山东玻纤,SH,14.87,9.99,26.60,26.50,27.20,76.59,1.350,14.87,13.30,5.46,0.55,3278.97万,4.69亿,221.25,3.5605,89.23亿,89.23亿
1137,600246,万通发展,SH,12.27,0.08,11.08,27.00,8.78,76.58,0.010,12.65,12.00,6.06,0.77,1.15亿,14.08亿,-53.08,5.2190,238.40亿,231.95亿
1138,688605,先锋精科,SH,68.00,0.62,4.30,12.26,1.99,76.56,0.420,68.68,66.09,4.38,1.09,474.95万,3.22亿,138.89,8.2414,137.62亿,73.68亿
1139,600130,波导股份,SH,6.15,10.02,35.71,22.90,33.12,76.55,0.560,6.15,5.79,7.96,1.37,5971.17万,3.61亿,451.00,5.0725,46.12亿,46.12亿
1140,600137,浪莎股份,SH,24.10,3.66,6.20,13.49,2.99,76.54,0.850,24.40,23.06,5.30,1.14,515.51万,1.23亿,74.80,4.1598,23.43亿,23.43亿
1141,301279,金道科技,SZ,24.68,1.36,12.17,8.35,10.82,76.54,0.330,25.01,24.22,2.91,1.85,380.40万,9387.21万,68.12,3.0945,41.59亿,32.21亿
1142,603657,春光科技,SH,33.00,5.87,17.29,12.49,12.51,76.53,1.830,33.33,31.18,4.27,0.96,577.58万,1.88亿,-31.50,5.1142,44.61亿,44.61亿
1143,601789,宁波建工,SH,6.22,-0.96,7.81,43.51,5.60,76.52,-0.060,6.35,6.18,10.38,0.63,1.13亿,7.02亿,12.80,1.5088,94.82亿,67.60亿
1144,688020,方邦股份,SH,165.10,-0.52,19.31,22.53,11.92,76.51,-0.870,171.88,159.01,6.55,0.71,539.68万,8.92亿,-196.42,10.3344,136.02亿,136.02亿
1145,688652,京仪装备,SH,125.80,0.80,6.94,15.36,4.14,76.50,1.000,127.27,123.02,4.38,0.89,528.63万,6.60亿,113.76,9.4036,211.34亿,151.90亿
1146,300545,联得装备,SZ,34.93,0.87,3.66,21.55,2.98,76.49,0.300,35.11,34.21,6.72,0.90,803.23万,2.79亿,59.59,2.9737,64.78亿,41.76亿
1147,002253,*ST智胜,SZ,11.83,1.02,10.27,10.28,8.43,76.48,0.120,12.10,11.71,4.63,1.29,972.30万,1.16亿,-37.17,3.1472,26.69亿,24.84亿
1148,002600,领益智造,SZ,15.09,3.85,8.04,6.84,7.33,76.48,0.560,15.20,14.33,3.33,2.29,2.40亿,35.77亿,70.39,4.5208,1102.68亿,1086.31亿
1149,300013,新宁物流,SZ,4.56,-4.60,19.08,40.17,10.14,76.48,-0.220,4.78,4.51,13.38,1.64,5969.92万,2.75亿,107.10,14.1698,25.46亿,20.34亿
1150,301077,星华新材,SZ,32.28,-0.80,6.30,28.12,4.81,76.47,-0.260,32.79,31.77,8.01,0.70,763.87万,2.46亿,41.83,4.5763,54.90亿,30.80亿
1151,600726,华电能源,SH,7.51,-1.31,24.73,18.17,13.96,76.47,-0.100,8.21,7.44,7.40,1.19,5.53亿,43.18亿,24.67,11.9247,593.84亿,561.40亿
1152,603995,甬金股份,SH,19.92,0.76,4.18,4.58,2.79,76.46,0.150,20.04,19.60,1.22,0.71,444.93万,8826.90万,14.43,1.2325,72.83亿,72.83亿
1153,688400,凌云光,SH,66.55,-0.21,14.62,21.83,12.19,76.46,-0.140,68.86,64.50,5.72,0.85,2636.86万,17.62亿,39.91,5.5890,318.93亿,306.78亿
1154,300716,*ST泉为,SZ,15.40,17.83,22.43,17.78,13.99,76.45,2.330,15.60,12.72,8.04,2.16,1285.93万,1.85亿,-40.81,-13.8055,24.64亿,24.64亿
1155,300065,海兰信,SZ,26.82,1.90,7.96,41.45,3.63,76.45,0.500,27.20,25.83,15.56,1.41,1.02亿,27.30亿,2879.77,11.0160,193.52亿,176.12亿
1156,002151,北斗星通,SZ,44.05,0.00,9.66,24.87,7.70,76.44,0.000,44.24,43.20,7.80,1.23,3454.92万,15.09亿,441.06,4.9455,239.15亿,195.06亿
1157,300608,思特奇,SZ,13.79,0.88,5.51,24.12,2.60,76.44,0.120,14.04,13.46,8.78,1.24,2525.25万,3.48亿,-16.86,3.5841,45.68亿,39.66亿
1158,300408,三环集团,SZ,86.30,-0.78,7.93,6.03,0.70,76.39,-0.680,86.61,83.70,1.82,0.84,3408.03万,29.01亿,52.28,7.6796,1653.94亿,1613.64亿
1159,688305,科德数控,SH,65.07,1.74,9.23,10.39,7.61,76.38,1.110,65.68,63.31,3.61,1.60,476.96万,3.09亿,95.89,4.5053,86.48亿,86.03亿
1160,603615,茶花股份,SH,22.01,3.04,9.68,6.93,7.10,76.38,0.650,22.19,21.20,2.83,1.47,684.12万,1.49亿,265.34,4.6300,53.22亿,53.22亿
1161,600268,国电南自,SH,15.43,-1.84,6.48,8.55,3.07,76.37,-0.290,15.69,15.35,2.33,0.93,2350.85万,3.63亿,93.18,4.1481,156.75亿,155.97亿
1162,300901,中胤时尚,SZ,18.25,8.50,16.93,7.68,13.99,76.36,1.430,18.46,16.75,3.81,2.03,915.52万,1.65亿,1487.18,4.5254,43.80亿,43.80亿
1163,300876,蒙泰高新,SZ,31.33,2.12,5.58,12.90,2.79,76.35,0.650,31.70,30.31,4.33,1.09,351.14万,1.09亿,-99.68,3.3443,34.06亿,25.41亿
1164,688449,联芸科技,SH,66.67,12.47,19.87,29.08,21.11,76.32,7.390,67.44,58.02,10.37,1.36,3039.25万,19.17亿,865.33,15.9117,306.68亿,195.48亿
1165,603025,大豪科技,SH,17.14,2.63,5.50,5.17,4.77,76.32,0.440,17.30,16.58,1.96,1.48,2172.29万,3.70亿,20.11,7.7725,191.39亿,190.11亿
1166,600094,大名城,SH,4.90,0.20,6.79,5.01,4.03,76.30,0.010,4.94,4.83,1.32,0.93,2806.20万,1.37亿,609.60,1.1085,113.92亿,104.19亿
1167,000957,中通客车,SZ,11.96,-2.05,3.77,9.14,0.25,76.30,-0.250,12.18,11.86,2.84,0.92,1685.65万,2.02亿,17.82,2.1969,70.91亿,70.91亿
1168,688677,海泰新光,SH,122.50,2.36,15.45,12.63,11.36,76.29,2.830,124.00,115.13,2.99,0.58,357.84万,4.30亿,77.78,10.6074,146.85亿,146.85亿
1169,002384,东山精密,SZ,211.39,0.15,14.88,20.07,13.21,76.28,0.320,213.58,206.01,6.46,1.02,8953.93万,187.77亿,87.21,17.1035,3871.84亿,2930.55亿
1170,688262,国芯科技,SH,40.47,-2.46,6.85,17.60,3.85,76.28,-1.020,41.07,40.05,5.20,0.97,1746.46万,7.09亿,-69.85,7.0557,135.98亿,135.98亿
1171,002235,安妮股份,SZ,12.35,2.57,14.02,49.35,10.27,76.27,0.310,12.48,11.95,11.68,0.81,6468.27万,7.94亿,-2451.76,9.8121,71.58亿,68.37亿
1172,300769,德方纳米,SZ,78.96,-2.22,23.39,69.05,9.74,76.26,-1.790,88.30,78.47,19.12,0.82,4812.55万,39.38亿,20.88,4.2406,221.24亿,198.79亿
1173,301526,国际复材,SZ,18.60,-3.13,19.40,43.74,15.67,76.23,-0.600,19.30,18.31,11.62,0.67,1.63亿,30.55亿,64.90,8.2170,701.38亿,261.22亿
1174,002870,香山股份,SZ,40.27,-1.42,5.53,15.65,1.74,76.21,-0.580,41.20,40.13,3.37,0.70,435.01万,1.76亿,-126.97,3.2504,53.19亿,51.93亿
1175,001337,四川黄金,SZ,59.19,1.44,13.31,14.04,10.16,76.17,0.840,61.04,57.00,4.49,1.03,1885.92万,11.27亿,23.41,13.1363,248.60亿,248.60亿
1176,600152,维科技术,SH,15.41,1.99,17.24,81.11,3.77,76.17,0.300,16.62,14.93,28.59,1.09,1.51亿,23.85亿,-80.89,4.9730,81.53亿,81.53亿
1177,002960,青鸟智控,SZ,12.43,-0.24,4.13,7.02,2.73,76.16,-0.030,12.54,12.30,1.95,0.72,1574.81万,1.96亿,42.25,1.7767,109.36亿,100.50亿
1178,301510,固高科技,SZ,40.65,1.14,9.29,19.07,5.15,76.15,0.460,41.60,39.85,5.40,0.82,1506.10万,6.17亿,184.26,11.2055,162.60亿,113.48亿
1179,603726,朗迪集团,SH,25.80,-1.00,4.99,16.81,3.82,76.15,-0.260,26.27,25.61,3.70,0.73,683.40万,1.77亿,13.70,3.2019,47.90亿,47.65亿
1180,688199,久日新材,SH,28.42,-1.39,5.84,7.53,3.72,76.15,-0.400,28.80,28.28,2.01,0.74,324.78万,9246.71万,112.47,1.7705,45.82亿,45.82亿
1181,600783,鲁信创投,SH,24.84,10.01,14.54,11.16,14.31,76.11,2.260,24.84,22.90,4.16,1.02,3095.37万,7.52亿,-297.33,4.2010,184.90亿,184.90亿
1182,600448,华纺股份,SH,3.59,1.13,3.90,12.89,0.00,76.09,0.040,3.63,3.52,3.92,0.91,2471.29万,8856.17万,-20.08,2.4797,22.61亿,22.61亿
1183,002856,*ST美芝,SZ,14.08,2.40,6.10,41.45,2.18,76.08,0.330,14.44,13.91,13.26,1.23,1643.21万,2.35亿,-191.58,-37.4377,19.05亿,17.45亿
1184,002867,周大生,SZ,13.23,-0.68,4.15,5.03,-0.23,76.08,-0.090,13.47,13.21,1.07,0.42,1152.94万,1.54亿,12.24,2.1197,143.61亿,142.76亿
1185,300302,同有科技,SZ,35.50,5.56,26.55,58.02,28.07,76.07,1.870,36.04,32.50,19.40,1.04,7154.77万,24.97亿,48.79,15.4482,170.14亿,130.93亿
1186,600545,卓郎智能,SH,5.51,9.98,15.75,25.98,12.68,76.06,0.500,5.51,5.01,8.88,0.96,1.59亿,8.57亿,-81.84,3.7582,98.51亿,98.51亿
1187,603327,福蓉科技,SH,11.16,1.09,4.54,11.91,3.33,76.05,0.120,11.26,10.86,3.88,0.90,4054.80万,4.51亿,60.43,4.6600,116.67亿,116.67亿
1188,002903,宇环数控,SZ,46.34,2.48,26.55,41.17,24.00,76.04,1.120,48.22,43.89,24.77,2.19,2641.83万,12.36亿,-209.96,9.3252,72.61亿,49.43亿
1189,688757,胜科纳米,SH,31.68,6.85,18.71,22.61,12.50,76.03,2.030,32.73,29.13,9.86,2.32,1787.67万,5.58亿,430.87,14.2689,127.77亿,57.41亿
1190,300964,本川智能,SZ,72.90,-2.27,6.18,20.90,2.46,76.03,-1.690,74.77,72.79,6.39,0.90,357.79万,2.63亿,116.50,5.4524,55.64亿,40.83亿
1191,301179,泽宇智能,SZ,25.12,0.52,8.77,15.40,8.56,76.02,0.130,25.41,24.64,4.95,0.95,1176.59万,2.95亿,99.73,4.0017,101.59亿,59.65亿
1192,301607,富特科技,SZ,51.73,-0.23,3.62,16.66,2.37,76.00,-0.120,52.53,50.97,5.28,0.77,572.53万,2.96亿,26.12,6.1269,80.40亿,56.09亿
1193,600026,中远海能,SH,23.42,3.22,12.27,8.08,8.48,75.98,0.730,23.66,22.25,2.69,1.28,1.03亿,23.84亿,14.72,2.6547,1279.95亿,895.11亿
1194,300834,星辉环材,SZ,45.48,10.90,26.37,12.73,22.75,75.98,4.470,46.90,40.70,5.39,1.90,1036.70万,4.64亿,105.20,3.0603,88.10亿,87.52亿
1195,002676,顺威股份,SZ,8.15,4.35,16.43,19.42,14.47,75.97,0.340,8.23,7.70,8.72,2.41,6276.20万,5.03亿,55.85,4.3611,58.68亿,58.68亿
1196,600573,惠泉啤酒,SH,13.78,-0.79,7.35,19.33,0.29,75.96,-0.110,14.00,13.49,5.44,0.90,1360.30万,1.86亿,104.72,2.5223,34.45亿,34.45亿
1197,601179,中国西电,SH,17.19,-1.77,5.20,11.64,1.60,75.96,-0.310,17.80,17.16,4.09,1.21,2.10亿,36.48亿,63.56,3.7731,881.14亿,881.14亿
1198,601515,衢州东峰,SH,4.79,5.74,9.25,7.63,5.51,75.95,0.260,4.87,4.45,4.23,2.44,8150.13万,3.81亿,-217.79,1.8814,92.18亿,92.18亿
1199,688147,微导纳米,SH,79.80,-1.70,8.14,6.77,0.55,75.94,-1.380,80.49,77.86,1.88,0.68,866.15万,6.86亿,437.73,12.5389,368.00亿,368.00亿
1200,603683,晶华新材,SH,28.96,-2.66,5.89,14.21,0.31,75.94,-0.790,30.04,28.65,5.30,1.25,1527.07万,4.47亿,82.47,4.9860,84.32亿,83.45亿
1201,300461,田中精机,SZ,59.24,7.44,20.56,24.03,12.24,75.93,4.100,62.30,53.98,9.66,1.36,1387.99万,8.19亿,-121.05,17.1520,93.04亿,85.13亿
1202,301097,天益医疗,SZ,59.07,0.29,3.91,7.17,0.75,75.92,0.170,59.20,58.11,1.68,0.67,48.75万,2862.14万,93.66,3.1235,34.82亿,17.10亿
1203,603126,中材节能,SH,8.48,-1.40,6.48,8.82,3.67,75.92,-0.120,8.53,8.39,2.11,0.90,1287.40万,1.09亿,121.09,2.5233,51.77亿,51.77亿
1204,688171,纬德信息,SH,57.25,0.90,12.32,11.71,10.54,75.91,0.510,58.17,56.01,3.10,1.09,260.10万,1.49亿,-8046.51,5.8024,47.96亿,47.96亿
1205,002733,雄韬股份,SZ,29.20,-3.05,12.22,28.25,5.57,75.90,-0.920,30.60,29.10,6.91,0.52,2549.60万,7.57亿,132.58,4.1279,112.19亿,107.71亿
1206,300502,新易盛,SZ,551.67,-2.10,9.89,14.15,4.92,75.87,-11.830,560.99,546.47,3.37,0.79,2980.05万,164.88亿,49.31,26.9088,5483.65亿,4884.44亿
1207,300174,元力股份,SZ,17.97,-1.53,4.21,11.24,0.84,75.87,-0.280,18.50,17.85,3.88,0.93,1403.60万,2.54亿,39.29,1.8741,65.45亿,65.09亿
1208,300222,科大智能,SZ,12.39,-3.13,14.29,23.41,10.63,75.86,-0.400,12.67,12.37,5.27,1.13,3341.35万,4.17亿,88.55,5.5490,96.43亿,78.53亿
1209,003036,泰坦股份,SZ,41.91,10.00,25.98,20.31,27.97,75.85,3.810,41.91,39.24,2.31,0.21,499.74万,2.05亿,110.48,6.3828,90.64亿,90.64亿
1210,603387,基蛋生物,SH,9.88,2.92,5.70,9.82,2.38,75.85,0.280,10.06,9.58,4.22,1.19,2141.15万,2.12亿,16.42,1.7708,50.11亿,50.11亿
1211,000820,*ST节能,SZ,3.82,0.53,8.27,15.50,1.87,75.84,0.020,3.96,3.81,5.07,0.93,1507.06万,5841.52万,-616.56,28.7169,24.70亿,11.34亿
1212,688365,光云科技,SH,22.39,-3.12,20.08,22.25,13.54,75.84,-0.720,23.98,22.37,8.21,1.65,3497.05万,8.04亿,395.85,9.9830,95.34亿,95.34亿
1213,300878,维康药业,SZ,31.70,2.76,13.61,7.30,10.92,75.83,0.850,32.55,30.50,2.86,1.64,412.25万,1.31亿,658.25,5.0318,45.90亿,45.69亿
1214,300632,光莆股份,SZ,24.99,0.89,13.45,102.43,2.13,75.82,0.220,26.06,23.76,27.26,1.30,6029.34万,15.01亿,2258.95,4.4028,76.26亿,55.28亿
1215,300128,锦富技术,SZ,6.91,0.88,8.37,11.18,7.13,75.81,0.060,6.97,6.79,3.11,0.91,4029.60万,2.77亿,-41.03,21.2841,89.77亿,89.65亿
1216,301028,鼎熔岩,SZ,17.75,20.01,25.30,19.27,25.80,75.80,2.960,17.75,15.53,14.83,10.12,3682.72万,6.10亿,29.24,3.9797,68.17亿,44.08亿
1217,300001,特锐德,SZ,30.09,-1.86,4.92,7.86,2.00,75.80,-0.570,30.45,29.75,2.23,0.78,2309.43万,6.92亿,110.38,3.6736,317.61亿,311.40亿
1218,002906,华阳集团,SZ,31.44,1.91,7.14,4.86,6.14,75.78,0.590,31.82,30.78,1.63,1.09,854.74万,2.68亿,24.89,2.3938,165.03亿,164.94亿
1219,600563,法拉电子,SH,123.00,-0.91,5.69,9.39,4.22,75.77,-1.130,124.80,121.88,2.37,0.75,532.34万,6.55亿,25.84,4.3945,276.75亿,276.75亿
1220,600666,奥瑞德,SH,5.85,-1.02,11.26,39.69,11.64,75.76,-0.060,5.97,5.80,10.01,0.75,2.51亿,14.66亿,-415.11,14.6809,160.96亿,146.38亿
1221,002309,中利集团,SZ,4.61,-1.28,11.42,51.09,7.46,75.75,-0.060,4.82,4.58,12.91,0.71,3.11亿,14.48亿,221.98,7.3968,138.65亿,110.92亿
1222,002846,英联股份,SZ,15.71,-0.70,4.42,16.56,2.01,75.74,-0.110,15.88,15.60,4.52,0.75,1175.31万,1.85亿,131.71,4.6292,65.98亿,40.87亿
1223,002802,洪汇新材,SZ,14.85,2.77,7.05,20.20,6.83,75.73,0.400,14.90,14.30,7.74,1.12,1158.18万,1.70亿,52.63,4.1202,26.92亿,22.23亿
1224,688197,首药控股-U,SH,41.64,-0.50,4.65,6.62,1.93,75.71,-0.210,42.07,40.68,1.74,0.63,111.07万,4598.07万,-102.59,9.3111,61.93亿,26.65亿
1225,600232,金鹰股份,SH,8.76,0.69,3.73,7.17,2.10,75.69,0.060,8.79,8.59,2.05,0.93,748.86万,6509.75万,68.70,3.3227,31.95亿,31.95亿
1226,300339,润和软件,SZ,47.80,1.90,7.94,19.63,5.73,75.67,0.890,49.40,46.25,7.62,1.39,5926.66万,28.58亿,123.19,10.4426,380.68亿,371.73亿
1227,301286,侨源股份,SZ,58.31,1.59,19.76,10.60,15.01,75.63,0.910,60.32,57.00,2.80,0.98,451.71万,2.66亿,95.64,11.5148,233.30亿,94.04亿
1228,600776,东方通信,SH,18.51,4.52,16.55,18.02,11.37,75.63,0.800,19.41,17.41,8.24,1.85,7882.00万,14.42亿,134.70,6.0871,232.49亿,176.96亿
1229,002305,*ST南置,SZ,2.33,2.64,6.73,4.45,4.48,75.60,0.060,2.34,2.27,1.78,1.10,3093.69万,7162.61万,63.97,16.1420,40.41亿,40.40亿
1230,002081,金 螳 螂,SZ,6.80,-4.76,17.46,48.73,15.25,75.58,-0.340,7.18,6.43,21.79,1.39,5.76亿,39.11亿,25.62,1.2960,180.56亿,179.81亿
1231,603068,博通集成,SH,36.84,0.77,3.41,10.16,3.83,75.58,0.280,36.84,36.06,2.50,0.79,375.34万,1.37亿,85.34,3.1854,55.42亿,55.42亿
1232,603881,数据港,SH,40.20,1.64,8.02,24.39,8.91,75.58,0.650,40.50,38.70,9.25,1.61,6647.00万,26.26亿,161.23,8.5820,288.79亿,288.79亿
1233,688358,祥生医疗,SH,33.86,3.80,10.08,7.03,7.97,75.57,1.240,33.88,32.42,2.64,1.29,295.35万,9841.04万,20.62,2.6744,37.97亿,37.91亿
1234,002008,大族激光,SZ,122.06,8.58,23.86,16.78,21.19,75.56,9.650,122.92,112.20,6.79,1.28,6495.24万,75.78亿,88.74,6.0805,1256.73亿,1167.78亿
1235,301421,波长光电,SZ,104.05,-3.73,6.86,51.30,0.26,75.55,-4.030,106.68,102.88,13.28,0.79,614.95万,6.43亿,465.02,9.9820,120.40亿,48.18亿
1236,000908,ST景峰,SZ,7.22,2.41,5.20,4.98,1.40,75.54,0.170,7.32,6.95,2.38,1.13,2096.30万,1.49亿,865.35,6.0865,127.04亿,63.52亿
1237,603380,易德龙,SH,39.22,5.60,9.08,6.05,6.34,75.53,2.080,39.85,36.50,3.51,3.05,563.27万,2.17亿,51.53,3.9002,62.93亿,62.93亿
1238,600336,澳柯玛,SH,8.18,5.14,9.80,5.65,8.34,75.53,0.400,8.24,7.73,2.75,1.74,2194.07万,1.77亿,43.55,2.8840,65.28亿,65.28亿
1239,300034,钢研高纳,SZ,20.80,2.26,5.70,8.29,5.85,75.52,0.460,20.87,20.05,3.01,1.43,2307.25万,4.75亿,61.49,4.3003,165.77亿,159.55亿
1240,300161,华中数控,SZ,40.01,2.22,26.45,33.28,23.18,75.51,0.870,40.44,37.77,10.33,1.18,2013.43万,7.86亿,-25.13,5.1502,79.50亿,78.02亿
1241,301122,采纳股份,SZ,33.38,0.30,8.40,12.88,4.64,75.47,0.100,33.72,33.02,2.51,0.62,189.85万,6343.18万,77.82,2.2039,40.81亿,25.25亿
1242,003022,联泓新科,SZ,24.18,-4.12,5.31,7.18,0.37,75.44,-1.040,25.07,24.11,2.41,0.85,3221.08万,7.88亿,55.79,4.3083,322.94亿,322.67亿
1243,603538,美诺华,SH,63.70,3.33,21.44,83.79,1.99,75.41,2.050,64.35,57.00,27.08,1.01,6292.42万,38.15亿,120.93,5.4130,150.74亿,148.03亿
1244,300211,*ST亿通,SZ,9.28,2.88,4.94,4.29,4.27,75.40,0.260,9.28,8.96,1.74,1.17,520.57万,4777.78万,-59.48,6.4012,28.20亿,27.70亿
1245,002840,华统股份,SZ,12.73,0.00,4.09,7.78,0.08,75.40,0.000,12.88,12.49,2.15,0.60,1716.01万,2.18亿,-10.61,2.8395,102.12亿,101.41亿
1246,300517,海波重科,SZ,12.70,0.24,5.13,12.59,1.76,75.40,0.030,12.88,12.64,3.87,0.98,488.25万,6229.71万,181.94,2.4339,25.45亿,16.03亿
1247,002576,通达动力,SZ,19.25,1.48,3.40,13.65,3.89,75.39,0.280,19.30,18.75,5.63,1.60,912.43万,1.74亿,36.25,2.4132,31.78亿,31.19亿
1248,300903,科翔股份,SZ,58.06,-1.16,26.29,36.21,16.89,75.39,-0.680,61.66,56.58,14.05,1.27,4614.46万,26.96亿,-121.53,13.8433,252.79亿,190.67亿
1249,600521,华海药业,SH,16.45,0.43,3.87,5.48,0.98,75.38,0.070,16.50,16.24,1.34,0.81,2000.79万,3.28亿,15.23,2.5638,246.30亿,246.30亿
1250,600081,东风科技,SH,12.69,0.95,14.44,8.52,12.40,75.38,0.120,12.91,12.41,2.41,1.50,1330.95万,1.69亿,43.98,1.5179,70.18亿,70.18亿
1251,000531,穗恒运Ａ,SZ,7.19,-1.64,4.68,8.40,1.99,75.34,-0.120,7.38,7.16,2.67,0.86,2425.60万,1.76亿,9.67,1.0775,74.88亿,65.41亿
1252,002563,森马服饰,SZ,6.08,0.16,3.80,4.44,0.33,75.32,0.010,6.14,6.01,1.08,0.49,2389.33万,1.45亿,13.15,1.4496,163.80亿,134.19亿
1253,002470,金正大,SZ,2.88,0.35,6.01,20.16,1.77,75.32,0.010,2.94,2.83,6.71,0.94,2.20亿,6.35亿,206.79,4.4389,94.64亿,94.63亿
1254,301217,铜冠铜箔,SZ,88.54,2.00,21.96,20.63,13.02,75.31,1.740,90.80,85.00,5.43,0.65,4502.79万,39.98亿,172.55,13.3430,734.01亿,734.01亿
1255,002643,万润股份,SZ,16.92,-1.28,3.68,5.89,2.17,75.31,-0.220,17.07,16.79,1.85,1.08,1683.25万,2.84亿,44.45,2.1838,156.16亿,153.86亿
1256,600538,国发股份,SH,6.90,0.73,7.89,14.04,2.68,75.31,0.050,6.99,6.73,3.80,0.93,1992.49万,1.37亿,-119.77,5.3173,36.17亿,36.17亿
1257,688298,东方生物,SH,25.25,4.64,16.17,8.97,13.08,75.30,1.120,25.99,23.90,4.43,3.62,892.33万,2.25亿,-13.56,0.8637,50.90亿,50.90亿
1258,301373,凌玮科技,SZ,135.40,-3.25,25.68,47.27,16.74,75.28,-4.550,143.92,134.39,14.12,0.87,575.84万,7.97亿,95.92,8.6411,146.87亿,55.22亿
1259,603239,浙江仙通,SH,25.90,3.81,13.65,10.51,8.78,75.28,0.950,26.48,24.53,3.99,1.66,1080.26万,2.79亿,35.71,5.0953,70.12亿,70.12亿
1260,603041,美思德,SH,14.12,0.79,3.54,7.61,0.00,75.28,0.110,14.17,13.99,1.49,0.49,272.69万,3843.71万,45.38,1.6914,25.86亿,25.86亿
1261,688392,骄成超声,SH,141.27,-0.51,6.04,5.76,1.05,75.26,-0.730,146.46,139.70,1.65,0.78,190.66万,2.72亿,81.25,8.8066,163.50亿,163.50亿
1262,605122,四方新材,SH,14.87,0.81,3.46,10.61,1.02,75.25,0.120,14.95,14.54,2.28,0.59,393.68万,5834.36万,96.22,1.4743,25.63亿,25.63亿
1263,600301,华锡有色,SH,59.96,0.23,18.80,24.41,18.66,75.24,0.140,60.45,57.96,6.35,1.00,1747.82万,10.36亿,52.13,7.6127,379.29亿,165.09亿
1264,688218,江苏北人,SH,39.31,1.08,19.12,19.68,15.62,75.23,0.420,40.59,38.50,5.32,0.80,619.28万,2.44亿,301.60,5.3685,45.79亿,45.79亿
1265,300206,理邦仪器,SZ,14.87,-0.80,4.63,9.40,-0.27,75.22,-0.120,15.14,14.76,2.33,0.77,789.85万,1.18亿,20.51,4.0727,86.20亿,50.32亿
1266,002404,嘉欣丝绸,SZ,7.15,0.85,3.69,7.46,1.56,75.22,0.060,7.17,7.05,1.94,0.75,882.22万,6269.25万,18.23,2.1034,40.04亿,32.57亿
1267,002403,爱仕达,SZ,11.67,2.46,7.34,8.16,5.71,75.18,0.280,11.81,11.21,2.64,1.03,784.29万,9118.78万,-94.80,2.8741,39.75亿,34.68亿
1268,603703,盛洋科技,SH,14.47,1.12,5.48,9.00,5.77,75.15,0.160,14.50,14.03,2.82,1.06,1171.02万,1.67亿,245.70,7.2657,60.05亿,60.05亿
1269,000720,新能泰山,SZ,5.69,10.06,24.67,33.47,25.33,75.14,0.520,5.69,5.30,24.08,5.02,3.03亿,16.84亿,-80.26,3.8007,71.50亿,71.50亿
1270,600851,海欣股份,SH,8.59,-1.49,7.80,5.23,3.12,75.13,-0.130,8.80,8.55,1.63,1.04,1205.29万,1.04亿,89.57,2.2810,103.69亿,63.41亿
1271,000652,泰达股份,SZ,4.41,2.56,3.96,4.70,2.80,75.12,0.110,4.43,4.26,1.95,1.05,2880.81万,1.26亿,156.62,1.1989,65.07亿,65.02亿
1272,001324,长青科技,SZ,20.97,-0.10,6.29,16.13,1.40,75.12,-0.020,21.05,20.55,4.50,0.91,367.66万,7628.81万,58.29,2.5113,28.94亿,17.12亿
1273,002952,亚世光电,SZ,28.10,-1.89,7.83,23.94,1.81,75.11,-0.540,28.47,27.68,6.96,0.91,916.47万,2.56亿,129.27,5.2427,46.18亿,36.99亿
1274,603020,爱普股份,SH,11.62,3.11,7.91,5.15,6.90,75.10,0.350,11.74,11.24,2.07,1.69,776.92万,8934.15万,32.54,1.3172,43.65亿,43.65亿
1275,301552,科力装备,SZ,42.37,1.00,5.13,23.26,3.49,75.10,0.420,42.77,41.62,9.55,1.44,227.37万,9625.02万,39.97,3.6219,40.34亿,10.08亿
1276,603950,长源东谷,SH,68.50,7.37,27.46,12.79,23.09,75.09,4.700,70.00,62.05,5.57,1.90,1802.75万,11.87亿,67.00,7.1715,222.03亿,221.67亿
1277,688296,和达科技,SH,16.26,1.63,6.69,8.46,5.65,75.09,0.260,16.45,15.99,1.95,0.76,209.22万,3390.08万,-34.60,3.0745,17.54亿,17.46亿
1278,688255,凯尔达,SH,32.31,1.80,8.50,8.86,6.49,75.04,0.570,32.88,31.70,3.71,1.68,407.78万,1.32亿,80.47,3.3202,35.50亿,35.50亿
1279,603976,正川股份,SH,21.54,1.70,4.40,4.33,1.84,75.04,0.360,21.85,21.23,1.79,1.15,270.42万,5800.36万,119.26,2.7423,32.57亿,32.57亿
1280,002792,通宇通讯,SZ,51.18,-0.52,19.33,55.19,17.22,75.00,-0.270,52.45,50.03,20.35,1.59,6876.05万,35.30亿,-518.48,9.5045,268.10亿,172.90亿
1281,688321,微芯生物,SH,31.30,-2.34,4.89,8.86,-0.06,74.98,-0.750,32.40,31.28,2.54,0.83,1037.46万,3.27亿,122.60,5.6931,138.64亿,127.64亿
1282,002091,江苏国泰,SZ,9.79,10.00,11.17,11.47,9.39,74.96,0.890,9.79,8.85,5.10,1.54,8148.40万,7.85亿,18.81,0.9955,159.35亿,156.46亿
1283,002021,中捷资源,SZ,3.34,1.83,6.29,13.68,5.03,74.96,0.060,3.37,3.19,4.19,1.03,5007.76万,1.66亿,-169.29,6.5157,39.93亿,39.93亿
1284,603119,浙江荣泰,SH,92.62,4.75,15.73,43.89,12.25,74.96,4.200,94.48,88.74,16.65,1.70,3395.18万,31.33亿,117.32,15.9738,336.90亿,188.83亿
1285,002208,合肥城建,SZ,14.13,-3.48,10.70,17.95,2.84,74.95,-0.510,14.47,14.08,4.32,0.78,3469.12万,4.93亿,-113.99,1.9165,113.51亿,113.47亿
1286,300732,设研院,SZ,7.92,3.39,8.14,10.48,5.74,74.94,0.260,7.94,7.60,3.99,1.22,1475.19万,1.15亿,-107.64,1.0485,29.35亿,29.32亿
1287,002988,豪美新材,SZ,34.82,-0.88,6.52,6.71,0.49,74.93,-0.310,35.86,34.16,2.37,1.28,591.81万,2.07亿,54.66,3.2336,86.97亿,86.97亿
1288,600353,旭光电子,SH,18.17,1.57,5.98,13.06,5.46,74.93,0.280,18.25,17.54,3.92,0.96,3249.79万,5.86亿,112.98,7.7987,150.81亿,150.59亿
1289,300263,隆华科技,SZ,11.31,-0.62,8.61,15.69,7.00,74.91,-0.070,11.42,11.18,4.17,0.96,4063.74万,4.58亿,45.37,2.7914,117.06亿,110.33亿
1290,300145,南方泵业,SZ,5.05,-0.20,3.72,9.53,4.34,74.89,-0.010,5.09,4.96,2.98,1.03,5684.87万,2.86亿,29.98,3.2588,96.97亿,96.50亿
1291,002179,中航光电,SZ,36.92,0.85,3.83,5.80,0.98,74.88,0.310,37.13,36.10,1.82,1.06,3808.47万,13.99亿,49.07,3.1684,781.75亿,774.03亿
1292,002853,皮阿诺,SZ,28.73,-2.68,14.07,9.71,6.92,74.88,-0.790,29.65,28.66,2.80,1.20,360.92万,1.05亿,-117.88,5.9076,52.55亿,36.98亿
1293,688267,中触媒,SH,31.16,3.42,8.09,7.62,2.06,74.86,1.030,31.60,29.60,3.00,1.43,528.53万,1.63亿,43.40,1.9210,54.90亿,54.90亿
1294,002715,登云股份,SZ,17.96,2.51,5.09,24.13,2.63,74.86,0.440,18.05,17.41,7.39,0.73,1020.40万,1.82亿,93.61,5.3260,24.78亿,24.78亿
1295,301379,天山电子,SZ,27.88,-0.04,5.73,17.71,5.17,74.84,-0.010,28.53,27.28,4.04,0.72,620.45万,1.72亿,70.12,3.7764,55.27亿,42.87亿
1296,002263,大东南,SZ,4.35,1.16,9.18,28.62,7.94,74.83,0.050,4.42,4.22,8.99,0.97,1.69亿,7.35亿,472.79,2.9414,81.71亿,81.71亿
1297,002993,奥海科技,SZ,51.68,-1.43,12.34,9.42,8.82,74.81,-0.750,52.00,50.64,2.23,0.72,532.32万,2.73亿,76.45,2.9417,142.66亿,123.23亿
1298,688671,碧兴物联,SH,25.20,1.90,6.67,9.70,6.33,74.78,0.470,25.28,24.40,2.54,0.78,118.76万,2963.15万,-28.85,1.9789,19.79亿,11.81亿
1299,300709,精研科技,SZ,43.41,0.53,6.57,15.63,4.40,74.76,0.230,43.70,42.43,4.02,0.64,600.66万,2.60亿,-40.62,3.7473,80.78亿,64.80亿
1300,688638,誉辰智能,SH,44.02,0.96,4.82,15.98,0.96,74.75,0.420,44.42,43.10,4.03,0.76,106.62万,4665.86万,-13.47,3.2261,24.65亿,11.65亿
1301,688399,硕世生物,SH,64.08,0.02,10.17,7.97,3.77,74.75,0.010,65.88,63.01,2.57,1.29,215.47万,1.39亿,63.61,1.8234,53.74亿,53.74亿
1302,001338,永顺泰,SZ,13.33,-0.07,4.14,5.88,0.45,74.74,-0.010,13.40,13.22,1.35,0.50,678.54万,9026.82万,50.35,1.7887,66.88亿,66.88亿
1303,300085,银之杰,SZ,40.93,-0.37,12.63,22.26,9.79,74.73,-0.150,41.99,40.10,5.38,0.90,3510.86万,14.44亿,-334.86,68.9143,289.23亿,266.87亿
1304,688258,卓易信息,SH,148.50,-1.26,21.73,25.84,23.33,74.71,-1.900,156.17,144.38,9.37,1.54,1135.30万,16.98亿,75.63,18.7841,179.90亿,179.90亿
1305,605319,无锡振华,SH,27.20,1.23,4.36,4.85,1.42,74.71,0.330,27.47,26.66,1.50,0.94,523.59万,1.42亿,23.62,3.3314,95.23亿,94.70亿
1306,603063,禾望电气,SH,51.50,1.48,19.37,26.05,17.37,74.68,0.750,52.42,49.50,7.65,0.92,3509.32万,17.81亿,115.55,4.5810,236.28亿,236.28亿
1307,688592,司南导航,SH,47.52,3.98,6.13,14.68,5.60,74.67,1.820,47.77,45.41,6.16,1.38,237.39万,1.11亿,-132.20,4.0216,38.23亿,18.31亿
1308,603131,上海沪工,SH,25.05,2.96,9.55,33.89,11.23,74.67,0.720,25.48,23.80,12.26,1.97,4132.08万,10.22亿,179.28,5.1113,84.40亿,84.40亿
1309,600226,亨通股份,SH,5.65,-1.40,7.22,9.25,4.63,74.67,-0.080,5.75,5.61,2.87,1.11,8534.45万,4.85亿,58.50,4.5347,168.05亿,168.05亿
1310,301141,中科磁业,SZ,58.28,1.27,12.00,36.36,11.05,74.67,0.730,58.88,56.33,9.91,1.00,441.16万,2.55亿,292.61,5.6342,72.29亿,25.94亿
1311,002154,报 喜 鸟,SZ,4.36,-0.91,8.89,20.51,4.81,74.67,-0.040,4.47,4.35,5.40,0.66,6365.49万,2.80亿,6.71,1.3048,63.63亿,51.44亿
1312,300566,激智科技,SZ,20.49,2.86,7.56,13.41,7.56,74.64,0.570,20.73,19.74,5.27,1.60,1194.93万,2.42亿,23.57,2.4116,53.71亿,46.45亿
1313,002453,华软科技,SZ,6.29,-1.41,19.79,38.78,12.12,74.63,-0.090,6.59,6.01,11.64,1.59,7016.30万,4.44亿,-33.36,6.8484,51.10亿,37.91亿
1314,601113,华鼎股份,SH,4.62,0.43,4.35,4.63,0.43,74.63,0.020,4.65,4.58,1.25,0.69,1382.26万,6384.66万,146.47,1.2609,51.01亿,51.01亿
1315,603880,南卫股份,SH,7.74,0.39,6.17,11.47,3.89,74.63,0.030,7.81,7.62,2.46,0.61,712.04万,5506.59万,-109.87,12.9993,22.37亿,22.37亿
1316,688679,通源环境,SH,55.91,-3.60,15.66,9.86,6.90,74.63,-2.090,58.21,55.38,2.57,0.91,338.26万,1.92亿,3438.96,6.7076,73.63亿,73.63亿
1317,605388,均瑶健康,SH,7.18,0.42,4.99,8.75,2.43,74.62,0.030,7.21,7.04,2.14,0.50,1287.62万,9163.88万,124.40,2.8061,43.11亿,43.11亿
1318,002297,博云新材,SZ,25.71,3.88,10.24,95.82,4.94,74.61,0.960,25.99,23.49,29.19,0.84,1.67亿,42.47亿,27.84,6.5207,147.35亿,147.35亿
1319,688376,美埃科技,SH,70.22,-2.98,4.93,5.58,0.06,74.61,-2.160,72.95,69.74,1.94,0.90,262.70万,1.86亿,74.92,4.8505,94.97亿,94.97亿
1320,600126,杭钢股份,SH,9.56,0.10,12.59,16.11,9.38,74.56,0.010,9.63,9.35,4.18,0.73,1.41亿,13.39亿,840.11,1.6609,322.86亿,322.86亿
1321,601168,西部矿业,SH,32.47,2.85,11.29,9.59,9.73,74.56,0.900,32.80,30.89,2.91,1.02,6932.07万,22.04亿,12.20,3.8774,773.76亿,773.76亿
1322,688371,菲沃泰,SH,31.72,2.32,36.25,13.29,28.32,74.56,0.720,32.70,29.60,3.88,1.17,1302.56万,4.13亿,-125.42,5.4441,106.41亿,106.41亿
1323,301363,美好医疗,SZ,29.71,2.48,18.20,20.44,11.02,74.55,0.720,30.42,28.53,5.92,1.40,2210.77万,6.57亿,74.54,4.4659,169.01亿,110.88亿
1324,603711,香飘飘,SH,14.27,0.99,6.44,11.37,-0.07,74.55,0.140,14.47,14.01,2.08,0.73,856.85万,1.22亿,15.77,1.6455,58.92亿,58.92亿
1325,300606,金太阳,SZ,39.08,-1.98,5.57,30.14,3.61,74.54,-0.790,40.12,39.00,9.20,0.79,1082.34万,4.27亿,141.35,7.8772,54.07亿,45.99亿
1326,688507,索辰科技,SH,97.90,0.41,7.80,12.07,6.82,74.53,0.400,99.50,97.30,3.60,1.01,177.43万,1.75亿,-64.26,3.1535,87.24亿,48.20亿
1327,300665,飞鹿股份,SZ,9.04,0.11,7.77,17.93,6.48,74.48,0.010,9.13,8.84,4.36,0.74,951.76万,8559.85万,-82.73,5.0169,19.79亿,19.71亿
1328,300424,航新科技,SZ,19.07,3.47,5.01,14.11,3.81,74.47,0.640,19.10,18.18,6.27,1.25,1539.00万,2.90亿,42.90,6.6355,46.80亿,46.78亿
1329,603030,全筑股份,SH,3.06,6.62,16.98,27.95,15.47,74.44,0.190,3.15,2.88,9.86,1.84,1.30亿,3.93亿,448.27,5.7638,40.30亿,40.30亿
1330,300726,宏达电子,SZ,51.55,-0.31,4.19,15.44,4.86,74.37,-0.160,51.89,50.35,4.46,0.91,955.59万,4.88亿,56.50,4.0794,212.30亿,110.54亿
1331,688260,昀冢科技,SH,45.72,20.00,27.43,22.66,27.71,74.37,7.620,45.72,37.69,12.74,2.17,1529.06万,6.77亿,-25.93,33.9725,54.86亿,54.86亿
1332,002797,第一创业,SZ,7.82,-0.64,4.59,12.51,2.49,74.36,-0.050,7.94,7.76,3.17,0.74,1.33亿,10.43亿,41.66,1.8591,328.63亿,328.63亿
1333,601218,XD吉鑫科,SH,6.47,-3.00,6.31,21.31,0.45,74.35,-0.200,6.58,6.42,5.80,0.59,5620.01万,3.64亿,24.04,2.0913,62.70亿,62.70亿
1334,603222,济民健康,SH,10.15,-2.59,7.86,11.42,3.57,74.35,-0.270,10.48,10.08,4.05,0.88,2125.98万,2.17亿,-51.40,4.7890,53.30亿,53.30亿
1335,603275,众辰科技,SH,48.47,0.04,4.68,26.56,4.64,74.34,0.020,48.98,47.77,6.72,0.56,279.33万,1.35亿,39.77,2.3898,72.11亿,20.13亿
1336,300631,久吾高科,SZ,30.73,-2.66,10.55,32.50,8.78,74.33,-0.840,32.42,30.63,6.97,1.05,843.71万,2.63亿,60.69,2.8326,38.43亿,37.18亿
1337,000922,佳电股份,SZ,15.53,0.52,6.02,8.89,5.07,74.32,0.080,15.64,15.22,2.65,0.89,1558.77万,2.41亿,33.54,2.3009,107.93亿,91.23亿
1338,601869,长飞光纤,SH,397.23,2.06,14.55,14.04,12.24,74.31,8.030,405.00,373.00,4.79,1.19,1945.62万,75.76亿,166.05,23.1078,3288.69亿,1614.10亿
1339,688531,日联科技,SH,127.47,-0.41,16.29,44.62,5.70,74.28,-0.530,130.79,121.23,12.22,0.96,1402.84万,17.70亿,119.52,6.1753,211.08亿,146.31亿
1340,300142,沃森生物,SZ,13.35,1.52,4.54,13.34,2.69,74.28,0.200,13.59,13.19,5.00,0.87,7806.67万,10.45亿,48.23,2.8820,213.51亿,208.33亿
1341,300075,数字政通,SZ,14.53,5.37,13.24,11.90,9.33,74.28,0.740,15.08,13.95,6.68,2.71,3443.92万,4.99亿,211.84,2.8475,90.25亿,74.89亿
1342,000430,ST张家界,SZ,7.93,2.06,4.79,5.47,2.59,74.24,0.160,7.93,7.78,1.54,1.06,570.71万,4492.35万,5.25,3.5330,64.20亿,29.39亿
1343,002980,华盛昌,SZ,84.14,0.89,14.42,52.70,5.25,74.22,0.740,85.79,78.52,15.97,0.87,1617.66万,13.43亿,224.32,14.1152,159.36亿,85.22亿
1344,600356,恒丰纸业,SH,10.02,-0.69,3.73,9.68,0.91,74.21,-0.070,10.16,10.00,2.19,0.55,654.94万,6594.66万,14.51,1.0712,33.02亿,29.93亿
1345,300616,尚品宅配,SZ,14.66,1.88,11.32,17.59,7.71,74.21,0.270,15.09,14.26,5.25,0.85,814.97万,1.21亿,-8.48,1.1430,32.91亿,22.75亿
1346,002851,麦格米特,SZ,122.70,-0.24,3.92,15.80,2.07,74.20,-0.300,124.10,119.51,4.17,0.74,1910.03万,23.39亿,155.57,7.9556,713.66亿,562.08亿
1347,002488,金固股份,SZ,13.03,1.96,6.10,8.55,4.66,74.19,0.250,13.21,12.68,2.57,0.89,2364.51万,3.07亿,139.73,3.7390,129.71亿,119.89亿
1348,001231,农心科技,SZ,25.46,1.72,3.65,15.71,-0.12,74.17,0.430,25.50,24.92,4.81,0.99,245.86万,6230.32万,32.91,2.4866,25.44亿,13.02亿
1349,605123,派克新材,SH,116.51,3.64,7.68,16.94,9.12,74.17,4.090,117.30,111.00,5.14,1.32,622.56万,7.19亿,41.20,3.0520,141.18亿,141.18亿
1350,300981,中红医疗,SZ,14.77,-0.20,4.58,5.76,0.89,74.12,-0.030,14.99,14.68,1.30,0.59,511.45万,7578.39万,321.20,1.2047,63.34亿,58.05亿
1351,300053,航宇微,SZ,19.98,2.57,13.18,29.41,11.62,74.11,0.500,20.06,19.07,9.11,1.21,5929.80万,11.67亿,-186.03,9.8454,139.24亿,130.03亿
1352,002428,云南锗业,SZ,86.07,7.32,21.13,51.94,22.94,74.10,5.870,88.22,79.50,17.29,1.15,1.13亿,96.99亿,1543.14,38.2618,562.14亿,562.07亿
1353,002185,华天科技,SZ,13.74,-1.43,4.65,20.96,4.81,74.09,-0.200,13.85,13.45,5.65,1.00,1.84亿,25.17亿,129.31,2.5053,448.88亿,448.77亿
1354,301555,惠柏新材,SZ,38.29,1.65,5.67,19.45,5.86,74.09,0.620,38.41,37.21,6.92,1.13,334.34万,1.27亿,65.15,3.1263,35.33亿,18.51亿
1355,688615,合合信息,SH,147.47,-0.63,14.61,20.64,7.56,74.08,-0.940,158.00,146.60,7.34,1.35,992.94万,15.06亿,46.55,10.1013,289.04亿,199.58亿
1356,300686,智动力,SZ,18.50,-1.12,8.15,14.95,3.93,74.08,-0.210,18.98,18.19,4.45,0.92,1151.78万,2.13亿,-23.39,6.3786,48.22亿,47.90亿
1357,002813,路畅科技,SZ,27.55,2.34,5.22,7.23,4.12,74.06,0.630,27.58,26.94,2.14,0.60,256.89万,7000.09万,-44.74,16.0119,33.06亿,33.02亿
1358,605011,杭州热电,SH,22.05,1.05,8.97,7.06,6.32,74.04,0.230,22.60,21.67,2.88,1.78,1152.97万,2.54亿,54.44,3.5695,88.22亿,88.22亿
1359,000751,锌业股份,SZ,6.45,1.74,8.84,27.47,5.56,74.04,0.110,6.54,6.23,9.93,1.28,1.40亿,8.96亿,35.34,2.8202,104.21亿,90.94亿
1360,002034,旺能环境,SZ,18.37,0.33,10.81,13.13,5.03,74.03,0.060,18.85,18.20,3.84,0.97,1834.65万,3.40亿,10.96,1.1063,88.16亿,87.77亿
1361,300556,丝路视觉,SZ,20.77,1.22,4.38,18.89,3.49,73.96,0.250,20.87,20.36,5.39,0.81,585.32万,1.21亿,53.82,6.2785,25.25亿,22.54亿
1362,002970,锐明技术,SZ,75.83,0.34,15.62,25.91,8.67,73.96,0.260,77.00,73.17,6.51,0.61,814.58万,6.14亿,79.70,6.8346,138.55亿,94.92亿
1363,301309,万得凯,SZ,35.67,0.65,6.92,11.99,6.38,73.95,0.230,35.73,34.71,3.57,1.19,216.27万,7660.87万,27.53,2.1404,35.86亿,21.61亿
1364,002039,黔源电力,SZ,20.25,-2.83,6.16,10.30,-0.15,73.93,-0.590,21.38,20.13,4.03,1.57,1722.32万,3.55亿,24.26,1.9087,86.58亿,86.58亿
1365,300812,易天股份,SZ,39.53,-0.55,14.88,44.57,12.88,73.93,-0.220,39.75,38.18,14.64,1.36,1293.37万,5.06亿,154.96,7.0614,55.37亿,34.92亿
1366,300383,光环新网,SZ,17.22,-1.82,8.49,23.90,8.30,73.91,-0.320,17.49,17.01,5.56,0.72,9976.94万,17.21亿,344.47,2.6085,309.55亿,308.98亿
1367,002360,ST同德,SZ,6.22,2.98,7.23,18.93,0.00,73.89,0.180,6.34,6.07,6.79,0.63,2210.21万,1.38亿,-56.29,2.7189,24.99亿,20.25亿
1368,301429,森泰股份,SZ,22.66,3.23,6.07,22.04,5.74,73.88,0.710,22.74,21.84,6.08,1.03,267.55万,6018.31万,42.18,1.9749,26.79亿,9.98亿
1369,603598,引力传媒,SH,24.90,3.66,25.63,41.56,19.71,73.86,0.880,26.42,24.75,25.67,4.74,6915.08万,17.84亿,161.60,29.8900,67.15亿,67.08亿
1370,002865,钧达股份,SZ,96.53,10.01,21.87,33.21,19.69,73.86,8.780,96.53,88.30,13.82,1.64,3107.64万,28.70亿,530.35,7.4580,300.47亿,217.06亿
1371,300223,北京君正,SZ,133.88,-2.53,9.42,26.92,7.81,73.85,-3.470,135.08,132.52,6.42,0.73,2698.76万,36.11亿,50.63,5.0806,646.03亿,563.06亿
1372,603823,百合花,SH,17.45,-1.47,9.34,6.39,4.49,73.81,-0.260,17.71,16.96,1.75,0.99,726.89万,1.26亿,42.30,2.9012,72.66亿,72.66亿
1373,002890,弘宇股份,SZ,17.27,2.74,4.35,6.03,1.59,73.81,0.460,17.30,16.56,2.13,0.89,344.33万,5863.86万,132.58,4.8442,29.34亿,27.89亿
1374,301190,善水科技,SZ,24.98,0.77,12.29,9.75,7.72,73.80,0.190,25.36,24.35,2.81,0.83,401.92万,1.00亿,35.31,2.7065,53.62亿,35.75亿
1375,605138,盛泰集团,SH,7.89,1.02,5.06,7.71,2.47,73.78,0.080,7.98,7.77,1.56,0.41,864.03万,6793.80万,6.63,1.7472,43.83亿,43.83亿
1376,300084,海默科技,SZ,12.13,1.08,5.25,15.55,2.71,73.76,0.130,12.28,11.74,5.70,1.17,2032.08万,2.46亿,-94.44,4.8818,61.67亿,43.27亿
1377,000629,钒钛股份,SZ,3.90,0.52,6.59,7.02,7.14,73.76,0.020,3.94,3.83,1.87,0.95,1.74亿,6.77亿,126.05,2.9305,362.35亿,362.33亿
1378,603281,江瀚新材,SH,35.70,-4.55,13.10,5.58,5.56,73.74,-1.700,37.20,35.66,1.68,1.54,625.87万,2.26亿,32.23,2.7210,133.28亿,133.28亿
1379,301512,智信精密,SZ,52.94,1.22,7.48,20.51,5.25,73.74,0.640,53.64,51.66,7.02,1.03,174.09万,9186.21万,-27.33,2.6761,28.23亿,13.14亿
1380,300872,天阳科技,SZ,20.30,5.95,20.17,26.04,22.96,73.72,1.140,20.45,18.95,10.73,2.28,4527.50万,9.06亿,328.51,2.6684,99.09亿,85.67亿
1381,300727,润禾材料,SZ,34.24,-2.31,3.80,6.75,0.18,73.72,-0.810,34.83,34.00,1.99,0.97,322.43万,1.11亿,56.39,4.4674,61.68亿,55.51亿
1382,603789,*ST星农,SH,6.08,2.70,9.70,6.63,7.23,73.72,0.160,6.17,5.86,2.25,1.06,585.16万,3539.89万,-13.12,15.4079,16.13亿,15.81亿
1383,300798,锦鸡股份,SZ,10.84,-2.43,16.78,33.19,6.38,73.71,-0.270,11.11,10.60,8.08,0.84,3080.67万,3.33亿,-79.85,2.9015,50.82亿,41.35亿
1384,301248,杰创智能,SZ,92.45,-1.28,13.22,30.98,8.51,73.71,-1.200,96.60,91.04,9.40,0.80,1055.42万,9.86亿,-249.74,9.4212,142.10亿,103.85亿
1385,301260,格力博,SZ,17.69,4.12,6.54,12.42,3.27,73.70,0.700,17.95,17.05,5.63,1.37,1156.22万,2.04亿,15.76,1.9818,85.50亿,36.32亿
1386,600234,科新发展,SH,28.61,10.00,19.10,9.53,17.25,73.70,2.600,28.61,25.58,3.30,1.10,866.15万,2.35亿,-1211.66,16.6835,75.11亿,75.11亿
1387,300587,天铁科技,SZ,6.46,-1.82,7.79,10.18,4.87,73.69,-0.120,6.67,6.42,3.20,1.03,3369.17万,2.19亿,115.74,3.7431,83.87亿,67.95亿
1388,600748,上实发展,SH,5.48,10.04,10.00,4.97,3.40,73.69,0.500,5.48,4.95,2.30,1.94,4249.80万,2.26亿,-21.62,0.9784,101.08亿,101.08亿
1389,002961,瑞达期货,SZ,25.84,0.43,6.99,5.60,4.36,73.68,0.110,26.24,25.51,1.63,0.97,774.86万,2.01亿,15.08,2.9995,122.82亿,122.82亿
1390,001212,中旗新材,SZ,57.73,2.38,7.85,13.87,3.51,73.62,1.340,58.60,56.30,4.24,0.95,735.81万,4.25亿,767.18,6.0418,115.72亿,100.07亿
1391,688019,安集科技,SH,256.00,-3.76,7.74,10.03,2.32,73.61,-10.010,261.68,252.26,2.72,0.65,476.35万,12.23亿,53.93,9.7630,447.99亿,447.99亿
1392,603256,宏和科技,SH,148.87,3.30,24.20,6.70,25.00,73.60,4.760,151.08,138.68,2.70,1.04,2377.60万,35.05亿,233.48,48.5880,1309.65亿,1309.65亿
1393,001299,美能能源,SZ,11.29,2.64,6.40,10.17,3.20,73.60,0.290,11.33,10.96,3.64,0.85,1028.39万,1.15亿,32.03,3.1602,35.47亿,31.94亿
1394,002214,*ST大立,SZ,19.16,4.64,6.68,4.80,3.18,73.59,0.850,19.23,17.99,1.87,1.50,897.02万,1.69亿,-41.99,9.1205,114.70亿,91.66亿
1395,002706,良信股份,SZ,11.65,-1.35,4.58,18.56,0.69,73.58,-0.160,11.73,11.46,5.12,0.67,4684.32万,5.42亿,57.90,3.0243,130.84亿,106.53亿
1396,688685,迈信林,SH,49.97,0.10,4.75,10.02,2.67,73.53,0.050,50.48,49.00,2.73,0.71,401.08万,2.00亿,699.37,9.1614,73.38亿,73.38亿
1397,603767,中马传动,SH,20.68,2.83,7.78,14.43,6.54,73.50,0.570,20.85,19.82,4.69,1.16,1445.98万,2.97亿,262.86,4.6702,63.82亿,63.82亿
1398,603155,新亚强,SH,18.55,-1.43,7.64,8.86,4.92,73.49,-0.270,18.83,18.45,2.09,0.82,660.36万,1.23亿,43.13,2.6479,58.58亿,58.58亿
1399,300789,唐源电气,SZ,23.70,1.37,4.31,9.93,4.18,73.48,0.320,23.72,23.26,2.22,0.61,189.07万,4451.93万,59.67,3.2147,34.09亿,20.22亿
1400,301072,中捷精工,SZ,25.60,1.59,7.83,9.28,3.85,73.47,0.400,25.81,25.03,2.90,0.99,194.69万,4969.45万,-63.02,3.7648,26.89亿,17.19亿
1401,000700,模塑科技,SZ,14.50,6.93,24.42,29.46,20.43,73.45,0.940,14.85,13.62,14.69,2.48,1.35亿,19.34亿,20.47,3.3575,133.11亿,133.11亿
1402,600722,金牛化工,SH,13.91,-2.39,8.74,30.30,2.20,73.45,-0.340,14.28,13.89,7.99,0.78,5437.04万,7.63亿,181.33,7.5023,94.63亿,94.63亿
1403,603916,苏博特,SH,12.59,5.09,8.37,14.12,4.31,73.45,0.610,12.87,11.88,5.31,1.04,2232.19万,2.79亿,44.45,1.2595,53.67亿,52.92亿
1404,603679,华体科技,SH,15.52,0.06,4.62,8.50,3.81,73.41,0.010,15.64,15.23,2.38,0.66,423.47万,6539.03万,-48.86,3.1321,27.58亿,27.58亿
1405,300454,深信服,SZ,123.52,-0.89,9.63,20.05,5.41,73.38,-1.110,131.31,123.30,8.17,1.46,2298.30万,29.17亿,-203.47,4.9045,524.98亿,347.62亿
1406,688443,智翔金泰-U,SH,30.77,2.12,6.14,9.67,3.88,73.36,0.640,31.04,29.61,2.78,0.86,324.89万,9863.35万,-18.88,7.8605,112.83亿,35.90亿
1407,002929,润建股份,SZ,78.23,10.00,26.84,26.78,31.08,73.35,7.110,78.23,75.88,10.11,1.20,2129.64万,16.62亿,440.88,3.5056,222.24亿,164.72亿
1408,600883,博闻科技,SH,9.25,1.54,3.44,12.01,2.66,73.35,0.140,9.31,9.04,2.39,0.61,564.28万,5181.05万,53.24,2.2231,21.84亿,21.84亿
1409,300833,浩洋股份,SZ,38.98,2.28,7.37,9.93,4.45,73.35,0.870,39.32,37.82,2.79,0.64,226.43万,8775.88万,29.65,1.9828,49.31亿,31.67亿
1410,688722,同益中,SH,18.98,2.48,5.12,6.51,4.52,73.34,0.460,19.11,18.31,2.72,1.78,609.48万,1.15亿,29.42,2.9140,42.64亿,42.54亿
1411,300489,光智科技,SZ,115.20,1.41,18.25,29.93,19.01,73.33,1.600,118.99,110.31,8.51,0.87,1180.49万,13.71亿,260.53,21.0415,160.31亿,159.72亿
1412,603588,高能环境,SH,15.01,-2.15,6.86,12.76,2.95,73.33,-0.330,15.25,14.67,3.78,1.10,5758.28万,8.61亿,9.48,2.2643,228.64亿,228.64亿
1413,600658,电子城,SH,5.31,2.51,6.86,5.94,4.12,73.30,0.130,5.39,5.16,3.15,2.38,3523.53万,1.86亿,-12.68,1.4659,59.40亿,59.40亿
1414,002452,长高电新,SZ,11.43,2.33,5.11,18.76,4.29,73.29,0.260,11.52,11.00,7.82,1.63,4030.38万,4.53亿,31.31,2.5562,70.90亿,58.89亿
1415,002668,TCL智家,SZ,10.08,-0.10,6.91,5.12,5.55,73.28,-0.010,10.17,9.95,1.47,1.12,1589.82万,1.60亿,8.91,2.8397,109.28亿,109.28亿
1416,688785,恒运昌,SH,343.60,4.19,8.78,30.52,5.71,73.27,13.820,347.55,319.12,10.92,1.09,139.04万,4.63亿,330.75,10.4219,232.62亿,43.73亿
1417,603171,税友股份,SH,60.38,-0.95,16.97,7.82,9.21,73.27,-0.580,64.44,60.01,3.34,1.81,1354.09万,8.42亿,196.12,9.5235,245.35亿,245.08亿
1418,603194,中力股份,SH,37.15,4.94,8.95,4.40,6.54,73.25,1.750,38.00,35.35,2.87,2.27,453.00万,1.68亿,20.45,2.6993,148.97亿,58.71亿
1419,002068,黑猫股份,SZ,9.62,0.94,3.68,7.94,1.16,73.23,0.090,9.74,9.48,2.03,0.61,1493.25万,1.44亿,-18.60,3.0333,70.74亿,70.71亿
1420,600664,哈药股份,SH,3.76,2.73,5.31,10.99,5.03,73.22,0.100,3.77,3.68,4.95,1.36,1.25亿,4.65亿,14.69,1.6160,94.70亿,94.70亿
1421,603558,健盛集团,SH,13.38,0.15,6.99,6.03,2.76,73.22,0.020,13.67,13.24,1.44,0.74,492.07万,6598.25万,12.55,2.0550,45.84亿,45.84亿
1422,603818,曲美家居,SH,3.82,2.14,3.78,9.25,3.24,73.20,0.080,3.86,3.74,2.84,0.99,1948.02万,7459.39万,528.72,1.2705,26.23亿,26.23亿
1423,688299,长阳科技,SH,19.63,0.41,11.75,15.45,9.85,73.19,0.080,19.70,19.06,3.29,0.82,946.48万,1.84亿,126.56,2.8769,56.42亿,56.42亿
1424,688380,中微半导,SH,49.44,-2.20,4.91,10.86,3.24,73.16,-1.110,49.85,48.65,2.91,0.95,1163.35万,5.72亿,96.56,6.1318,197.94亿,197.94亿
1425,688729,屹唐股份,SH,24.39,0.00,4.11,13.82,3.30,73.15,0.000,24.64,23.80,4.10,0.87,880.84万,2.13亿,113.10,7.9899,720.86亿,52.44亿
1426,603811,诚意药业,SH,12.30,3.02,4.97,7.64,3.71,73.15,0.360,12.42,11.98,4.28,2.44,1401.83万,1.72亿,22.72,2.7749,40.26亿,40.26亿
1427,603722,阿科力,SH,40.15,1.01,5.73,4.85,2.74,73.13,0.400,40.50,38.93,1.64,1.18,157.21万,6285.99万,-75.48,4.4231,39.23亿,38.42亿
1428,688391,钜泉科技,SH,32.84,1.30,5.69,5.89,5.49,73.13,0.420,33.04,32.08,1.95,1.29,224.20万,7307.37万,242.46,2.0295,37.83亿,37.83亿
1429,300329,海伦钢琴,SZ,14.66,-3.36,9.49,8.55,4.56,73.11,-0.510,15.35,14.52,2.51,1.36,632.56万,9375.44万,-44.95,6.1049,37.07亿,36.96亿
1430,688528,秦川物联,SH,12.65,0.08,4.78,4.92,2.43,73.08,0.010,12.74,12.49,1.22,0.79,204.48万,2581.05万,-22.57,4.7750,21.25亿,21.25亿
1431,300857,协创数据,SZ,284.50,-0.17,11.81,18.49,9.55,73.08,-0.490,293.98,276.19,5.19,0.75,2502.06万,71.49亿,45.93,27.1697,1378.60亿,1371.48亿
1432,300124,汇川技术,SZ,75.00,-0.73,10.50,8.01,9.33,73.04,-0.550,76.21,74.53,2.12,0.72,5102.91万,38.37亿,50.09,5.5813,2030.58亿,1807.62亿
1433,300935,盈建科,SZ,34.32,-0.15,5.42,10.50,0.03,73.03,-0.050,34.70,33.98,2.11,0.57,127.22万,4357.07万,-26.89,3.7087,27.26亿,20.68亿
1434,000609,*ST中迪,SZ,16.32,2.64,20.80,42.56,13.18,73.02,0.420,16.70,15.44,14.56,2.41,4238.02万,6.93亿,-28.21,-15.3578,48.84亿,47.50亿
1435,002729,好利科技,SZ,20.85,3.06,15.42,30.59,13.19,72.97,0.620,21.13,19.94,14.40,2.54,2525.84万,5.16亿,99.40,6.7327,38.15亿,36.58亿
1436,002261,拓维信息,SZ,35.87,-4.98,7.28,35.69,1.21,72.97,-1.880,36.94,35.80,12.47,1.07,1.43亿,51.66亿,183.85,17.3514,451.95亿,411.11亿
1437,002990,盛视科技,SZ,62.75,-2.33,24.84,43.05,16.57,72.94,-1.500,67.49,61.82,16.55,1.34,2283.62万,14.62亿,1078.32,6.5845,164.31亿,86.61亿
1438,603333,尚纬股份,SH,8.54,0.23,4.62,8.76,1.18,72.91,0.020,8.70,8.47,1.83,0.55,1139.33万,9749.30万,2422.12,2.5999,53.08亿,53.08亿
1439,601118,海南橡胶,SH,7.60,0.53,7.93,5.78,5.70,72.90,0.040,7.84,7.48,1.83,1.21,7846.43万,6.02亿,-61.34,3.4000,325.24亿,325.24亿
1440,000526,学大教育,SZ,35.54,0.91,4.26,7.42,2.24,72.86,0.320,36.26,35.20,2.50,0.69,298.56万,1.07亿,11.94,4.1610,43.31亿,42.46亿
1441,001396,誉帆科技,SZ,50.71,4.60,7.71,35.14,8.24,72.84,2.230,51.03,48.11,13.77,1.08,305.76万,1.53亿,750.88,3.7889,54.21亿,11.26亿
1442,300491,通合科技,SZ,27.35,-1.08,5.23,15.35,6.05,72.83,-0.300,27.47,27.06,3.30,0.64,520.74万,1.42亿,-3929.25,4.0267,48.59亿,43.21亿
1443,600172,黄河旋风,SH,8.89,0.57,6.17,25.49,5.46,72.81,0.050,8.97,8.68,6.61,0.82,8441.90万,7.49亿,-33.21,27.6536,128.21亿,113.46亿
1444,300474,景嘉微,SZ,66.46,-1.25,6.82,13.90,0.73,72.80,-0.840,67.39,65.85,2.91,0.70,1183.92万,7.89亿,-154.82,5.0911,347.33亿,270.14亿
1445,603725,天安新材,SH,10.19,2.00,5.91,9.58,3.87,72.80,0.200,10.30,9.93,2.60,1.02,745.15万,7577.54万,40.10,3.6090,31.06亿,29.21亿
1446,300219,鸿利智汇,SZ,8.03,1.01,4.44,9.66,4.83,72.80,0.080,8.04,7.80,2.99,0.96,2110.34万,1.67亿,140.84,2.1798,56.85亿,56.74亿
1447,688095,福昕软件,SH,84.35,0.81,10.37,12.03,7.51,72.79,0.680,86.60,82.72,4.37,1.08,399.12万,3.37亿,171.00,2.9318,77.06亿,77.06亿
1448,600830,香溢融通,SH,10.45,1.65,8.38,12.84,5.56,72.79,0.170,10.55,10.12,3.95,0.66,1794.17万,1.87亿,46.97,2.0958,47.48亿,47.48亿
1449,000989,九芝堂,SZ,9.68,1.15,3.73,7.13,0.31,72.76,0.110,9.82,9.55,2.60,1.01,1805.68万,1.75亿,12.56,2.2938,82.86亿,67.19亿
1450,688584,上海合晶,SH,26.10,4.86,28.01,27.17,26.03,72.76,1.210,26.69,24.07,8.60,1.87,2952.08万,7.60亿,347.91,4.1973,174.66亿,89.60亿
1451,603279,景津装备,SH,19.02,-0.68,6.40,5.72,1.44,72.73,-0.130,19.29,18.84,1.10,0.41,633.02万,1.20亿,22.20,2.3618,109.63亿,109.63亿
1452,605056,咸亨国际,SH,25.49,-2.34,6.71,6.39,1.80,72.73,-0.610,26.19,25.40,1.94,0.92,781.17万,2.01亿,100.35,5.6794,104.35亿,102.82亿
1453,600460,士兰微,SH,29.49,-0.54,4.22,10.90,2.04,72.72,-0.160,29.60,28.88,2.94,0.84,4896.49万,14.30亿,58.75,4.0234,490.73亿,490.73亿
1454,603229,奥翔药业,SH,10.12,-1.08,7.73,4.78,2.95,72.66,-0.110,10.28,9.99,1.21,0.74,1007.83万,1.02亿,21.73,3.5496,84.03亿,84.03亿
1455,688219,会通股份,SH,11.66,-0.34,4.71,4.60,3.55,72.65,-0.040,11.78,11.61,1.31,0.89,721.68万,8435.43万,29.08,2.1039,64.08亿,64.08亿
1456,603022,新通联,SH,11.69,1.74,3.45,10.72,3.45,72.62,0.200,11.69,11.43,2.60,0.76,519.79万,6013.60万,47.27,2.7381,23.38亿,23.38亿
1457,603223,恒通股份,SH,9.56,5.64,8.08,5.90,5.87,72.60,0.510,9.74,9.02,3.04,2.71,2143.79万,2.04亿,18.11,1.6507,67.48亿,67.48亿
1458,301302,华如科技,SZ,27.05,3.96,9.09,23.02,11.32,72.60,1.030,27.19,25.82,7.80,1.41,1083.59万,2.90亿,-63.65,2.8738,42.16亿,37.60亿
1459,300162,雷曼光电,SZ,9.05,-1.74,5.41,22.03,-0.11,72.57,-0.160,9.11,8.81,6.18,0.77,2114.04万,1.90亿,-68.42,4.5957,37.97亿,30.97亿
1460,300290,荣科科技,SZ,16.60,1.90,6.64,15.68,4.93,72.56,0.310,16.68,16.02,5.69,1.11,3637.42万,5.99亿,-148.26,14.2502,106.20亿,106.16亿
1461,301356,天振股份,SZ,23.96,-0.04,5.21,21.38,2.39,72.55,-0.010,24.28,23.50,6.51,1.03,356.75万,8501.92万,33.47,1.7312,51.75亿,13.13亿
1462,688420,美腾科技,SH,28.48,2.12,6.09,11.19,4.51,72.55,0.590,28.57,27.73,2.66,0.66,111.03万,3139.43万,162.67,1.7651,25.18亿,11.89亿
1463,603324,盛剑科技,SH,26.05,-1.14,3.77,5.23,0.12,72.52,-0.300,26.35,25.60,1.53,0.84,225.50万,5834.09万,-36.83,2.3593,38.47亿,38.47亿
1464,301067,显盈科技,SZ,34.14,0.95,5.08,13.08,4.53,72.52,0.320,34.31,33.40,3.82,0.75,243.54万,8236.63万,-132.77,4.3148,33.20亿,21.79亿
1465,300319,麦捷科技,SZ,13.10,0.00,4.57,13.25,5.14,72.51,0.000,13.14,12.85,3.85,0.97,3247.13万,4.23亿,61.66,2.3586,116.27亿,110.40亿
1466,301305,朗坤科技,SZ,26.76,1.67,3.41,12.37,0.30,72.51,0.440,26.98,26.19,3.32,0.71,411.16万,1.10亿,17.29,1.6605,64.55亿,33.11亿
1467,688590,新致软件,SH,15.98,1.91,10.36,11.88,7.46,72.50,0.300,16.44,15.65,4.65,1.26,1308.57万,2.10亿,647.56,3.0147,44.99亿,44.99亿
1468,002897,意华股份,SZ,63.24,-1.13,10.27,23.38,10.12,72.48,-0.720,64.36,62.00,5.70,0.64,1040.11万,6.58亿,76.12,4.3132,122.61亿,115.37亿
1469,300868,杰美特,SZ,90.26,3.46,31.26,22.22,24.51,72.46,3.020,94.01,85.59,10.30,2.05,831.90万,7.44亿,-358.20,7.8660,115.49亿,72.90亿
1470,600463,空港股份,SH,11.31,3.19,6.58,4.74,4.82,72.46,0.350,11.42,10.88,1.75,1.10,523.96万,5875.21万,131.04,3.8225,33.93亿,33.93亿
1471,688048,长光华芯,SH,438.88,11.71,30.05,30.45,24.67,72.45,46.010,449.99,376.87,10.22,1.08,1801.97万,75.16亿,4317.64,25.6714,773.66亿,773.66亿
1472,600488,津药药业,SH,6.00,0.50,11.40,23.10,5.26,72.45,0.030,6.26,5.96,7.35,0.76,8024.26万,4.84亿,117.90,2.1486,65.51亿,65.51亿
1473,002922,伊戈尔,SZ,42.26,-0.98,7.49,17.07,6.88,72.43,-0.420,42.86,41.70,4.90,0.93,1841.40万,7.80亿,65.19,4.7178,179.07亿,158.69亿
1474,688560,明冠新材,SH,17.39,-1.64,9.72,12.39,3.08,72.43,-0.290,17.75,17.27,3.12,0.76,628.15万,1.09亿,-54.38,1.3644,35.01亿,35.01亿
1475,600730,*ST高科,SH,10.38,4.95,10.70,6.16,15.72,72.41,0.490,10.38,10.10,5.23,2.33,3068.46万,3.18亿,-790.04,3.6306,60.89亿,60.89亿
1476,603909,建发合诚,SH,12.39,3.16,4.77,4.92,1.98,72.41,0.380,12.43,11.91,1.54,0.73,400.54万,4897.97万,31.96,2.7276,32.30亿,32.30亿
1477,603006,联明股份,SH,14.17,1.65,6.24,5.15,5.27,72.33,0.230,14.22,13.87,1.52,0.84,385.54万,5437.34万,40.82,2.6492,36.03亿,36.03亿
1478,300134,大富科技,SZ,11.70,-0.34,8.09,7.26,6.36,72.32,-0.040,11.77,11.54,2.22,1.22,1702.50万,1.99亿,-42.32,2.4564,89.80亿,89.80亿
1479,603633,徕木股份,SH,8.53,0.47,6.28,9.47,3.02,72.31,0.040,8.63,8.25,4.05,1.61,1728.37万,1.47亿,-25.41,2.0917,36.41亿,36.41亿
1480,688681,科汇股份,SH,21.20,0.81,5.60,9.44,4.07,72.31,0.170,21.33,20.79,2.35,0.81,246.28万,5196.01万,217.07,3.5750,22.19亿,22.19亿
1481,301560,众捷汽车,SZ,41.91,0.70,5.31,17.14,-0.24,72.29,0.290,42.57,40.65,5.70,0.70,347.92万,1.44亿,-302.88,5.2852,50.96亿,25.59亿
1482,002479,富春环保,SZ,5.68,-0.70,5.62,7.45,2.90,72.29,-0.040,5.82,5.63,2.57,1.25,2221.00万,1.27亿,11.88,1.1486,49.13亿,49.02亿
1483,002569,*ST步森,SZ,15.11,5.00,7.43,8.46,4.86,72.28,0.720,15.11,14.44,3.15,0.98,440.73万,6560.07万,-130.41,54.7926,21.76亿,21.16亿
1484,300106,西部牧业,SZ,14.03,13.42,25.26,35.72,21.37,72.28,1.660,14.26,12.16,15.93,2.08,3365.87万,4.50亿,149.51,7.8694,29.65亿,29.65亿
1485,688777,中控技术,SH,81.44,-1.38,7.14,8.95,2.71,72.27,-1.140,85.05,81.12,2.88,0.92,2271.07万,18.82亿,215.69,6.4219,644.34亿,641.09亿
1486,603709,中源家居,SH,19.89,4.85,7.12,13.87,1.90,72.23,0.920,20.19,18.80,5.69,1.17,712.25万,1.39亿,307.66,4.9282,25.08亿,24.88亿
1487,300697,电工合金,SZ,17.01,1.98,5.89,7.65,5.46,72.22,0.330,17.07,16.56,2.74,1.38,909.25万,1.53亿,29.48,5.6115,73.59亿,56.34亿
1488,300905,宝丽迪,SZ,69.81,9.13,12.70,42.64,2.48,72.21,5.840,71.66,64.58,18.79,1.49,2623.74万,17.93亿,88.84,6.3052,124.97亿,97.49亿
1489,300989,蕾奥规划,SZ,15.88,1.02,6.69,11.45,5.24,72.20,0.160,15.93,15.46,3.28,0.89,533.82万,8398.94万,-28.31,3.4657,33.50亿,25.88亿
1490,600602,云赛智联,SH,22.98,-1.12,5.65,15.58,5.56,72.19,-0.260,23.33,22.66,4.32,0.95,4644.71万,10.70亿,176.37,6.3870,314.29亿,246.87亿
1491,002074,国轩高科,SZ,37.23,-2.41,6.56,9.36,1.33,72.18,-0.920,38.54,37.11,2.94,0.84,5097.64万,19.21亿,800.53,2.3347,675.43亿,646.40亿
1492,600619,海立股份,SH,18.09,-0.60,3.74,11.35,1.06,72.18,-0.110,18.55,18.02,2.98,0.66,2348.37万,4.28亿,67.02,3.1467,194.17亿,142.76亿
1493,300971,博亚精工,SZ,25.33,1.60,3.61,15.39,3.98,72.17,0.400,25.39,24.82,4.59,0.94,423.75万,1.07亿,61.00,2.7507,29.79亿,23.37亿
1494,300394,天孚通信,SZ,326.30,-0.56,10.27,19.02,6.11,72.16,-1.840,335.13,320.00,4.59,0.91,3566.09万,116.91亿,129.13,42.2876,2542.40亿,2537.30亿
1495,002819,东方中科,SZ,28.06,0.86,8.95,5.36,6.41,72.15,0.240,28.27,27.46,1.56,1.21,369.39万,1.03亿,-58.64,2.1445,84.07亿,66.39亿
1496,603773,沃格光电,SH,72.75,6.05,13.44,46.39,4.90,72.15,4.150,74.00,65.00,15.19,1.18,3413.26万,24.22亿,-79.98,15.4583,163.50亿,163.44亿
1497,002295,精艺股份,SZ,11.83,3.86,6.95,8.29,5.34,72.14,0.440,11.88,11.29,3.56,1.73,891.95万,1.04亿,102.88,2.2824,29.65亿,29.63亿
1498,300406,九强生物,SZ,13.08,1.40,3.94,5.12,2.99,72.11,0.180,13.15,12.83,1.39,0.69,588.53万,7699.46万,18.15,2.0489,76.69亿,55.50亿
1499,000021,深科技,SZ,31.02,-1.65,5.92,21.59,6.16,72.11,-0.520,31.16,30.46,5.73,0.95,9022.11万,27.84亿,50.41,3.6551,488.34亿,488.27亿
1500,300381,溢多利,SZ,7.37,6.20,7.08,10.15,6.50,72.06,0.430,7.37,6.89,4.78,1.23,2338.13万,1.69亿,54.88,1.4103,36.19亿,36.06亿
1501,601177,杭齿前进,SH,16.79,0.48,13.62,17.68,5.40,72.03,0.080,17.90,16.39,6.78,1.27,2712.09万,4.64亿,27.27,2.3506,68.46亿,67.17亿
1502,688215,瑞晟智能,SH,74.94,-1.20,4.65,5.26,0.19,72.02,-0.910,76.42,74.60,1.35,0.71,84.41万,6357.89万,131.42,9.4885,46.78亿,46.78亿
1503,688595,芯海科技,SH,35.71,-0.47,3.94,9.98,4.23,72.01,-0.170,35.86,35.00,2.56,0.75,369.36万,1.31亿,-33.00,7.9496,51.46亿,51.46亿
1504,600388,龙净环保,SH,19.06,-0.68,5.59,4.33,2.36,72.00,-0.130,19.30,18.99,0.92,0.63,1166.14万,2.23亿,24.79,2.1574,242.07亿,242.07亿
1505,301446,福事特,SZ,43.00,-0.42,4.53,20.91,0.30,71.99,-0.180,43.65,42.61,6.48,1.10,201.41万,8666.91万,47.84,3.6856,44.72亿,13.36亿
1506,300456,赛微电子,SZ,51.08,-3.31,15.74,38.09,11.48,71.97,-1.750,53.47,50.55,9.99,0.98,5965.89万,30.78亿,-190.44,5.8872,374.01亿,305.18亿
1507,000951,中国重汽,SZ,22.34,-2.49,5.08,5.08,2.24,71.89,-0.570,22.81,22.29,1.11,0.57,1300.59万,2.91亿,14.36,1.5706,261.15亿,261.15亿
1508,300713,英可瑞,SZ,18.06,-0.61,5.31,14.39,4.33,71.86,-0.110,18.26,17.89,3.86,0.76,333.32万,6007.58万,-37.28,6.4642,28.66亿,15.60亿
1509,688269,凯立新材,SH,42.70,0.99,6.09,5.97,4.79,71.86,0.420,43.24,41.88,2.11,1.22,275.65万,1.18亿,28.86,5.0697,55.81亿,55.81亿
1510,300260,新莱应材,SZ,53.12,-2.99,6.16,20.68,2.59,71.86,-1.640,54.39,53.10,5.39,0.92,1551.47万,8.31亿,102.48,10.0819,216.63亿,152.79亿
1511,002012,凯恩股份,SZ,7.13,2.44,8.67,10.84,6.58,71.85,0.170,7.24,6.86,4.01,1.44,1872.91万,1.33亿,202.67,2.1361,33.34亿,33.34亿
1512,301589,诺瓦星云,SZ,177.80,1.31,3.86,6.12,3.73,71.84,2.300,178.49,172.10,1.98,1.02,68.26万,1.21亿,43.11,4.2928,164.37亿,61.28亿
1513,301156,美农生物,SZ,21.04,2.63,4.98,10.91,2.78,71.84,0.540,21.29,20.52,3.58,1.07,319.54万,6723.89万,55.05,3.9599,29.62亿,18.77亿
1514,002872,ST天圣,SZ,5.59,2.95,6.09,6.54,3.14,71.80,0.160,5.65,5.40,2.10,0.76,451.84万,2501.95万,-45.42,0.9157,17.78亿,12.01亿
1515,001358,兴欣新材,SZ,30.02,0.54,6.79,21.41,4.56,71.79,0.160,30.65,29.80,5.25,0.51,260.92万,7861.62万,42.98,2.5942,36.98亿,14.92亿
1516,003002,壶化股份,SZ,27.60,-0.97,5.90,7.26,-0.04,71.78,-0.270,28.02,27.32,1.50,0.68,274.61万,7569.90万,86.31,3.5566,55.20亿,50.47亿
1517,002490,山东墨龙,SZ,10.18,4.73,10.14,43.36,1.19,71.78,0.460,10.38,9.96,17.76,1.28,9619.96万,9.78亿,363.64,16.1238,81.22亿,55.15亿
1518,002577,雷柏科技,SZ,17.77,-0.17,9.42,6.12,3.37,71.77,-0.030,17.84,17.44,1.50,0.80,421.42万,7427.40万,259.53,4.2883,49.88亿,49.88亿
1519,002815,崇达技术,SZ,15.50,0.45,11.15,18.49,11.51,71.76,0.070,15.65,15.24,5.07,0.83,3941.35万,6.08亿,147.51,2.1508,191.29亿,120.46亿
1520,600010,包钢股份,SH,2.77,-1.07,5.56,8.26,2.59,71.75,-0.030,2.80,2.72,2.29,0.73,7.19亿,19.82亿,-67.78,2.4313,1254.49亿,869.25亿
1521,300564,筑博设计,SZ,16.85,3.69,7.55,11.88,6.04,71.73,0.600,16.98,16.10,3.65,0.78,413.37万,6870.82万,-122.90,2.1897,27.18亿,19.07亿
1522,300877,金春股份,SZ,30.17,-0.66,6.85,5.99,1.34,71.70,-0.200,30.48,29.89,1.24,0.54,148.57万,4472.76万,307.49,2.1492,36.20亿,36.20亿
1523,300405,科隆股份,SZ,7.14,1.13,6.68,24.29,3.63,71.70,0.080,7.21,7.06,5.05,0.54,1104.40万,7902.37万,415.13,5.2138,20.30亿,15.62亿
1524,600727,鲁北化工,SH,8.19,1.49,5.33,16.17,1.49,71.70,0.120,8.21,8.04,3.91,0.75,2066.91万,1.68亿,19.14,1.3305,43.29亿,43.29亿
1525,002919,名臣健康,SZ,24.41,0.37,4.80,7.04,1.79,71.69,0.090,24.78,24.25,2.12,0.77,560.58万,1.37亿,177.33,7.9679,65.06亿,64.59亿
1526,002053,云南能投,SZ,12.21,0.08,7.61,5.51,5.53,71.67,0.010,12.40,12.14,1.26,0.86,1155.69万,1.42亿,13.64,1.4742,112.42亿,112.42亿
1527,300447,全信股份,SZ,20.26,3.05,6.23,15.45,5.25,71.62,0.600,20.38,19.41,6.20,1.41,1249.02万,2.50亿,135.64,3.1789,63.27亿,40.81亿
1528,301658,首航新能,SZ,43.00,1.01,5.51,28.37,2.16,71.61,0.430,43.22,42.02,12.00,1.24,1169.31万,5.00亿,-127.06,5.5610,177.32亿,41.89亿
1529,603328,依顿电子,SH,12.91,1.57,12.84,14.30,12.75,71.61,0.200,13.06,12.49,3.84,0.80,3835.23万,4.90亿,85.54,2.9781,128.90亿,128.90亿
1530,002107,沃华医药,SZ,7.36,-2.00,4.24,9.15,0.68,71.60,-0.150,7.44,7.27,3.38,0.88,1929.87万,1.42亿,28.98,6.2826,42.48亿,42.05亿
1531,300500,启迪设计,SZ,12.12,1.93,4.53,11.40,3.50,71.59,0.230,12.23,11.85,3.20,0.71,536.35万,6468.53万,23.34,2.1167,21.09亿,20.31亿
1532,300317,珈伟新能,SZ,5.39,0.00,9.16,34.09,5.07,71.58,0.000,5.53,5.30,9.91,0.67,8212.52万,4.45亿,434.72,3.1498,44.75亿,44.68亿
1533,002943,宇晶股份,SZ,74.50,6.75,12.43,28.55,8.27,71.56,4.710,75.20,68.00,8.84,0.85,1288.25万,9.43亿,-196.46,17.6717,153.19亿,108.56亿
1534,600162,香江控股,SH,1.92,1.59,4.76,5.20,1.59,71.52,0.030,1.93,1.88,1.49,0.88,4870.20万,9282.84万,-71.28,1.0960,62.75亿,62.75亿
1535,688499,利元亨,SH,55.93,-1.79,10.44,14.43,3.36,71.51,-1.020,58.38,55.31,4.40,1.13,742.13万,4.19亿,124.98,4.0271,94.37亿,94.37亿
1536,301037,保立佳,SZ,16.97,1.43,8.04,18.12,0.30,71.50,0.240,17.08,16.69,3.85,0.69,261.46万,4428.73万,-22.69,4.3252,23.59亿,11.54亿
1537,002587,奥拓电子,SZ,7.27,1.54,4.29,14.17,3.86,71.49,0.110,7.29,7.09,4.09,0.70,2177.33万,1.58亿,77.83,3.5371,47.37亿,38.73亿
1538,600892,*ST大晟,SH,3.98,5.01,8.77,7.14,9.04,71.48,0.190,3.98,3.78,2.41,1.07,1346.11万,5277.16万,-32.64,253.8880,22.27亿,22.26亿
1539,301396,宏景科技,SZ,345.00,-3.36,18.19,41.16,8.92,71.46,-11.990,366.88,336.00,13.76,0.93,1047.07万,36.74亿,437.61,42.7752,529.64亿,262.48亿
1540,002432,九安医疗,SZ,76.13,-2.77,15.14,23.71,3.58,71.46,-2.170,78.50,74.45,6.55,0.93,3043.02万,23.16亿,30.16,1.6379,354.09亿,353.62亿
1541,688411,海博思创,SH,257.88,-1.65,4.73,15.11,0.23,71.45,-4.320,269.18,257.00,4.28,0.70,567.98万,14.91亿,57.01,9.2987,464.42亿,341.88亿
1542,301003,江苏博云,SZ,54.80,6.30,10.70,27.82,3.63,71.44,3.250,55.67,50.36,11.16,0.94,838.46万,4.49亿,74.57,4.6370,53.23亿,41.18亿
1543,600531,豫光金铅,SH,16.00,1.85,10.12,20.10,8.62,71.42,0.290,16.25,15.46,7.61,1.15,9204.69万,14.65亿,17.60,2.7240,193.48亿,193.48亿
1544,300768,迪普科技,SZ,17.89,0.51,4.76,4.86,3.89,71.42,0.090,18.09,17.70,1.48,1.10,621.03万,1.11亿,62.59,3.2529,115.18亿,75.26亿
1545,300334,津膜科技,SZ,8.30,1.22,3.84,9.25,2.72,71.39,0.100,8.34,8.17,2.57,0.78,775.43万,6413.71万,277.99,4.5778,25.07亿,25.07亿
1546,002655,共达电声,SZ,39.39,10.00,25.63,32.99,24.97,71.38,3.580,39.39,37.10,12.07,0.75,4383.03万,16.87亿,685.12,17.1804,143.30亿,143.02亿
1547,000758,中色股份,SZ,7.48,-0.13,7.70,9.48,6.70,71.35,-0.010,7.57,7.36,2.68,1.05,5304.66万,3.96亿,14.33,2.3883,148.88亿,147.82亿
1548,688221,前沿生物-U,SH,22.51,-0.40,12.09,17.64,7.55,71.34,-0.090,23.43,22.35,4.28,0.50,1603.74万,3.63亿,9.27,7.6080,84.32亿,84.32亿
1549,002837,英维克,SZ,102.28,-0.24,9.01,17.79,8.12,71.33,-0.250,104.32,99.01,5.14,1.09,4455.73万,45.67亿,2886.84,28.8422,999.73亿,886.52亿
1550,300640,德艺文创,SZ,7.80,-0.26,8.65,28.75,5.41,71.30,-0.020,7.91,7.73,5.45,0.74,1203.14万,9370.70万,468.15,2.9857,24.26亿,17.22亿
1551,600106,重庆路桥,SH,6.11,0.49,6.40,5.88,2.86,71.29,0.030,6.18,6.02,1.63,0.89,2161.38万,1.31亿,76.47,1.5269,81.20亿,81.20亿
1552,301327,华宝新能,SZ,63.44,-1.93,4.37,6.77,1.50,71.25,-1.250,64.99,62.90,2.06,1.11,358.68万,2.29亿,195.24,1.8157,110.63亿,110.63亿
1553,688283,坤恒顺维,SH,44.10,2.92,10.79,7.08,7.17,71.24,1.250,44.96,42.08,2.26,0.79,275.43万,1.20亿,305.24,5.4233,53.71亿,53.71亿
1554,688676,XD金盘科,SH,91.21,-4.06,8.95,10.40,4.27,71.18,-3.860,94.25,89.88,3.41,1.34,1567.90万,14.32亿,93.25,8.6355,419.37亿,419.37亿
1555,688113,联测科技,SH,44.66,-0.82,6.86,8.45,3.79,71.17,-0.370,44.79,44.00,2.14,0.62,137.52万,6101.88万,25.31,2.8450,28.76亿,28.76亿
1556,300061,旗天科技,SZ,9.84,-1.40,5.63,13.07,2.61,71.16,-0.140,10.09,9.82,3.65,0.71,2271.50万,2.25亿,157.13,13.9845,64.84亿,61.22亿
1557,002210,飞马国际,SZ,3.23,-1.82,14.09,41.61,8.39,71.14,-0.060,3.43,3.18,11.05,0.92,2.93亿,9.58亿,185.21,9.1708,85.96亿,85.77亿
1558,300571,平治信息,SZ,58.00,0.73,22.80,86.34,30.78,71.12,0.420,58.99,56.00,22.76,0.86,2632.02万,15.16亿,414.43,6.5571,80.93亿,67.07亿
1559,600455,博通股份,SH,29.18,0.48,4.73,15.44,3.88,71.11,0.140,29.48,29.06,3.33,0.46,207.89万,6077.61万,26.77,5.3266,18.23亿,18.23亿
1560,603577,汇金通,SH,11.40,0.71,3.99,5.92,3.35,71.11,0.080,11.42,11.06,2.04,1.19,692.55万,7788.42万,71.06,1.9583,38.66亿,38.66亿
1561,300209,行云科技,SZ,23.24,2.74,40.70,58.55,33.03,71.11,0.620,24.30,22.20,16.26,0.80,1.19亿,28.06亿,-244.84,24.0409,215.82亿,170.71亿
1562,300052,中青宝,SZ,15.25,6.87,42.97,53.67,30.01,71.10,0.980,16.85,14.97,31.46,3.71,8238.95万,13.02亿,-69.57,11.5920,39.93亿,39.93亿
1563,300911,亿田智能,SZ,36.00,1.55,21.94,22.24,15.16,71.08,0.550,36.60,34.65,6.64,1.11,1137.68万,4.09亿,-46.60,6.0894,66.00亿,61.68亿
1564,002640,跨境通,SZ,4.13,0.49,12.33,50.85,13.15,71.07,0.020,4.21,4.04,16.48,1.86,2.55亿,10.48亿,10.23,9.9920,64.35亿,63.94亿
1565,603383,顶点软件,SH,33.33,0.36,6.28,12.28,2.68,71.00,0.120,34.32,33.20,4.46,1.49,915.59万,3.08亿,36.85,4.4196,68.45亿,68.45亿
1566,603121,华培动力,SH,21.55,0.33,10.50,6.82,7.27,70.99,0.070,22.02,21.33,2.02,1.07,683.95万,1.48亿,-522.87,6.6489,72.95亿,72.95亿
1567,600654,中安科,SH,4.18,0.97,7.65,25.89,6.63,70.97,0.040,4.25,4.08,8.57,0.99,1.99亿,8.29亿,105.99,7.1366,120.28亿,96.87亿
1568,301369,联动科技,SZ,215.88,17.76,28.68,15.64,26.94,70.97,32.560,219.00,180.00,7.60,2.03,276.28万,5.81亿,1115.56,10.0409,152.36亿,78.50亿
1569,603009,北特科技,SH,51.16,3.98,15.43,11.75,11.36,70.96,1.960,52.30,48.68,4.97,2.13,1681.14万,8.58亿,163.01,8.6195,177.21亿,173.13亿
1570,002313,日海智能,SZ,10.18,-0.20,8.74,26.25,5.93,70.94,-0.020,10.30,9.86,7.32,0.70,2741.98万,2.75亿,96.64,49.6992,38.11亿,38.11亿
1571,301525,儒竞科技,SZ,78.30,7.64,15.35,13.50,12.02,70.94,5.560,80.80,72.16,8.75,2.45,432.12万,3.35亿,176.25,2.2676,73.85亿,38.68亿
1572,300826,测绘股份,SZ,17.48,2.46,4.06,7.07,2.82,70.94,0.420,17.59,17.07,3.15,1.67,535.92万,9302.57万,110.17,2.0529,30.76亿,29.78亿
1573,002780,三夫户外,SZ,16.89,3.81,4.83,25.35,0.72,70.87,0.620,17.01,16.20,8.51,0.81,1111.75万,1.87亿,22.77,3.4031,27.93亿,22.07亿
1574,002388,新亚制程,SZ,5.59,0.54,3.51,13.15,3.14,70.85,0.030,5.62,5.52,3.25,0.66,1644.49万,9173.44万,155.38,2.9763,28.55亿,28.29亿
1575,600189,泉阳泉,SH,8.44,2.93,4.22,5.77,1.81,70.84,0.240,8.45,8.18,1.81,1.00,1291.32万,1.08亿,150.27,4.8823,60.36亿,60.36亿
1576,002248,华东数控,SZ,13.56,-0.44,8.65,24.29,3.83,70.82,-0.060,13.73,13.50,6.60,0.89,2028.76万,2.76亿,128.25,36.3466,41.70亿,41.70亿
1577,605020,永和股份,SH,27.44,1.89,6.77,8.27,2.01,70.81,0.510,28.45,26.99,3.61,1.72,1817.69万,5.02亿,19.44,2.3625,140.15亿,137.99亿
1578,301015,百洋医药,SZ,24.75,-0.68,4.46,4.44,0.41,70.77,-0.170,25.12,24.40,1.36,0.85,715.62万,1.76亿,26.24,5.2265,130.09亿,130.08亿
1579,601112,振石股份,SH,21.30,0.38,6.37,33.80,5.97,70.77,0.080,21.48,20.88,11.20,1.13,1984.55万,4.21亿,46.30,5.6403,370.70亿,37.75亿
1580,301332,德尔玛,SZ,9.84,4.02,7.69,5.51,5.13,70.76,0.380,10.08,9.41,3.44,3.05,911.02万,8906.59万,52.14,1.5281,45.42亿,26.06亿
1581,600988,赤峰黄金,SH,44.40,4.82,18.95,13.61,16.84,70.76,2.040,44.88,41.64,4.15,1.16,6907.84万,29.90亿,21.35,5.9051,843.78亿,738.78亿
1582,688004,博汇科技,SH,24.29,0.91,4.22,8.31,4.65,70.75,0.220,24.48,24.08,1.93,0.76,154.63万,3756.65万,-61.80,3.3892,19.45亿,19.45亿
1583,603356,华菱精工,SH,19.22,1.00,6.28,12.62,0.63,70.75,0.190,19.83,18.76,4.79,1.13,638.28万,1.23亿,-30.76,8.4848,25.63亿,25.63亿
1584,301212,联盛化学,SZ,30.30,3.77,7.78,6.27,6.13,70.74,1.100,30.77,29.00,2.60,1.56,243.47万,7323.69万,134.31,2.4250,32.72亿,28.41亿
1585,600979,广安爱众,SH,5.13,-2.10,7.01,19.45,2.81,70.73,-0.110,5.38,5.10,6.91,0.95,8515.85万,4.43亿,65.85,1.5589,64.72亿,63.21亿
1586,300786,国林科技,SZ,16.56,-1.60,3.79,18.46,1.10,70.73,-0.270,16.82,16.48,5.59,0.95,818.24万,1.36亿,157.70,2.7249,30.47亿,24.24亿
1587,300113,顺网科技,SZ,28.30,-2.14,10.29,33.17,12.03,70.72,-0.620,28.90,28.03,8.23,0.87,4189.05万,11.90亿,59.26,7.2447,190.79亿,144.05亿
1588,300307,慈星股份,SZ,7.21,0.98,4.40,6.24,2.41,70.71,0.070,7.22,7.10,1.55,0.59,1221.88万,8788.48万,15.91,1.7582,57.72亿,56.74亿
1589,600359,新农开发,SH,7.68,0.13,4.99,10.38,0.79,70.71,0.010,7.82,7.61,2.39,0.68,913.57万,7030.63万,32.76,4.3444,29.30亿,29.30亿
1590,300670,大烨智能,SZ,7.37,-0.27,4.28,18.20,1.80,70.70,-0.020,7.45,7.31,4.13,0.62,928.11万,6836.74万,-60.23,5.5187,23.36亿,16.56亿
1591,603060,国检集团,SH,7.00,0.57,5.84,10.77,4.79,70.70,0.040,7.03,6.88,2.99,0.74,2407.19万,1.67亿,-52.93,2.7854,56.28亿,56.28亿
1592,603579,荣泰健康,SH,23.00,1.32,5.61,11.95,3.14,70.70,0.300,23.10,22.45,3.41,0.67,685.41万,1.57亿,16.58,1.6142,46.24亿,46.24亿
1593,603666,亿嘉和,SH,29.66,1.47,6.82,6.81,4.81,70.69,0.430,30.07,29.01,2.49,0.92,511.00万,1.51亿,-30.02,2.8774,60.96亿,60.96亿
1594,300577,开润股份,SZ,21.38,-2.42,9.20,10.25,0.85,70.67,-0.530,22.09,21.22,2.65,0.70,376.53万,8103.13万,12.98,2.3418,51.28亿,30.39亿
1595,300025,华星创业,SZ,5.95,0.34,4.00,8.33,3.48,70.66,0.020,6.00,5.87,2.51,0.87,1269.79万,7536.89万,-161.47,7.0999,30.27亿,30.15亿
1596,002414,高德红外,SZ,15.01,-0.79,4.79,9.94,1.21,70.65,-0.120,15.07,14.81,2.54,0.75,8648.47万,12.92亿,43.80,8.6541,641.04亿,510.13亿
1597,300473,德尔股份,SZ,34.31,-0.20,5.64,10.19,3.50,70.65,-0.070,34.57,33.87,2.59,0.74,390.41万,1.34亿,31.65,3.0924,59.24亿,51.65亿
1598,600111,北方稀土,SH,54.75,-1.01,7.48,15.50,3.22,70.61,-0.560,55.35,53.89,3.91,0.76,1.41亿,77.09亿,53.92,7.7364,1979.25亿,1979.25亿
1599,688589,力合微,SH,24.00,0.33,4.52,8.62,4.21,70.61,0.080,24.07,23.62,2.29,0.88,332.96万,7934.62万,-236.20,3.6713,34.88亿,34.88亿
1600,600683,京投发展,SH,17.23,10.03,20.48,15.22,18.83,70.60,1.570,17.23,15.82,4.76,1.06,3522.43万,6.00亿,-24.87,-10.1414,127.64亿,127.64亿
1601,000672,上峰水泥,SZ,14.20,-2.34,8.71,8.49,1.43,70.59,-0.340,14.47,14.10,2.18,0.69,2111.45万,3.01亿,107.86,1.5148,137.65亿,137.65亿
1602,300204,舒泰神,SZ,27.92,-2.58,5.90,16.29,1.05,70.58,-0.740,28.92,27.68,4.80,0.81,2176.82万,6.12亿,-395.51,16.4720,133.39亿,126.63亿
1603,300187,永清环保,SZ,5.88,0.51,8.36,19.98,4.63,70.57,0.030,5.95,5.81,5.62,0.61,3605.79万,2.11亿,21.33,3.2772,37.96亿,37.74亿
1604,600633,浙数文化,SH,13.94,0.00,7.01,15.12,6.25,70.56,0.000,14.10,13.78,4.33,0.83,5489.76万,7.66亿,27.61,1.6985,176.77亿,176.77亿
1605,002115,三维通信,SZ,14.70,-4.05,8.47,59.98,2.01,70.54,-0.620,15.29,14.33,19.58,0.85,1.47亿,21.66亿,137.92,5.7711,119.22亿,110.57亿
1606,300846,首都在线,SZ,30.46,-1.10,12.90,39.61,13.87,70.53,-0.340,30.95,30.03,9.05,0.87,3548.56万,10.82亿,-177.93,20.0237,153.18亿,119.41亿
1607,001226,拓山重工,SZ,49.28,0.24,5.39,14.05,3.01,70.53,0.120,49.50,48.01,3.26,0.78,110.62万,5405.22万,87.50,4.9507,36.80亿,16.72亿
1608,600319,亚星化学,SH,8.37,5.42,10.40,6.27,3.59,70.52,0.430,8.71,7.87,3.85,3.00,1492.51万,1.25亿,-15.28,9.6116,32.45亿,32.45亿
1609,301618,长联科技,SZ,51.38,2.03,6.88,8.92,5.24,70.50,1.020,52.18,50.06,3.42,1.67,113.49万,5833.75万,185.04,4.8894,46.35亿,17.03亿
1610,300921,南凌科技,SZ,28.40,-1.80,7.28,39.16,5.42,70.49,-0.520,28.99,27.96,12.01,0.90,1377.21万,3.89亿,109.72,6.2820,52.20亿,32.58亿
1611,300155,安居宝,SZ,5.19,1.76,4.00,9.28,3.80,70.47,0.090,5.20,5.07,3.02,0.97,995.31万,5137.06万,-85.47,2.4376,29.13亿,17.10亿
1612,300825,阿尔特,SZ,10.32,2.28,6.21,9.25,4.98,70.43,0.230,10.39,10.05,3.43,0.95,1663.64万,1.71亿,85.32,2.5135,51.07亿,50.00亿
1613,688701,卓锦股份,SH,10.88,1.30,21.67,8.70,6.67,70.43,0.140,10.98,10.64,2.40,0.96,321.96万,3488.20万,-37.35,11.2444,14.61亿,14.61亿
1614,002377,国创高新,SZ,3.66,3.98,6.96,15.73,1.95,70.42,0.140,3.73,3.48,5.82,0.74,5072.77万,1.84亿,122.78,8.4368,33.54亿,31.93亿
1615,300098,高新兴,SZ,5.86,0.17,6.35,15.60,6.35,70.41,0.010,5.91,5.78,4.42,0.76,6820.19万,3.99亿,109.94,3.8463,101.83亿,90.35亿
1616,002114,罗平锌电,SZ,9.45,1.07,5.44,11.36,5.00,70.39,0.100,9.50,9.26,3.59,1.08,1161.98万,1.09亿,-19.36,4.2288,30.56亿,30.56亿
1617,688783,西安奕材-U,SH,30.66,11.29,29.49,61.97,29.37,70.38,3.110,31.24,26.86,25.43,2.11,4709.39万,13.98亿,-195.48,10.0914,1237.99亿,56.78亿
1618,603629,利通电子,SH,167.59,5.88,20.41,42.98,16.05,70.36,9.310,173.58,153.01,14.52,1.35,3747.31万,61.50亿,40.51,19.5844,439.62亿,432.43亿
1619,002480,新筑股份,SZ,6.71,2.29,3.79,5.95,1.67,70.36,0.150,6.79,6.54,2.18,1.08,1674.70万,1.12亿,-34.01,6.3982,51.61亿,51.51亿
1620,000839,国安股份,SZ,3.36,10.16,13.47,4.92,13.13,70.33,0.310,3.36,3.36,1.31,0.66,5116.39万,1.72亿,-1024.12,8.4805,131.71亿,131.71亿
1621,002409,雅克科技,SZ,88.86,-3.50,6.42,15.44,4.90,70.31,-3.220,90.98,88.22,4.11,0.73,1309.11万,11.69亿,39.64,5.2203,422.91亿,283.04亿
1622,600222,太龙药业,SH,7.44,10.06,11.62,14.11,9.41,70.30,0.680,7.44,6.76,8.51,2.98,4884.92万,3.53亿,410.37,2.6582,42.70亿,42.70亿
1623,002241,歌尔股份,SZ,25.50,0.63,3.88,9.51,4.08,70.29,0.160,25.60,24.99,3.05,1.06,9584.34万,24.32亿,44.99,2.4219,905.19亿,801.36亿
1624,301132,满坤科技,SZ,40.11,0.50,9.54,19.93,9.35,70.29,0.200,40.35,38.95,3.87,0.52,366.40万,1.46亿,81.93,3.2349,59.40亿,38.00亿
1625,002786,银宝山新,SZ,8.10,1.76,5.23,13.84,3.32,70.29,0.140,8.17,7.93,3.76,0.75,1855.76万,1.50亿,69.84,20.1486,40.14亿,40.02亿
1626,002375,亚厦股份,SZ,4.29,-1.38,4.78,5.51,2.63,70.29,-0.060,4.36,4.24,1.80,1.09,2380.90万,1.02亿,21.88,0.6906,57.49亿,56.86亿
1627,301319,唯特偶,SZ,94.67,7.38,40.13,29.85,33.77,70.28,6.510,100.88,85.87,11.78,1.40,1101.85万,10.49亿,99.02,9.6806,117.85亿,88.56亿
1628,001336,楚环科技,SZ,30.13,1.89,5.46,24.41,4.18,70.28,0.560,30.45,29.73,6.19,0.69,305.12万,9174.72万,57.16,2.9562,24.22亿,14.86亿
1629,603338,浙江鼎力,SH,56.90,0.65,4.90,4.26,3.23,70.26,0.370,57.88,55.83,1.59,0.75,802.76万,4.56亿,15.90,2.4326,288.11亿,288.11亿
1630,600449,宁夏建材,SH,13.39,1.29,3.95,4.30,3.72,70.23,0.170,13.45,13.13,1.22,1.07,581.50万,7736.96万,-353.68,0.8689,64.03亿,64.03亿
1631,301353,普莱得,SZ,30.19,1.41,4.02,15.21,2.86,70.21,0.420,30.19,29.46,3.82,0.79,121.81万,3654.00万,50.43,2.2535,29.64亿,9.62亿
1632,603607,京华激光,SH,23.97,-0.95,4.58,6.68,1.65,70.17,-0.230,24.19,23.90,1.63,0.78,290.75万,6974.17万,40.04,4.0004,42.79亿,42.79亿
1633,002286,保龄宝,SZ,10.34,2.78,3.50,7.96,0.58,70.15,0.280,10.36,10.02,2.93,1.18,1081.81万,1.11亿,18.17,1.7089,39.35亿,38.23亿
1634,300247,融捷健康,SZ,4.78,13.27,14.49,12.14,11.68,70.13,0.560,4.82,4.20,8.39,4.37,6737.16万,3.07亿,40.48,3.3223,38.43亿,38.38亿
1635,301598,博科测试,SZ,65.94,1.48,4.13,9.16,3.44,70.12,0.960,66.08,64.60,3.32,1.25,58.30万,3829.97万,54.93,3.8587,38.84亿,11.57亿
1636,301069,凯盛新材,SZ,23.21,-0.09,6.15,8.16,5.02,70.12,-0.020,23.46,23.06,2.41,1.03,1012.73万,2.35亿,62.65,4.5639,103.52亿,97.39亿
1637,000962,东方钽业,SZ,48.39,-1.47,11.74,13.03,10.30,70.11,-0.720,49.20,47.71,3.57,0.85,1791.51万,8.67亿,117.41,6.3746,255.24亿,242.76亿
1638,002340,格林美,SZ,9.25,1.31,4.60,17.01,1.20,70.09,0.120,9.27,9.03,4.62,0.64,2.34亿,21.45亿,22.59,2.1634,472.06亿,469.50亿
1639,000514,渝 开 发,SZ,5.10,0.79,8.72,8.10,3.45,70.06,0.040,5.14,5.03,1.43,0.67,1206.92万,6148.61万,33.32,1.1725,43.03亿,43.03亿
1640,300698,万马科技,SZ,38.69,0.03,5.84,16.64,2.68,70.05,0.010,38.69,37.77,3.81,0.87,451.69万,1.73亿,213.81,9.6861,51.84亿,45.87亿
1641,688310,迈得医疗,SH,17.40,-0.85,9.14,14.82,0.06,70.02,-0.150,17.81,16.75,4.35,0.87,714.94万,1.24亿,-37.55,3.4968,28.59亿,28.59亿
1642,300371,汇中股份,SZ,13.70,1.33,3.42,7.18,1.93,70.01,0.180,13.78,13.45,1.90,0.82,265.74万,3618.65万,94.49,2.3387,27.57亿,19.18亿
1643,603276,恒兴新材,SH,18.51,1.42,4.05,16.35,2.78,69.99,0.260,18.63,18.07,5.89,0.85,445.70万,8220.42万,37.07,2.1386,38.44亿,14.00亿
1644,002629,仁智股份,SZ,6.92,10.02,10.97,26.43,6.96,69.98,0.630,6.92,6.30,16.97,4.15,6146.56万,4.18亿,-185.77,46.7560,29.49亿,25.07亿
1645,002164,宁波东力,SZ,13.65,4.36,9.39,11.45,8.68,69.98,0.570,13.69,12.99,5.92,2.24,2838.97万,3.82亿,83.39,4.5689,72.64亿,65.49亿
1646,600857,宁波中百,SH,12.87,0.16,4.17,5.61,1.26,69.97,0.020,12.97,12.55,2.09,1.32,468.66万,5993.31万,37.89,3.2643,28.87亿,28.87亿
1647,688030,山石网科,SH,16.93,1.50,5.85,5.01,2.17,69.97,0.250,17.45,16.90,1.82,1.31,327.88万,5607.02万,-22.12,4.4842,30.51亿,30.51亿
1648,002148,北纬科技,SZ,8.19,1.36,3.68,7.76,3.80,69.96,0.110,8.23,8.05,2.58,0.94,1158.52万,9458.65万,473.81,3.7529,45.78亿,36.80亿
1649,300549,优德精密,SZ,18.80,1.62,3.62,7.57,3.24,69.95,0.300,18.87,18.22,2.70,1.19,272.85万,5070.36万,910.08,4.5448,25.07亿,19.00亿
1650,600703,三安光电,SH,15.28,0.92,10.17,17.57,11.78,69.90,0.140,15.45,14.77,4.92,1.02,2.46亿,37.26亿,282.37,2.1843,762.32亿,762.32亿
1651,603329,上海雅仕,SH,11.63,1.75,4.36,9.17,3.38,69.90,0.200,11.67,11.44,1.93,0.35,398.78万,4625.21万,18.08,1.9728,29.08亿,24.00亿
1652,301287,康力源,SZ,45.64,0.97,5.46,21.45,2.61,69.89,0.440,45.93,45.06,4.75,0.61,80.98万,3682.41万,87.79,2.5807,30.43亿,7.77亿
1653,300943,春晖智控,SZ,32.75,4.43,16.70,33.82,15.15,69.89,1.390,33.00,30.78,13.26,1.47,1768.62万,5.74亿,175.63,6.5337,66.75亿,43.70亿
1654,688699,明微电子,SH,62.26,-2.93,12.66,33.66,12.32,69.88,-1.880,63.15,61.37,7.67,1.08,844.12万,5.25亿,72.34,5.6429,68.53亿,68.53亿
1655,300327,中颖电子,SZ,27.57,-0.43,3.66,10.45,0.84,69.87,-0.120,27.70,27.15,2.88,0.94,976.75万,2.68亿,114.86,5.1995,94.12亿,93.42亿
1656,300407,凯发电气,SZ,13.62,1.19,5.54,11.19,3.34,69.86,0.160,13.76,13.11,4.62,1.68,1196.01万,1.61亿,138.73,2.1656,47.16亿,35.27亿
1657,600737,中粮糖业,SH,15.54,1.37,6.84,6.43,3.26,69.85,0.210,15.85,15.25,1.75,1.02,3739.50万,5.81亿,38.48,2.8575,332.38亿,332.38亿
1658,600037,歌华有线,SH,8.20,0.49,5.38,5.56,2.63,69.85,0.040,8.29,8.15,1.60,0.85,2225.66万,1.83亿,42.22,0.8934,114.13亿,114.13亿
1659,600708,光明地产,SH,3.91,1.82,6.58,4.44,2.89,69.84,0.070,3.96,3.81,1.32,0.62,2928.31万,1.14亿,-9.30,1.4612,87.14亿,87.01亿
1660,301109,军信股份,SZ,16.84,-1.23,3.71,10.34,0.90,69.84,-0.210,17.14,16.72,2.73,0.80,629.95万,1.06亿,15.12,1.8415,132.88亿,38.79亿
1661,300364,中文在线,SZ,31.38,-3.03,14.80,34.24,9.03,69.82,-0.980,33.36,31.28,13.14,1.68,8675.41万,27.91亿,-124.71,90.5551,228.60亿,207.24亿
1662,300582,英飞特,SZ,15.60,1.83,5.44,21.29,3.59,69.81,0.280,15.84,15.17,7.61,0.73,1686.20万,2.62亿,138.59,5.2970,46.57亿,34.56亿
1663,600692,亚通股份,SH,8.11,3.58,6.75,19.27,3.31,69.80,0.280,8.25,7.81,7.09,1.44,1808.28万,1.46亿,407.50,2.9341,28.53亿,20.68亿
1664,603291,联合水务,SH,12.09,3.60,9.51,5.78,5.50,69.80,0.420,12.12,11.61,1.80,0.99,763.43万,9092.42万,85.96,2.8020,51.17亿,51.17亿
1665,001369,双欣材料,SZ,16.35,2.57,7.82,26.34,7.50,69.76,0.410,16.43,15.85,11.86,1.58,2385.02万,3.87亿,36.70,2.6559,187.53亿,32.87亿
1666,002820,桂发祥,SZ,11.63,0.95,3.92,13.63,1.22,69.76,0.110,11.70,11.43,2.47,0.53,496.32万,5761.39万,79.80,2.6735,23.36亿,23.36亿
1667,688552,航天南湖,SH,41.96,5.59,9.08,28.37,4.69,69.76,2.220,42.49,38.85,13.39,1.94,1162.19万,4.83亿,-910.94,5.4796,141.51亿,36.43亿
1668,300583,赛托生物,SZ,15.57,1.76,4.56,9.06,2.98,69.75,0.270,15.68,15.16,2.46,0.79,457.17万,7066.01万,204.18,1.6727,29.54亿,28.98亿
1669,301170,锡南科技,SZ,30.58,1.39,3.55,14.62,3.49,69.70,0.420,30.58,30.03,5.11,1.06,171.43万,5204.01万,32.35,1.6950,30.58亿,10.27亿
1670,002915,中欣氟材,SZ,21.10,1.93,15.43,16.30,14.24,69.68,0.400,21.37,20.30,10.17,3.41,2928.51万,6.11亿,-354.31,4.7579,70.74亿,60.78亿
1671,600202,哈空调,SH,6.47,0.94,3.77,9.66,1.73,69.67,0.060,6.56,6.41,2.50,0.81,956.49万,6184.32万,-20.30,3.0598,24.80亿,24.80亿
1672,301026,浩通科技,SZ,32.21,0.66,4.34,15.55,3.50,69.65,0.210,32.27,31.68,4.11,0.65,469.43万,1.50亿,19.87,3.0075,50.98亿,36.82亿
1673,600149,廊坊发展,SH,6.42,-0.47,3.89,20.08,-0.16,69.64,-0.030,6.51,6.36,4.93,0.69,1872.74万,1.20亿,78.77,9.5609,24.41亿,24.41亿
1674,300855,图南股份,SZ,41.05,2.37,9.95,8.62,4.51,69.64,0.950,42.11,39.05,3.45,1.78,1010.23万,4.10亿,42.48,7.7187,162.37亿,120.26亿
1675,300915,海融科技,SZ,25.22,-0.67,5.33,9.32,1.86,69.62,-0.170,25.38,24.90,1.88,0.58,108.33万,2722.18万,43.23,2.0659,31.74亿,14.51亿
1676,300930,屹通新材,SZ,33.00,0.67,6.14,12.56,4.93,69.61,0.220,33.09,32.38,3.48,0.87,164.22万,5376.82万,45.09,3.4884,33.00亿,15.55亿
1677,300576,容大感光,SZ,37.83,-2.45,3.72,16.63,2.11,69.59,-0.950,38.40,37.71,4.50,0.83,1036.65万,3.94亿,129.05,7.9620,138.60亿,87.15亿
1678,688466,金科环境,SH,18.71,-0.05,4.85,4.86,1.91,69.59,-0.010,18.94,18.55,1.06,0.63,129.59万,2420.66万,246.10,1.9811,22.86亿,22.86亿
1679,301511,德福科技,SZ,94.60,2.01,28.54,36.95,25.80,69.56,1.860,97.50,89.29,12.06,0.90,4516.56万,42.80亿,101.25,14.3430,596.28亿,354.40亿
1680,603960,克来机电,SH,23.99,5.73,13.37,18.01,7.63,69.53,1.300,24.78,22.43,8.46,2.28,2217.73万,5.31亿,556.46,5.5870,62.90亿,62.90亿
1681,603506,南都物业,SH,13.55,1.57,3.40,5.94,0.15,69.53,0.210,13.64,13.35,1.38,0.62,258.84万,3486.82万,13.33,2.0544,25.44亿,25.44亿
1682,002191,劲嘉股份,SZ,3.88,0.52,3.96,4.92,2.37,69.53,0.020,3.89,3.83,1.22,0.43,1752.71万,6772.18万,38.54,0.9049,56.33亿,55.89亿
1683,000565,渝三峡Ａ,SZ,8.14,2.78,4.57,10.41,3.43,69.53,0.220,8.20,7.89,4.21,0.79,1824.39万,1.48亿,35.52,2.7499,35.29亿,35.29亿
1684,300809,华辰装备,SZ,35.46,4.85,13.48,16.10,10.64,69.51,1.640,35.98,33.41,7.31,1.98,1101.22万,3.86亿,175.75,4.9133,89.90亿,53.39亿
1685,002237,恒邦股份,SZ,17.14,0.41,5.12,8.49,3.19,69.51,0.070,17.50,16.87,3.00,1.04,3423.23万,5.88亿,32.40,1.8190,236.43亿,195.71亿
1686,002395,双象股份,SZ,20.15,1.36,5.45,11.35,-0.10,69.49,0.270,20.37,19.69,3.13,0.60,839.39万,1.68亿,44.66,3.4810,54.04亿,54.04亿
1687,300990,同飞股份,SZ,88.15,0.17,9.92,22.01,10.03,69.49,0.150,89.20,85.75,5.77,0.86,444.82万,3.91亿,62.89,7.1906,150.37亿,67.99亿
1688,600893,航发动力,SH,50.10,3.66,10.40,4.73,8.32,69.48,1.770,51.31,47.34,2.10,1.59,5591.33万,27.73亿,1.30万,3.3212,1335.46亿,1335.23亿
1689,605162,新中港,SH,11.77,-0.84,6.81,10.59,5.47,69.47,-0.100,11.94,11.61,3.28,0.92,1349.14万,1.59亿,99.57,3.4741,48.36亿,48.36亿
1690,002354,天娱数科,SZ,6.35,-0.94,8.87,31.48,2.42,69.46,-0.060,6.75,6.33,11.75,1.48,1.91亿,12.47亿,86.86,7.6400,105.07亿,103.23亿
1691,000813,德展健康,SZ,3.84,2.13,8.52,6.93,5.49,69.46,0.080,3.92,3.68,2.83,1.40,5941.39万,2.27亿,-58.48,1.7501,80.53亿,80.52亿
1692,688206,概伦电子,SH,34.55,-2.21,5.50,5.42,1.59,69.45,-0.780,35.25,34.31,1.30,0.86,567.34万,1.97亿,-305.81,7.5507,150.35亿,150.35亿
1693,300683,海特生物,SZ,36.42,-1.59,7.72,18.36,3.06,69.44,-0.590,37.17,36.06,5.13,0.79,625.86万,2.29亿,-51.71,2.2300,47.67亿,44.46亿
1694,002049,紫光国微,SZ,77.36,-2.09,7.33,14.12,0.05,69.44,-1.650,78.05,76.09,4.32,0.98,3669.79万,28.24亿,49.15,4.7203,657.27亿,657.18亿
1695,002167,东方锆业,SZ,13.49,0.52,6.12,11.83,4.49,69.41,0.070,13.69,13.29,3.87,1.03,2937.63万,3.97亿,129.04,5.8730,104.50亿,102.35亿
1696,000952,广济药业,SZ,7.59,0.53,3.79,10.27,2.71,69.38,0.040,7.66,7.50,2.68,0.45,923.51万,6997.79万,-20.79,4.2206,26.32亿,26.11亿
1697,600506,统一股份,SH,18.25,0.00,8.45,13.52,4.95,69.38,0.000,18.45,18.05,3.68,0.85,919.51万,1.67亿,18.06,9.1119,45.56亿,45.56亿
1698,300112,万讯自控,SZ,8.59,1.06,4.29,8.76,2.26,69.33,0.090,8.67,8.46,2.35,0.76,558.93万,4798.29万,-108.76,2.6864,24.93亿,20.41亿
1699,601033,永兴股份,SH,15.81,0.25,3.63,8.36,2.46,69.28,0.040,15.96,15.74,3.13,1.10,750.65万,1.19亿,14.99,1.3565,142.29亿,37.94亿
1700,603879,永悦科技,SH,6.03,0.00,3.56,8.70,2.20,69.28,0.000,6.10,5.97,2.30,0.76,828.02万,5008.76万,-86.34,9.3512,21.67亿,21.67亿
1701,688311,盟升电子,SH,37.26,2.99,8.35,10.55,8.35,69.28,1.080,37.49,35.59,4.04,1.03,701.68万,2.57亿,-105.94,3.6394,64.75亿,64.75亿
1702,300488,恒锋工具,SZ,41.56,20.01,36.41,28.18,36.44,69.25,6.930,41.56,36.00,15.23,3.51,2470.62万,9.70亿,47.88,3.6322,79.47亿,67.43亿
1703,603486,科沃斯,SH,67.28,1.20,5.91,6.11,3.25,69.25,0.800,68.17,65.84,2.01,0.99,1150.90万,7.74亿,24.06,4.1978,389.50亿,385.75亿
1704,600100,同方股份,SH,8.73,5.31,8.90,6.34,9.40,69.21,0.440,8.78,8.20,2.92,1.66,9782.60万,8.32亿,-39.85,1.8444,292.48亿,292.48亿
1705,300949,奥雅股份,SZ,41.68,1.56,3.94,9.50,2.58,69.19,0.640,41.80,40.65,2.16,0.66,74.04万,3075.80万,-217.09,4.4411,25.01亿,14.30亿
1706,688313,仕佳光子,SH,176.60,4.36,33.30,28.41,33.97,69.17,7.380,179.90,163.18,7.74,0.86,3497.47万,60.05亿,171.77,48.1290,798.21亿,798.21亿
1707,688217,睿昂基因,SH,30.25,0.53,4.57,5.32,2.47,69.14,0.160,30.65,29.82,1.45,0.70,80.87万,2440.78万,-84.77,2.0117,16.90亿,16.90亿
1708,300416,苏试试验,SZ,17.84,1.19,5.36,10.43,5.00,69.13,0.210,17.91,17.45,3.27,1.00,1649.77万,2.92亿,52.08,3.2274,90.72亿,90.08亿
1709,300610,晨化股份,SZ,12.50,-0.56,3.73,8.13,1.30,69.13,-0.070,12.63,12.41,1.97,0.71,329.82万,4116.92万,25.98,2.2700,26.88亿,20.95亿
1710,002545,东方铁塔,SZ,25.08,-1.22,10.34,7.28,4.54,69.12,-0.310,25.48,24.17,2.21,0.89,2498.96万,6.19亿,19.41,3.0542,312.01亿,283.45亿
1711,000831,中国稀土,SZ,55.25,-0.61,4.76,11.31,1.49,69.11,-0.340,55.36,54.28,3.03,0.71,3218.64万,17.66亿,105.79,11.8518,586.32亿,586.32亿
1712,002029,七 匹 狼,SZ,11.46,0.53,4.95,7.52,3.06,69.11,0.060,11.60,11.30,2.79,0.86,1855.15万,2.13亿,40.54,1.1895,80.80亿,76.26亿
1713,300899,*ST凯鑫,SZ,38.47,2.86,9.17,6.94,4.97,69.10,1.070,38.59,36.83,1.70,0.89,69.55万,2639.40万,-54.44,3.9243,24.54亿,15.75亿
1714,605169,洪通燃气,SH,13.04,10.04,10.38,6.39,7.41,69.07,1.190,13.04,11.86,3.95,2.53,1116.56万,1.41亿,210.17,1.8293,36.89亿,36.89亿
1715,300293,蓝英装备,SZ,19.12,-1.24,4.56,7.56,2.69,69.04,-0.240,19.23,18.97,2.01,0.70,679.97万,1.30亿,-1522.00,8.7004,64.71亿,64.71亿
1716,301595,太力科技,SZ,49.67,8.57,14.05,40.98,11.32,69.03,3.920,50.00,45.13,19.42,2.47,473.24万,2.26亿,122.81,6.0570,53.78亿,12.10亿
1717,688788,科思科技,SH,59.70,2.40,13.88,5.91,10.80,69.03,1.400,61.33,57.11,2.35,1.89,368.70万,2.21亿,-32.26,5.3263,93.65亿,93.65亿
1718,300095,华伍股份,SZ,11.05,10.72,16.16,21.78,12.30,69.02,1.070,11.47,9.99,15.91,4.84,5054.88万,5.47亿,64.45,2.9806,43.58亿,35.10亿
1719,301025,读客文化,SZ,11.58,-0.60,5.33,9.05,2.93,69.01,-0.070,11.88,11.54,2.69,0.87,744.29万,8662.25万,380.64,7.4284,46.36亿,32.09亿
1720,603650,彤程新材,SH,55.58,-2.53,4.58,7.45,3.00,68.98,-1.440,56.58,55.37,2.08,0.89,1276.93万,7.13亿,46.96,7.9252,342.42亿,341.52亿
1721,603758,秦安股份,SH,13.44,9.98,11.03,5.01,9.80,68.94,1.220,13.44,12.22,2.75,2.55,1207.38万,1.57亿,62.90,2.2731,58.97亿,58.97亿
1722,301488,豪恩汽电,SZ,137.17,1.49,12.69,21.35,10.02,68.93,2.020,140.00,134.06,7.61,1.30,178.16万,2.46亿,201.87,9.3449,126.20亿,32.11亿
1723,002816,*ST和科,SZ,24.80,3.98,10.17,13.91,6.44,68.91,0.950,25.04,23.87,5.28,1.55,528.02万,1.30亿,-151.01,10.4097,24.80亿,24.80亿
1724,002174,游族网络,SZ,10.76,0.84,8.50,14.46,5.08,68.91,0.090,11.07,10.60,6.25,1.56,6121.59万,6.65亿,25.40,2.3232,105.43亿,105.37亿
1725,000533,顺钠股份,SZ,13.44,-3.52,10.06,28.84,6.41,68.89,-0.490,13.92,13.28,9.07,1.07,6212.90万,8.37亿,137.23,9.4182,92.85亿,92.05亿
1726,600561,江西长运,SH,7.07,0.57,4.03,7.25,1.87,68.87,0.040,7.12,6.95,1.59,0.56,451.18万,3190.23万,-17.94,2.2075,20.11亿,20.11亿
1727,603806,福斯特,SH,19.10,0.90,5.39,6.52,1.92,68.86,0.170,19.30,18.33,2.35,1.18,6139.91万,11.53亿,39.95,3.0790,498.27亿,498.27亿
1728,300380,安硕信息,SZ,37.56,0.03,4.56,14.84,0.19,68.85,0.010,37.90,37.29,3.09,0.56,393.23万,1.48亿,145.41,12.6069,52.00亿,47.84亿
1729,300409,道氏技术,SZ,27.96,-0.85,5.20,21.23,3.82,68.85,-0.240,28.54,27.90,6.66,1.10,4580.10万,12.90亿,50.79,2.6890,218.72亿,192.22亿
1730,000415,渤海租赁,SZ,4.81,0.84,7.48,5.55,2.78,68.85,0.040,4.91,4.64,1.46,0.77,7876.45万,3.80亿,8.19,0.9963,297.48亿,259.40亿
1731,301010,晶雪节能,SZ,22.89,0.57,4.07,7.87,3.48,68.84,0.130,23.15,22.70,2.37,1.01,255.92万,5859.50万,283.23,2.9833,24.72亿,24.72亿
1732,603778,国晟科技,SH,26.99,4.17,18.08,39.28,1.47,68.84,1.080,27.00,24.65,12.15,1.10,7808.41万,20.49亿,-127.85,63.1073,178.15亿,173.51亿
1733,603039,泛微网络,SH,48.62,-1.00,9.44,17.85,6.74,68.84,-0.490,49.95,48.25,5.60,1.31,1434.39万,7.00亿,50.15,4.7075,124.65亿,124.65亿
1734,003009,中天火箭,SZ,66.28,6.18,13.20,13.26,10.36,68.83,3.860,68.00,61.66,6.91,2.71,1073.68万,6.96亿,543.72,5.4190,103.02亿,103.00亿
1735,300328,宜安科技,SZ,18.29,-1.08,6.87,18.97,1.27,68.81,-0.200,18.46,18.05,4.28,0.60,2941.61万,5.37亿,-164.61,12.2767,126.28亿,125.66亿
1736,605068,明新旭腾,SH,27.64,5.50,11.12,8.51,7.51,68.81,1.440,28.00,25.75,3.81,2.00,618.32万,1.68亿,-72.71,2.9019,44.83亿,44.83亿
1737,300353,东土科技,SZ,19.96,4.01,7.44,9.20,7.60,68.78,0.770,20.08,19.14,4.01,1.27,2164.04万,4.27亿,-77.56,5.5644,122.73亿,107.80亿
1738,300748,金力永磁,SZ,34.66,-0.23,6.98,11.80,5.16,68.78,-0.080,34.99,34.40,2.92,0.73,3301.87万,11.44亿,61.83,6.4696,476.78亿,391.67亿
1739,001209,洪兴股份,SZ,22.14,1.75,3.86,17.49,0.54,68.77,0.380,22.35,21.60,5.97,0.96,573.34万,1.27亿,32.38,2.2209,29.12亿,21.28亿
1740,002965,祥鑫科技,SZ,34.93,10.02,18.28,17.71,18.69,68.73,3.180,34.93,31.44,9.31,2.38,1773.60万,6.05亿,-135.79,2.1857,92.70亿,66.51亿
1741,002997,瑞鹄模具,SZ,33.70,9.99,13.08,8.88,12.41,68.71,3.060,33.70,30.50,4.88,2.52,1020.78万,3.33亿,16.52,2.7369,70.54亿,70.54亿
1742,300040,九洲集团,SZ,7.49,-2.22,6.93,37.23,3.74,68.71,-0.170,7.73,7.46,11.06,0.80,5723.34万,4.32亿,46.91,1.8440,48.19亿,38.75亿
1743,603073,彩蝶实业,SH,21.17,1.05,3.90,14.24,0.81,68.66,0.220,21.20,20.79,3.51,0.60,178.68万,3757.59万,46.38,1.7700,24.56亿,10.77亿
1744,600392,盛和资源,SH,26.50,-1.56,6.11,12.93,1.81,68.66,-0.420,26.86,26.13,3.64,0.77,6384.58万,16.90亿,35.48,3.6094,464.50亿,464.50亿
1745,603399,永杉锂业,SH,23.99,6.24,19.80,62.52,23.72,68.66,1.410,24.84,22.90,28.69,2.46,1.47亿,35.06亿,23.18,7.5891,122.90亿,122.90亿
1746,300957,贝泰妮,SZ,42.07,0.57,5.38,5.07,2.91,68.64,0.240,42.77,41.65,1.43,0.69,602.70万,2.55亿,67.54,2.8469,178.21亿,177.24亿
1747,301060,兰卫医学,SZ,10.91,2.35,6.58,10.86,5.61,68.63,0.250,11.03,10.67,4.13,0.94,1489.16万,1.62亿,29.59,2.7555,43.70亿,39.29亿
1748,002761,浙江建投,SZ,8.78,-0.68,10.99,7.42,4.90,68.62,-0.060,8.89,8.74,1.70,0.82,1840.28万,1.62亿,9.96,1.3413,116.32亿,94.98亿
1749,603058,永吉股份,SH,12.06,1.77,10.32,8.51,9.14,68.62,0.210,12.18,11.80,2.07,0.56,857.98万,1.03亿,-92.67,4.2267,50.01亿,49.88亿
1750,600712,南宁百货,SH,6.52,3.49,6.18,6.59,3.33,68.62,0.220,6.61,6.25,3.14,1.58,1691.31万,1.10亿,323.64,4.6842,35.51亿,35.12亿
1751,603322,超讯通信,SH,36.42,0.89,12.55,22.13,12.06,68.61,0.320,36.67,35.27,6.62,1.02,1043.64万,3.76亿,34.44,21.8133,57.39亿,57.39亿
1752,002519,银河电子,SZ,8.84,4.99,11.69,31.22,8.73,68.60,0.420,9.11,8.28,17.33,3.02,1.94亿,16.94亿,1552.57,4.4899,99.58亿,98.80亿
1753,301538,骏鼎达,SZ,81.00,3.99,9.25,12.32,8.59,68.58,3.110,81.33,77.68,4.51,1.32,140.81万,1.13亿,44.44,4.3173,63.50亿,25.29亿
1754,300169,天晟新材,SZ,6.56,0.31,3.41,10.82,1.55,68.58,0.020,6.59,6.48,2.29,0.55,689.57万,4521.93万,-835.98,33.7519,21.38亿,19.79亿
1755,300276,三丰智能,SZ,7.44,3.19,9.49,9.92,8.61,68.55,0.230,7.54,7.12,4.75,1.98,5020.98万,3.71亿,-211.63,5.9541,104.24亿,78.65亿
1756,603088,宁波精达,SH,12.64,-1.02,8.71,12.68,5.86,68.54,-0.130,13.00,12.59,3.31,0.65,1450.87万,1.85亿,197.86,5.5261,63.50亿,55.35亿
1757,600476,*ST湘邮,SH,12.64,4.98,11.76,13.36,9.34,68.54,0.600,12.64,12.03,3.77,0.53,607.49万,7569.33万,193.72,-4.6069,20.36亿,20.36亿
1758,002413,雷科防务,SZ,13.90,4.12,8.52,27.38,5.78,68.52,0.550,14.26,13.36,13.02,1.96,1.69亿,23.21亿,-287.61,5.5764,183.39亿,180.06亿
1759,688096,京源环保,SH,9.66,13.92,22.32,23.96,15.27,68.51,1.180,10.18,8.37,17.51,6.37,4132.48万,4.02亿,-122.48,2.7583,22.80亿,22.80亿
1760,000701,厦门信达,SZ,6.15,1.49,4.72,7.43,3.71,68.51,0.090,6.17,6.04,1.98,0.80,1324.52万,8129.89万,95.56,-6.7018,41.10亿,41.07亿
1761,002512,ST达华,SZ,4.50,4.17,6.03,17.83,4.41,68.50,0.180,4.52,4.31,5.25,0.96,5746.75万,2.55亿,34.35,15.3881,50.06亿,49.25亿
1762,000559,万向钱潮,SZ,17.68,2.79,15.23,10.70,9.88,68.47,0.480,18.54,17.02,5.30,2.13,1.76亿,31.29亿,59.37,6.6769,586.16亿,585.98亿
1763,301218,华是科技,SZ,36.20,-0.60,7.83,20.17,4.14,68.44,-0.220,37.26,36.02,6.12,1.26,429.05万,1.57亿,-349.84,4.5482,41.28亿,25.36亿
1764,600157,永泰能源,SH,1.82,2.82,9.04,13.86,2.82,68.43,0.050,1.91,1.76,7.30,2.10,15.93亿,29.40亿,160.53,0.8464,397.08亿,397.08亿
1765,301336,趣睡科技,SZ,55.97,-0.60,3.68,10.86,0.39,68.43,-0.340,56.57,55.54,2.95,0.71,89.85万,5025.52万,69.35,2.6571,22.39亿,17.03亿
1766,688553,汇宇制药-W,SH,20.20,0.25,4.85,6.11,1.10,68.43,0.050,20.30,19.98,1.28,0.51,438.72万,8840.36万,97.82,2.2633,85.57亿,69.40亿
1767,301380,挖金客,SZ,35.56,0.48,3.93,6.14,3.43,68.40,0.170,35.80,35.40,1.76,0.84,141.88万,5048.44万,79.64,4.7727,36.06亿,28.71亿
1768,001208,华菱线缆,SZ,20.57,3.37,6.58,23.63,7.36,68.39,0.670,20.57,19.56,10.66,1.52,3396.76万,6.86亿,107.83,4.4648,131.31亿,65.56亿
1769,000547,航天发展,SZ,27.59,10.01,12.25,28.85,12.25,68.36,2.510,27.59,24.68,15.49,2.20,2.46亿,64.84亿,-100.09,11.6905,441.02亿,438.44亿
1770,002048,宁波华翔,SZ,30.40,5.08,17.21,11.72,16.79,68.34,1.470,30.58,28.55,5.69,2.10,4035.89万,12.09亿,22.66,2.0630,247.41亿,215.78亿
1771,003003,天元股份,SZ,14.02,1.37,3.61,12.40,1.15,68.34,0.190,14.02,13.75,3.21,0.70,378.34万,5262.99万,39.24,1.8815,24.78亿,16.52亿
1772,301158,德石股份,SZ,26.64,1.29,3.71,14.55,0.72,68.32,0.340,26.88,26.20,4.49,0.66,657.30万,1.74亿,167.64,2.8600,40.06亿,39.03亿
1773,301139,元道通信,SZ,18.45,-0.54,5.76,20.91,2.16,68.31,-0.100,18.54,18.27,4.24,0.68,323.02万,5954.16万,712.14,1.1533,22.43亿,14.05亿
1774,688078,龙软科技,SH,27.17,-2.30,3.96,5.97,-0.29,68.29,-0.640,27.89,27.00,2.04,1.18,148.79万,4064.79万,-62.41,2.9633,19.81亿,19.81亿
1775,688755,汉邦科技,SH,41.02,-0.24,3.44,14.56,1.53,68.27,-0.100,41.89,40.86,4.31,0.92,75.83万,3133.42万,48.90,2.8514,36.10亿,7.22亿
1776,688108,赛诺医疗,SH,21.86,-1.49,4.57,9.09,1.96,68.24,-0.330,22.35,21.60,2.96,0.97,1235.34万,2.70亿,93.37,9.2107,91.36亿,91.36亿
1777,688567,孚能科技,SH,13.99,-1.69,3.81,4.31,0.50,68.24,-0.240,14.37,13.98,1.26,0.86,1545.57万,2.18亿,-30.48,1.8728,170.97亿,170.97亿
1778,300508,维宏股份,SZ,36.90,6.65,16.85,17.36,14.95,68.24,2.300,37.39,34.30,7.39,2.12,605.84万,2.22亿,-56.01,4.7256,40.16亿,30.26亿
1779,002683,广东宏大,SZ,40.36,5.65,15.14,8.61,11.12,68.21,2.160,41.20,37.90,3.40,1.54,2265.52万,8.98亿,74.09,4.5858,306.69亿,269.02亿
1780,003008,开普检测,SZ,23.68,1.15,3.66,8.74,0.77,68.21,0.270,23.69,23.31,2.00,0.66,155.43万,3656.08万,88.28,2.3042,24.63亿,18.40亿
1781,300923,研奥股份,SZ,29.04,0.41,4.05,7.62,0.52,68.20,0.120,29.30,28.80,1.85,0.65,141.33万,4098.33万,340.77,1.9931,22.83亿,22.17亿
1782,000509,华塑控股,SZ,4.04,2.80,18.94,19.43,12.53,68.18,0.110,4.23,3.91,12.09,5.06,1.30亿,5.20亿,-432.21,35.8563,43.35亿,43.35亿
1783,688655,迅捷兴,SH,53.34,14.71,29.58,46.99,17.15,68.17,6.840,55.80,48.82,18.99,1.33,2532.95万,13.62亿,-332.43,10.9036,71.15亿,71.15亿
1784,603817,海峡环保,SH,7.44,-0.40,3.53,7.62,1.09,68.15,-0.030,7.51,7.40,1.90,0.69,1084.32万,8092.71万,15.71,1.2972,42.41亿,42.41亿
1785,688360,德马科技,SH,19.80,3.02,8.28,5.01,8.55,68.13,0.580,19.83,19.00,1.96,1.59,494.45万,9677.87万,35.23,3.5072,52.22亿,49.95亿
1786,300305,裕兴股份,SZ,6.74,1.05,3.55,7.07,-0.30,68.11,0.070,6.78,6.65,1.91,0.72,615.55万,4147.46万,-13.01,1.3074,25.30亿,21.67亿
1787,601137,博威合金,SH,18.88,-0.58,8.97,6.36,7.82,68.09,-0.110,18.91,18.52,1.71,0.58,1573.49万,2.95亿,-47.45,1.8481,173.41亿,173.28亿
1788,603386,骏亚科技,SH,14.45,0.98,8.53,7.96,8.08,68.08,0.140,14.55,14.18,2.14,0.64,699.35万,1.01亿,-57.64,3.6022,47.15亿,47.15亿
1789,301399,英特科技,SZ,22.29,0.91,6.67,22.30,6.14,68.06,0.200,22.36,21.81,7.23,0.89,395.37万,8775.77万,-368.30,3.1250,41.24亿,12.19亿
1790,301368,丰立智能,SZ,54.53,5.25,11.64,15.36,10.38,68.04,2.720,55.35,51.25,8.62,2.68,552.72万,2.99亿,6241.78,6.9479,65.49亿,34.97亿
1791,000980,众泰汽车,SZ,2.64,0.38,9.52,19.16,4.76,68.04,0.010,2.72,2.56,4.45,0.85,2.25亿,5.91亿,-40.58,407.1077,133.12亿,133.12亿
1792,002712,思美传媒,SZ,5.77,-0.86,5.56,9.94,3.41,68.02,-0.050,5.91,5.76,2.81,0.73,1518.80万,8828.17万,240.59,2.2701,31.40亿,31.21亿
1793,300403,汉宇集团,SZ,11.87,4.49,10.28,9.80,8.90,68.02,0.510,12.08,11.24,5.26,2.33,2244.34万,2.65亿,53.78,3.1959,71.58亿,50.69亿
1794,600930,华电新能,SH,6.32,-1.86,5.19,19.53,2.43,68.01,-0.120,6.48,6.31,6.43,1.11,2.08亿,13.22亿,31.97,2.3870,2636.34亿,204.12亿
1795,603290,斯达半导,SH,106.26,0.25,5.57,10.57,2.25,68.01,0.260,106.97,102.40,3.89,1.01,930.36万,9.72亿,238.92,3.6540,254.46亿,254.46亿
1796,002316,亚联发展,SZ,5.64,0.18,3.97,17.91,1.81,67.98,0.010,5.69,5.57,3.77,0.66,1285.92万,7237.34万,388.07,28.3161,22.17亿,19.22亿
1797,600235,民丰特纸,SH,7.03,2.48,3.74,7.46,1.15,67.98,0.170,7.06,6.81,2.77,1.30,973.25万,6805.61万,-505.00,1.6416,24.70亿,24.70亿
1798,603920,世运电路,SH,59.81,1.32,13.68,16.52,13.60,67.97,0.780,60.70,57.65,5.77,1.07,4155.14万,24.67亿,294.13,6.6191,430.99亿,430.99亿
1799,603255,鼎际得,SH,31.42,1.09,4.52,9.84,0.74,67.93,0.340,32.12,30.73,3.56,0.96,215.85万,6796.20万,94.58,2.6685,42.29亿,19.06亿
1800,002977,*ST天箭,SZ,28.15,1.26,8.19,16.08,3.84,67.93,0.350,29.02,27.42,4.67,0.47,310.95万,8827.29万,216.86,3.9756,33.81亿,18.76亿
1801,001282,三联锻造,SZ,21.73,2.02,5.89,14.38,4.07,67.93,0.430,21.83,21.13,5.05,1.04,394.72万,8520.32万,44.10,2.9208,48.28亿,16.99亿
1802,603908,牧高笛,SH,24.39,1.29,4.09,6.29,0.87,67.91,0.310,24.48,24.07,1.51,0.60,140.53万,3413.19万,27.74,4.6757,22.71亿,22.71亿
1803,688472,阿特斯,SH,14.50,0.49,4.92,16.25,0.49,67.90,0.070,14.60,14.21,4.50,0.59,6062.11万,8.73亿,25.43,2.2350,528.26亿,195.41亿
1804,300304,云意电气,SZ,12.99,-1.81,12.00,8.69,9.81,67.87,-0.240,13.22,12.91,2.12,0.74,1811.79万,2.35亿,40.55,3.3503,114.07亿,111.00亿
1805,002009,天奇股份,SZ,26.96,10.00,15.76,26.94,16.11,67.83,2.450,26.96,24.22,14.49,2.46,5129.91万,13.33亿,110.17,5.2812,108.44亿,95.47亿
1806,603001,奥康国际,SH,9.79,4.59,18.96,15.18,18.96,67.81,0.430,9.84,9.40,4.29,1.05,1719.72万,1.66亿,38.65,1.6566,39.26亿,39.26亿
1807,300354,东华测试,SZ,39.22,4.53,11.33,13.85,9.74,67.80,1.700,39.80,37.23,7.21,2.67,585.90万,2.28亿,49.77,6.1239,54.25亿,31.89亿
1808,688322,奥比中光-W,SH,87.92,1.64,13.09,11.54,10.48,67.80,1.420,90.02,85.45,4.58,1.88,1458.76万,12.87亿,284.46,11.7781,352.69亿,280.18亿
1809,300819,聚杰微纤,SZ,80.05,13.27,45.82,26.28,40.59,67.79,9.380,83.39,71.94,12.46,2.03,1679.75万,13.22亿,287.23,13.5516,119.44亿,107.88亿
1810,002829,星网宇达,SZ,24.29,3.27,10.14,17.37,10.96,67.76,0.770,24.38,23.23,5.89,1.21,860.87万,2.07亿,-47.56,3.2601,50.48亿,35.48亿
1811,688386,泛亚微透,SH,88.56,1.39,7.32,8.01,0.65,67.76,1.210,90.24,85.67,2.19,0.78,199.64万,1.76亿,110.94,5.8130,80.59亿,80.59亿
1812,002931,锋龙股份,SZ,63.12,3.12,12.20,18.86,10.00,67.75,1.910,64.95,60.60,7.91,1.27,1591.58万,10.03亿,1040.65,14.4509,137.92亿,127.03亿
1813,300575,中旗股份,SZ,6.66,0.76,4.19,11.82,-0.30,67.73,0.050,6.67,6.58,2.97,0.70,1017.66万,6734.89万,1180.35,1.6368,31.77亿,22.82亿
1814,300129,泰胜风能,SZ,12.73,9.55,14.00,20.41,12.06,67.68,1.110,12.88,11.50,11.21,2.63,8054.64万,9.95亿,259.24,2.4473,141.16亿,91.49亿
1815,688162,巨一科技,SH,33.27,0.57,4.08,4.43,2.84,67.68,0.190,33.45,32.70,1.41,0.86,192.76万,6370.55万,54.96,1.8856,45.61亿,45.61亿
1816,300049,福瑞医科,SZ,55.95,8.85,14.02,12.01,11.10,67.67,4.550,57.47,51.38,6.46,1.68,1510.11万,8.35亿,116.57,7.4808,148.25亿,130.72亿
1817,300283,温州宏丰,SZ,16.98,20.00,37.59,89.94,36.39,67.67,2.830,16.98,13.96,29.53,1.04,1.08亿,16.81亿,37.48,7.2029,84.39亿,62.35亿
1818,001333,光华股份,SZ,25.77,9.99,11.62,23.63,8.10,67.64,2.340,25.77,23.44,12.00,2.79,528.19万,1.29亿,33.55,1.8582,32.99亿,11.34亿
1819,688539,高华科技,SH,41.99,2.49,11.75,9.37,12.39,67.64,1.020,41.99,39.89,2.63,1.00,489.76万,2.02亿,-536.75,4.4484,78.07亿,78.07亿
1820,605555,德昌股份,SH,16.49,4.17,11.13,6.68,7.29,67.63,0.660,17.00,15.71,3.24,2.51,1568.39万,2.60亿,157.62,2.6654,79.82亿,79.82亿
1821,600610,中毅达,SH,10.80,4.45,21.31,28.44,16.25,67.59,0.460,11.22,10.40,14.45,3.49,1.02亿,11.10亿,156.38,83.2040,115.70亿,76.54亿
1822,300918,南山智尚,SZ,15.69,4.11,11.38,7.92,10.26,67.59,0.620,15.83,14.87,3.70,2.20,1873.67万,2.90亿,64.48,2.0488,79.41亿,79.41亿
1823,003021,兆威机电,SZ,103.35,2.73,9.42,8.03,7.00,67.59,2.750,105.20,98.80,3.80,1.64,787.61万,8.14亿,168.80,5.3844,276.51亿,214.31亿
1824,000608,*ST阳光,SZ,3.88,1.84,8.20,5.88,2.65,67.59,0.070,3.90,3.74,1.56,0.74,1165.60万,4490.18万,-30.99,1.4169,29.10亿,28.92亿
1825,600775,南京熊猫,SH,13.44,1.28,8.66,13.32,8.83,67.58,0.170,13.49,13.13,4.13,1.26,2772.14万,3.69亿,-230.26,3.9480,122.82亿,90.30亿
1826,603037,凯众股份,SH,14.68,6.92,12.06,9.82,6.69,67.52,0.950,14.99,13.62,4.70,1.93,1249.72万,1.81亿,102.85,3.9442,39.18亿,39.07亿
1827,002300,太阳电缆,SZ,9.86,-0.60,5.44,14.36,5.23,67.51,-0.060,9.94,9.72,4.10,0.77,2964.56万,2.91亿,110.55,3.7415,71.22亿,71.22亿
1828,688314,康拓医疗,SH,45.55,3.08,8.81,7.12,6.45,67.51,1.360,45.77,44.08,2.91,1.35,236.21万,1.06亿,70.30,5.2179,37.00亿,37.00亿
1829,688056,莱伯泰科,SH,36.66,1.33,3.73,5.45,-0.19,67.51,0.480,36.85,35.83,1.43,0.91,96.64万,3505.56万,93.49,3.0399,24.73亿,24.73亿
1830,301230,泓博医药,SZ,42.64,-2.27,8.31,20.20,3.00,67.50,-0.990,44.75,42.50,8.21,1.29,1031.09万,4.47亿,62.58,5.7789,59.52亿,53.56亿
1831,601799,星宇股份,SH,137.96,4.75,13.85,5.80,11.19,67.49,6.250,140.30,131.03,2.91,2.25,830.62万,11.40亿,27.74,3.5631,394.12亿,394.12亿
1832,688123,聚辰股份,SH,130.65,-3.08,9.43,28.98,5.80,67.48,-4.150,133.90,129.30,7.22,0.67,1142.06万,14.95亿,167.60,8.0571,206.78亿,206.78亿
1833,300952,恒辉安防,SZ,37.25,4.34,15.13,19.54,11.19,67.47,1.550,38.08,35.35,7.58,1.68,804.16万,2.99亿,245.44,3.7895,64.29亿,39.53亿
1834,002281,光迅科技,SZ,180.72,10.00,23.36,28.54,25.26,67.46,16.430,180.72,158.64,10.54,1.21,8218.24万,137.62亿,151.90,14.0984,1457.82亿,1408.71亿
1835,603267,鸿远电子,SH,56.91,4.21,7.36,13.29,7.64,67.46,2.300,57.02,53.77,5.62,1.54,1298.96万,7.22亿,34.13,2.9108,131.51亿,131.51亿
1836,688069,德林海,SH,54.69,-2.62,26.15,26.53,40.23,67.45,-1.470,57.00,52.00,9.93,2.10,1122.17万,6.10亿,-216.61,4.7648,61.80亿,61.80亿
1837,600710,苏美达,SH,12.81,2.48,6.87,4.48,4.83,67.45,0.310,12.99,12.35,1.70,1.56,2221.20万,2.81亿,13.46,1.9544,167.39亿,167.39亿
1838,603969,银龙股份,SH,9.56,2.91,8.19,7.87,7.30,67.42,0.270,9.60,9.19,2.55,1.00,2163.30万,2.04亿,31.75,2.9426,83.32亿,81.22亿
1839,002425,凯撒文化,SZ,3.65,1.67,6.18,9.26,2.53,67.36,0.060,3.74,3.60,3.34,0.74,3077.77万,1.13亿,73.64,1.4082,34.92亿,33.59亿
1840,688333,铂力特,SH,93.40,1.25,6.60,13.01,6.65,67.34,1.150,94.48,90.44,4.34,1.15,1189.39万,11.01亿,381.83,5.1232,256.22亿,256.22亿
1841,300100,双林股份,SZ,31.32,2.69,12.63,7.28,9.86,67.33,0.820,32.21,30.20,3.59,2.17,1978.69万,6.23亿,53.02,5.4940,179.15亿,172.62亿
1842,002489,浙江永强,SZ,3.75,5.93,16.62,12.78,15.38,67.33,0.210,3.80,3.47,5.63,2.53,1.08亿,3.92亿,13.12,1.7700,81.34亿,71.74亿
1843,002396,星网锐捷,SZ,28.92,5.86,12.57,15.23,9.13,67.30,1.600,29.84,26.75,7.49,2.29,4366.34万,12.41亿,113.75,2.4130,169.38亿,168.68亿
1844,000426,兴业银锡,SZ,49.75,3.34,18.62,17.88,17.39,67.27,1.610,50.92,47.53,6.28,1.52,1.11亿,55.34亿,16.51,8.1602,883.38亿,883.16亿
1845,603331,百达精工,SH,15.43,6.19,14.06,19.39,9.59,67.27,0.900,15.87,14.32,10.70,2.69,2162.99万,3.32亿,1285.73,2.9943,31.20亿,31.20亿
1846,300516,久之洋,SZ,57.50,5.33,12.35,8.50,11.87,67.27,2.910,58.17,53.89,3.09,1.32,556.34万,3.14亿,-171.09,8.1010,103.50亿,103.50亿
1847,301199,迈赫股份,SZ,23.20,5.02,10.36,17.56,7.76,67.26,1.110,23.67,21.89,9.43,2.52,676.12万,1.56亿,56.99,2.2297,43.31亿,16.63亿
1848,300539,横河精密,SZ,31.31,3.16,8.67,14.15,7.26,67.26,0.960,31.51,30.00,6.08,1.50,1324.04万,4.11亿,209.96,7.0339,83.94亿,68.22亿
1849,002622,皓宸医疗,SZ,2.84,1.07,3.57,9.24,1.43,67.26,0.030,2.86,2.81,2.12,0.58,1780.18万,5054.03万,-71.51,8.9201,23.86亿,23.86亿
1850,605158,华达新材,SH,8.15,-9.85,15.11,13.72,1.75,67.24,-0.890,9.02,8.14,8.27,3.06,4230.81万,3.57亿,-36.11,1.7198,41.68亿,41.68亿
1851,600984,建设机械,SH,4.71,10.05,13.46,10.29,13.22,67.23,0.430,4.71,4.22,5.44,2.54,6837.09万,3.07亿,-5.30,3.3097,59.21亿,59.21亿
1852,000801,四川九洲,SZ,14.04,5.88,11.03,7.12,9.86,67.19,0.780,14.28,13.21,3.42,1.62,3477.56万,4.80亿,240.72,4.5806,142.69亿,142.64亿
1853,300699,光威复材,SZ,35.53,1.63,7.61,10.74,7.67,67.15,0.570,35.68,34.51,3.30,1.18,2709.71万,9.58亿,60.82,5.0888,295.38亿,291.85亿
1854,600592,龙溪股份,SH,20.61,3.57,9.85,8.90,7.96,67.14,0.710,20.96,19.63,4.90,2.64,1957.12万,4.01亿,-8487.75,3.1851,82.35亿,82.35亿
1855,301293,三博脑科,SZ,70.16,1.20,10.06,15.44,9.42,67.14,0.830,70.50,68.68,4.92,1.28,1013.40万,7.08亿,240.32,6.1302,144.52亿,144.52亿
1856,688210,统联精密,SH,46.98,2.62,7.01,6.84,4.59,67.12,1.200,47.50,44.53,2.88,1.45,466.68万,2.17亿,-95.45,5.9663,76.04亿,76.04亿
1857,688563,航材股份,SH,62.02,3.25,8.24,10.48,7.99,67.12,1.950,62.28,59.61,4.20,1.68,491.12万,3.01亿,57.99,2.6735,279.09亿,72.56亿
1858,300560,中富通,SZ,16.98,4.04,19.01,27.99,17.83,67.12,0.660,17.24,16.22,10.52,1.37,1966.46万,3.32亿,120.65,4.3897,39.01亿,31.75亿
1859,603028,赛福天,SH,9.63,10.06,12.44,11.85,10.94,67.11,0.880,9.63,8.67,7.52,3.16,2136.13万,1.98亿,-142.66,5.9522,27.64亿,27.37亿
1860,600536,中国软件,SH,43.45,10.00,13.90,8.89,15.01,67.11,3.950,43.45,39.30,4.11,2.20,3467.10万,14.62亿,-137.60,11.5415,405.73亿,366.57亿
1861,002896,中大力德,SZ,76.00,3.83,14.61,14.67,8.14,67.07,2.800,80.47,70.77,8.61,3.29,1692.85万,12.85亿,337.55,12.3967,149.36亿,149.36亿
1862,688270,ST臻镭,SH,135.61,0.86,6.01,19.24,4.01,67.07,1.160,138.00,131.69,8.38,1.20,1793.51万,24.14亿,183.34,12.6492,290.28亿,290.28亿
1863,301515,港通医疗,SZ,24.35,0.12,3.64,7.30,1.76,67.07,0.030,24.42,24.08,1.72,0.56,112.63万,2730.91万,-918.35,1.9874,24.35亿,15.97亿
1864,600391,航发科技,SH,42.57,10.00,15.03,15.58,14.47,67.06,3.870,42.57,38.22,8.69,2.20,2868.40万,11.81亿,-309.61,7.9201,140.54亿,140.54亿
1865,000680,山推股份,SZ,12.07,-3.44,6.80,6.11,1.34,67.05,-0.430,12.49,12.05,2.09,0.98,2746.42万,3.35亿,13.49,2.7970,181.07亿,158.68亿
1866,002298,中电鑫龙,SZ,11.09,-0.18,13.78,34.99,13.16,67.05,-0.020,11.26,10.88,17.38,3.16,1.15亿,12.73亿,47.78,4.3989,82.08亿,73.28亿
1867,300695,兆丰股份,SZ,70.76,5.94,18.39,7.98,17.02,67.01,3.970,71.81,66.76,3.31,1.95,338.56万,2.37亿,-109.32,2.5125,72.36亿,72.36亿
1868,603007,花王股份,SH,6.58,5.28,21.84,22.80,12.29,67.00,0.330,6.88,6.21,12.71,3.00,8833.05万,5.90亿,-239.14,24.8342,58.21亿,45.74亿
1869,301076,新瀚新材,SZ,41.30,1.42,14.81,20.48,12.47,67.00,0.580,42.15,40.02,8.51,2.23,934.45万,3.85亿,114.71,5.9978,72.23亿,45.35亿
1870,688787,海天瑞声,SH,143.95,-0.15,10.18,17.48,10.65,66.99,-0.220,145.86,141.88,4.65,0.98,280.27万,4.03亿,258.35,11.5660,86.84亿,86.84亿
1871,603536,惠发食品,SH,10.55,1.34,3.99,6.63,0.19,66.99,0.140,10.60,10.38,1.48,0.48,356.67万,3749.47万,912.07,7.3050,25.57亿,25.38亿
1872,603997,继峰股份,SH,13.17,-1.50,13.72,6.24,8.22,66.95,-0.200,13.57,13.17,2.15,1.41,2729.71万,3.62亿,31.82,3.0979,167.56亿,167.56亿
1873,002244,滨江集团,SZ,10.80,8.00,14.55,5.59,13.09,66.94,0.800,10.96,9.91,2.58,1.89,7122.26万,7.49亿,10.36,1.1096,336.04亿,297.82亿
1874,603662,柯力传感,SH,61.30,3.99,9.77,7.45,9.07,66.94,2.350,61.84,58.72,3.69,2.35,1035.53万,6.29亿,104.66,6.1709,172.15亿,172.15亿
1875,600358,国旅联合,SH,6.30,4.48,10.36,8.94,6.96,66.92,0.270,6.44,5.94,4.83,2.93,2436.93万,1.52亿,-125.62,65.6929,31.81亿,31.81亿
1876,002861,瀛通通讯,SZ,17.90,5.42,12.18,15.57,9.55,66.90,0.920,18.30,16.71,8.81,2.39,1322.95万,2.36亿,-30.79,3.2279,33.34亿,26.88亿
1877,688152,麒麟信安,SH,38.25,1.06,9.63,6.56,8.39,66.87,0.400,39.16,37.49,2.32,1.62,236.40万,9093.60万,-112.94,3.2195,38.98亿,38.98亿
1878,603045,福达合金,SH,62.14,10.00,24.89,9.36,33.12,66.87,5.650,62.14,62.14,1.23,0.29,166.75万,1.04亿,11.62,6.7178,84.17亿,84.17亿
1879,002827,高争民爆,SZ,33.21,6.00,13.58,8.02,9.97,66.86,1.880,33.90,31.15,4.21,2.66,1162.32万,3.84亿,242.89,8.5217,92.01亿,91.66亿
1880,300017,网宿科技,SZ,17.88,1.71,11.81,30.94,11.75,66.85,0.300,18.20,17.37,9.34,1.08,2.19亿,39.11亿,92.39,4.2278,446.23亿,418.65亿
1881,002467,二六三,SZ,7.06,-0.70,4.25,21.44,3.52,66.85,-0.050,7.14,6.99,5.79,0.87,7907.45万,5.59亿,-199.14,6.2114,97.10亿,96.50亿
1882,002703,浙江世宝,SZ,18.68,0.76,10.63,18.96,9.69,66.81,0.140,18.86,18.07,5.65,0.87,3309.67万,6.17亿,91.76,7.2618,153.67亿,109.47亿
1883,603373,安邦护卫,SH,43.95,10.01,11.96,14.29,11.41,66.80,4.000,43.95,39.77,9.13,4.00,414.90万,1.76亿,50.70,2.5256,47.26亿,19.97亿
1884,688223,晶科能源,SH,7.15,5.77,9.92,6.50,7.52,66.79,0.390,7.21,6.68,3.06,1.96,3.15亿,22.09亿,-13.60,2.9464,734.26亿,734.26亿
1885,600435,北方导航,SH,15.23,1.94,5.54,5.71,5.40,66.79,0.290,15.25,14.78,2.02,1.38,3053.87万,4.61亿,-366.21,7.9300,230.33亿,230.33亿
1886,688419,耐科装备,SH,43.33,-1.77,5.20,7.32,2.92,66.77,-0.780,44.14,42.55,1.62,0.76,185.53万,8036.64万,86.65,4.7170,49.64亿,49.64亿
1887,300101,振芯科技,SZ,21.58,1.31,9.34,12.18,10.16,66.76,0.280,21.64,20.87,3.38,0.77,1914.80万,4.08亿,-751.20,6.9538,122.55亿,122.14亿
1888,301596,瑞迪智驱,SZ,72.57,2.95,8.07,14.48,5.88,66.75,2.080,73.33,69.59,5.33,1.82,167.05万,1.21亿,69.05,6.2578,56.00亿,22.73亿
1889,000555,神州信息,SZ,14.71,0.55,6.78,8.70,7.29,66.72,0.080,14.77,14.41,2.35,0.75,2286.29万,3.34亿,-38.80,2.5237,143.54亿,143.37亿
1890,600088,中视传媒,SH,16.01,4.23,10.06,8.20,9.58,66.72,0.650,16.12,15.31,3.43,2.14,1362.23万,2.15亿,2351.90,5.0744,63.67亿,63.67亿
1891,301160,翔楼新材,SZ,62.46,0.76,6.71,9.74,4.31,66.70,0.470,63.33,61.05,3.23,1.05,239.02万,1.49亿,37.16,3.8068,70.93亿,46.18亿
1892,300858,科拓生物,SZ,18.83,5.20,8.52,28.15,5.49,66.69,0.930,19.08,17.73,12.97,1.41,2539.30万,4.71亿,82.96,2.6707,49.62亿,36.86亿
1893,301468,博盈特焊,SZ,60.65,-2.98,18.29,35.60,12.40,66.62,-1.860,61.90,60.06,7.83,0.77,587.34万,3.58亿,251.79,3.4197,78.91亿,45.49亿
1894,601026,道生天合,SH,18.93,5.34,10.07,16.84,7.74,66.62,0.960,19.35,17.89,9.97,2.30,1107.34万,2.08亿,100.94,4.7339,124.82亿,21.03亿
1895,002442,龙星科技,SZ,6.37,-0.78,6.25,12.89,2.08,66.52,-0.050,6.52,6.30,3.11,0.60,1532.99万,9803.42万,90.74,1.7441,32.06亿,31.38亿
1896,688556,高测股份,SH,14.98,3.81,13.39,17.74,12.04,66.51,0.550,15.17,14.16,6.64,1.43,5515.27万,8.12亿,-61.94,3.1960,124.45亿,124.45亿
1897,002544,普天科技,SZ,27.30,2.36,7.37,6.56,6.97,66.51,0.630,27.39,26.40,2.45,1.25,1665.61万,4.50亿,-280.29,4.9870,185.79亿,185.77亿
1898,600389,江山股份,SH,28.95,5.50,6.71,8.82,0.17,66.49,1.510,29.09,27.44,3.22,1.60,1387.64万,3.97亿,17.06,2.9829,124.67亿,124.67亿
1899,688165,埃夫特-U,SH,19.74,4.22,11.07,7.82,8.22,66.47,0.800,20.20,18.80,3.45,1.61,1800.89万,3.53亿,-263.13,8.5215,103.00亿,103.00亿
1900,300004,南风股份,SZ,13.65,0.15,5.03,8.79,0.96,66.46,0.020,13.74,13.39,2.30,0.80,1102.72万,1.50亿,-314.09,3.6972,65.52亿,65.52亿
1901,300486,东杰智能,SZ,23.69,3.59,4.32,8.54,2.29,66.43,0.820,23.80,22.80,3.33,1.54,1589.67万,3.73亿,318.18,6.6509,113.04亿,113.00亿
1902,002446,盛路通信,SZ,10.77,2.28,7.90,13.85,7.70,66.43,0.240,10.85,10.46,5.23,1.30,4434.56万,4.74亿,98.56,3.8734,98.59亿,91.31亿
1903,300969,恒帅股份,SZ,142.87,3.55,17.61,25.78,16.72,66.42,4.900,144.38,136.00,8.71,1.59,464.42万,6.56亿,101.95,9.2811,163.77亿,76.16亿
1904,000670,盈方微,SZ,8.06,-1.71,9.91,23.22,6.47,66.39,-0.140,8.09,7.91,6.47,1.17,5316.75万,4.27亿,-145.48,221.3240,68.08亿,66.24亿
1905,600577,精达股份,SH,13.70,0.96,5.22,7.69,5.14,66.39,0.130,13.71,13.23,2.77,1.13,5947.95万,8.05亿,53.92,4.8314,294.70亿,294.70亿
1906,002925,盈趣科技,SZ,21.24,0.81,10.31,7.36,10.57,66.39,0.170,21.29,20.70,1.59,0.78,1162.57万,2.46亿,43.94,3.1721,163.90亿,155.27亿
1907,301022,海泰科,SZ,30.80,0.36,5.10,13.22,4.73,66.38,0.110,30.80,30.06,4.14,0.85,278.20万,8460.98万,-142.68,2.1858,30.64亿,20.69亿
1908,300682,朗新科技,SZ,14.86,1.02,9.38,8.64,8.94,66.37,0.150,15.02,14.55,2.49,1.11,2569.92万,3.81亿,-80.57,2.3822,160.23亿,153.25亿
1909,300115,长盈精密,SZ,36.36,4.18,11.49,15.10,9.35,66.35,1.460,37.20,34.59,7.26,2.13,9853.45万,35.72亿,98.81,5.8259,494.98亿,493.52亿
1910,002426,胜利精密,SZ,4.03,0.75,9.41,15.30,8.33,66.34,0.030,4.10,3.95,5.02,1.26,1.71亿,6.89亿,-45.41,8.3527,137.13亿,137.12亿
1911,605286,同力天启,SH,42.26,1.08,4.40,4.74,3.88,66.31,0.450,42.55,41.00,1.66,1.10,278.80万,1.16亿,195.16,3.2883,71.00亿,71.00亿
1912,300349,金卡智能,SZ,14.20,5.11,9.63,10.79,8.56,66.30,0.690,14.33,13.33,5.50,2.48,2034.07万,2.83亿,49.84,1.3084,59.24亿,52.50亿
1913,603508,思维列控,SH,26.55,-0.11,3.67,5.58,1.49,66.30,-0.030,26.82,26.40,1.38,0.49,524.82万,1.39亿,15.76,2.4295,101.23亿,101.23亿
1914,688623,双元科技,SH,98.00,2.92,7.36,12.73,5.26,66.29,2.780,99.03,93.70,4.89,1.55,93.61万,9007.07万,77.83,2.7115,57.96亿,18.76亿
1915,600501,航天晨光,SH,24.92,4.36,5.84,8.10,5.55,66.28,1.040,24.98,23.60,4.04,2.20,1727.40万,4.23亿,-43.01,7.2933,106.61亿,106.61亿
1916,300603,立昂技术,SZ,10.92,0.46,7.16,22.51,7.06,66.27,0.050,10.99,10.65,5.36,0.79,2005.44万,2.17亿,-41.31,4.0241,50.76亿,40.83亿
1917,601689,拓普集团,SH,66.89,3.75,13.85,9.51,11.22,66.26,2.420,68.83,63.88,4.15,1.92,7210.31万,48.39亿,52.67,4.7276,1162.44亿,1162.44亿
1918,688550,瑞联新材,SH,42.72,0.26,7.97,6.24,7.47,66.23,0.110,43.17,42.03,1.81,1.11,314.45万,1.34亿,42.53,2.2223,74.27亿,74.27亿
1919,603977,国泰集团,SH,14.74,1.24,7.71,10.45,6.27,66.23,0.180,14.94,14.40,3.07,1.03,1904.42万,2.80亿,57.33,2.6477,91.57亿,91.57亿
1920,603341,龙旗科技,SH,39.44,5.20,10.54,15.33,7.14,66.22,1.950,40.63,37.00,8.12,2.13,2162.39万,8.49亿,334.41,2.8537,206.11亿,104.99亿
1921,605488,福莱新材,SH,36.78,2.62,11.93,12.19,10.82,66.22,0.940,37.26,35.50,4.71,1.81,1301.47万,4.76亿,147.37,4.9061,111.03亿,101.59亿
1922,301281,科源制药,SZ,40.44,-0.02,11.49,19.41,7.30,66.17,-0.010,41.14,39.60,4.46,0.78,316.69万,1.28亿,36.40,3.1453,43.79亿,28.69亿
1923,301066,万事利,SZ,16.31,5.29,11.86,12.63,9.32,66.11,0.820,16.73,15.35,6.19,1.77,1442.63万,2.33亿,64.25,2.9737,38.32亿,38.02亿
1924,301278,快可电子,SZ,41.78,2.75,8.74,20.00,7.35,66.10,1.120,42.48,40.12,9.92,1.97,509.70万,2.12亿,166.06,2.6321,37.48亿,21.48亿
1925,301591,肯特股份,SZ,42.89,2.76,8.32,16.17,7.52,66.10,1.150,43.21,41.41,5.70,1.33,193.44万,8235.39万,53.63,3.9228,36.08亿,14.56亿
1926,000738,航发控制,SZ,23.03,5.79,10.61,8.00,11.10,66.05,1.260,23.10,21.56,4.14,2.54,5443.03万,12.31亿,59.81,2.4047,302.89亿,302.89亿
1927,603370,华新精科,SH,44.12,2.65,5.96,6.43,5.60,66.04,1.140,44.18,42.68,2.74,1.14,95.79万,4193.45万,57.76,3.9208,77.19亿,15.44亿
1928,300345,华民股份,SZ,7.32,6.24,15.37,26.33,13.66,66.01,0.430,7.40,6.68,13.93,2.91,6680.08万,4.79亿,-17.53,10.5543,42.49亿,35.11亿
1929,688716,中研股份,SH,36.10,1.06,14.79,16.47,12.39,66.00,0.380,36.87,35.72,5.22,1.32,364.96万,1.33亿,-228.13,3.7251,43.93亿,25.24亿
1930,600071,凤凰光学,SH,20.39,1.49,4.43,4.54,4.99,65.99,0.300,20.41,19.77,1.61,1.04,452.97万,9128.47万,-805.39,11.2712,57.41亿,57.41亿
1931,688510,航亚科技,SH,37.31,6.84,12.86,10.83,12.11,65.97,2.390,37.58,34.30,4.82,1.84,1249.96万,4.53亿,120.82,7.8831,96.83亿,96.83亿
1932,603232,格尔软件,SH,19.81,1.43,6.76,11.08,6.22,65.96,0.280,20.08,19.52,3.87,1.24,895.91万,1.77亿,-40.60,3.5652,46.37亿,45.82亿
1933,600119,*ST长投,SH,6.44,4.38,9.76,9.34,4.72,65.95,0.270,6.44,6.13,2.53,0.52,925.88万,5847.90万,-217.06,31.6917,23.52亿,23.52亿
1934,002771,真视通,SZ,15.40,0.33,3.46,20.44,4.34,65.94,0.050,15.41,15.17,5.74,0.71,1001.78万,1.54亿,-61.00,5.4553,32.30亿,26.88亿
1935,301159,三维天地,SZ,42.38,1.92,10.12,15.03,9.11,65.94,0.800,42.83,41.50,5.58,1.09,295.67万,1.25亿,-53.37,5.0494,32.78亿,22.47亿
1936,000504,*ST生物,SZ,9.46,1.61,5.34,6.53,3.05,65.93,0.150,9.59,9.16,2.84,1.50,934.85万,8710.22万,70.31,11.2769,31.22亿,31.13亿
1937,000592,平潭发展,SZ,11.44,0.88,8.27,34.58,6.32,65.92,0.100,11.59,11.20,13.40,1.48,2.57亿,29.33亿,-3055.63,12.4715,221.00亿,219.09亿
1938,300170,汉得信息,SZ,23.43,-0.21,19.17,43.21,18.21,65.92,-0.050,24.02,23.18,13.16,1.49,1.29亿,30.31亿,153.61,4.2019,239.80亿,228.87亿
1939,688317,之江生物,SH,20.83,3.58,8.05,4.49,6.82,65.91,0.720,21.00,20.20,2.17,2.15,417.94万,8614.43万,-39.23,1.2120,40.03亿,40.03亿
1940,300433,蓝思科技,SZ,28.55,3.37,11.09,6.25,11.13,65.91,0.930,28.75,27.16,2.48,1.70,1.23亿,34.74亿,-251.85,2.7595,1507.08亿,1418.85亿
1941,603082,北自科技,SH,35.70,2.59,6.21,11.22,5.12,65.91,0.900,36.04,34.36,4.63,1.26,187.71万,6634.53万,76.17,3.4709,57.92亿,14.48亿
1942,002527,新时达,SZ,13.90,2.81,8.75,7.81,7.59,65.90,0.380,14.07,13.35,3.48,1.80,1838.47万,2.55亿,-306.70,7.4097,92.17亿,73.52亿
1943,300718,长盛轴承,SZ,79.01,6.65,20.19,16.03,12.04,65.90,4.930,84.22,73.19,8.92,3.43,1754.09万,13.82亿,96.68,13.0923,236.07亿,155.38亿
1944,301119,正强股份,SZ,43.35,0.63,8.56,5.97,5.99,65.90,0.270,43.88,42.56,1.90,1.10,159.53万,6909.33万,44.18,4.2239,45.08亿,36.46亿
1945,002506,协鑫集成,SZ,4.43,-0.67,6.15,17.97,4.73,65.89,-0.030,4.47,4.35,5.48,0.93,3.20亿,14.11亿,-34.68,27.5270,259.17亿,258.91亿
1946,001228,永泰运,SZ,31.14,0.71,4.99,8.50,2.87,65.89,0.220,31.16,30.42,1.94,0.76,154.89万,4777.58万,23.40,1.8738,32.34亿,24.87亿
1947,002315,焦点科技,SZ,32.84,1.51,10.35,13.98,7.88,65.87,0.490,33.72,32.45,6.25,1.90,1643.87万,5.43亿,34.57,5.1010,135.43亿,86.34亿
1948,600221,海航控股,SH,1.60,5.26,10.60,5.76,5.96,65.85,0.080,1.65,1.50,3.31,2.71,14.16亿,22.45亿,10.02,9.9429,691.45亿,685.53亿
1949,605277,新亚电子,SH,24.14,1.00,6.04,6.22,5.74,65.85,0.240,24.24,23.58,1.79,0.83,568.33万,1.36亿,43.96,4.4819,78.21亿,76.80亿
1950,301207,华兰疫苗,SZ,21.19,7.95,10.67,5.31,8.67,65.85,1.560,21.30,20.00,3.47,4.46,2081.34万,4.35亿,85.21,2.2181,127.36亿,127.28亿
1951,688516,奥特维,SH,88.61,1.78,13.55,16.08,8.46,65.84,1.550,91.00,85.27,4.36,0.95,1372.30万,12.10亿,82.08,7.6002,279.41亿,278.91亿
1952,600456,宝钛股份,SH,35.57,1.25,6.47,6.71,6.47,65.82,0.440,35.66,34.85,2.28,1.10,1091.64万,3.85亿,72.11,2.3467,169.95亿,169.95亿
1953,300755,华致酒行,SZ,15.15,9.70,14.93,6.05,10.91,65.78,1.340,15.55,13.74,4.19,3.97,1743.46万,2.57亿,29.76,2.2501,63.14亿,63.11亿
1954,300507,苏奥传感,SZ,8.82,7.17,12.01,9.35,8.09,65.78,0.590,9.08,8.16,6.25,3.77,4842.73万,4.20亿,135.52,3.2603,70.62亿,68.35亿
1955,002669,康达新材,SZ,14.35,5.21,8.24,14.40,6.53,65.77,0.710,14.56,13.51,8.20,2.15,2481.39万,3.52亿,158.56,1.5693,43.54亿,43.44亿
1956,603090,宏盛股份,SH,67.71,-0.70,9.90,16.69,5.55,65.77,-0.480,68.99,66.37,4.05,0.68,404.70万,2.74亿,98.21,10.3887,67.71亿,67.71亿
1957,300007,汉威科技,SZ,47.30,3.50,11.18,22.42,10.13,65.75,1.600,47.88,45.21,9.62,2.03,2722.30万,12.79亿,156.51,5.2421,154.88亿,133.83亿
1958,300598,诚迈科技,SZ,39.52,4.30,11.74,14.51,8.19,65.75,1.630,40.70,37.52,6.74,2.21,1462.02万,5.77亿,-62.81,6.0714,85.75亿,85.73亿
1959,688568,中科星图,SH,66.80,7.93,19.31,8.41,17.92,65.72,4.910,67.06,60.99,3.80,2.07,3074.53万,19.77亿,-90.68,14.8450,539.80亿,539.80亿
1960,688339,亿华通-U,SH,26.29,1.55,4.89,9.36,0.54,65.69,0.400,26.62,25.78,2.35,0.64,459.40万,1.21亿,-30.97,3.2810,63.24亿,51.47亿
1961,300674,宇信科技,SZ,20.68,2.12,6.32,5.30,6.21,65.66,0.430,20.86,20.17,2.14,1.49,1506.84万,3.11亿,79.81,3.1468,145.60亿,145.38亿
1962,002400,省广集团,SZ,9.59,-2.24,5.80,34.91,7.03,65.65,-0.220,9.88,9.58,8.04,0.91,1.39亿,13.47亿,273.03,3.3360,167.19亿,165.54亿
1963,603120,肯特催化,SH,43.16,3.38,13.57,23.26,10.33,65.65,1.410,44.61,41.22,10.68,2.66,404.67万,1.73亿,50.37,3.2750,39.02亿,16.36亿
1964,600284,浦东建设,SH,7.83,1.95,15.46,12.34,11.06,65.64,0.150,8.02,7.72,5.27,2.26,5117.45万,4.04亿,39.60,0.9527,75.97亿,75.97亿
1965,002664,信质集团,SZ,23.63,5.54,19.14,16.64,17.45,65.64,1.240,24.05,22.66,9.44,4.18,3800.43万,8.94亿,86.60,2.7058,96.46亿,95.13亿
1966,603109,神驰机电,SH,23.09,0.83,4.15,5.23,3.08,65.64,0.190,23.14,22.70,1.71,0.65,356.58万,8193.01万,51.92,2.4462,48.22亿,48.22亿
1967,301449,天溯计量,SZ,72.30,3.48,6.59,27.99,6.29,65.62,2.430,72.58,69.03,11.91,1.11,165.68万,1.18亿,311.37,4.0927,47.15亿,10.06亿
1968,601199,江南水务,SH,6.28,3.12,20.72,15.36,18.27,65.59,0.190,6.41,6.01,5.79,2.41,5418.97万,3.39亿,17.02,1.2491,58.73亿,58.73亿
1969,000826,*ST启环,SZ,2.08,5.05,11.22,11.97,6.12,65.57,0.100,2.08,2.00,5.33,1.06,7599.97万,1.56亿,-4.09,-1.1852,29.65亿,29.64亿
1970,688118,普元信息,SH,29.39,1.14,9.36,12.64,7.93,65.57,0.330,29.83,28.79,3.99,1.11,372.64万,1.09亿,-24.02,3.2468,27.43亿,27.43亿
1971,688316,青云科技-U,SH,77.41,-0.13,10.93,33.88,10.74,65.57,-0.100,78.97,75.00,8.54,0.96,409.22万,3.17亿,-67.56,69.7727,37.08亿,37.08亿
1972,301023,奕帆传动,SZ,44.33,3.45,7.71,16.57,6.79,65.57,1.480,44.73,42.40,8.52,2.57,371.11万,1.63亿,66.00,4.1832,34.65亿,19.30亿
1973,300749,顶固集创,SZ,25.62,0.16,11.03,20.13,5.48,65.57,0.040,26.68,25.02,8.78,1.49,1382.03万,3.58亿,-70.87,9.5455,52.56亿,40.32亿
1974,600215,派斯林,SH,7.14,2.15,4.68,8.62,4.39,65.55,0.150,7.23,6.91,2.67,0.83,1220.95万,8673.72万,-36.27,1.3301,32.62亿,32.62亿
1975,603878,武进不锈,SH,8.55,10.04,11.57,11.46,7.55,65.55,0.780,8.55,7.63,6.20,2.72,3477.48万,2.82亿,-68.33,1.8525,47.98亿,47.98亿
1976,000678,襄阳轴承,SZ,13.49,10.03,15.98,18.35,15.89,65.55,1.230,13.49,12.04,12.68,5.77,5826.51万,7.71亿,-81.59,7.9580,62.00亿,62.00亿
1977,001331,胜通能源,SZ,49.99,6.70,10.70,7.07,7.16,65.54,3.140,50.48,46.45,3.27,1.29,645.52万,3.14亿,-422.70,9.5939,141.09亿,98.54亿
1978,002030,达安基因,SZ,6.64,9.93,13.84,10.21,14.88,65.54,0.600,6.64,6.17,5.68,4.48,7976.63万,5.18亿,-23.74,1.3238,93.19亿,93.19亿
1979,002571,德力股份,SZ,11.81,2.61,5.43,7.72,3.42,65.53,0.300,11.92,11.46,2.78,1.30,828.24万,9694.32万,-64.05,5.8174,46.29亿,35.23亿
1980,300277,汽轮科技,SZ,18.75,-1.21,7.35,12.28,4.34,65.53,-0.230,19.28,18.32,3.70,1.02,2837.31万,5.31亿,83.75,2.8136,284.36亿,143.94亿
1981,300627,华测导航,SZ,33.61,2.16,6.09,6.73,6.06,65.51,0.710,33.66,32.47,2.17,1.05,1403.25万,4.67亿,52.73,6.0534,264.47亿,217.83亿
1982,601619,嘉泽新能,SH,6.07,0.50,8.87,9.88,7.62,65.51,0.030,6.14,5.90,3.64,1.20,8861.03万,5.35亿,33.65,2.2191,176.81亿,147.79亿
1983,002334,英威腾,SZ,8.32,4.65,9.62,12.80,6.67,65.50,0.370,8.60,7.88,7.67,3.42,5637.89万,4.64亿,-56.31,2.2390,68.45亿,61.15亿
1984,002166,莱茵生物,SZ,9.14,2.70,5.24,5.66,4.10,65.49,0.240,9.20,8.89,2.41,1.84,1778.94万,1.61亿,39.86,2.1756,67.78亿,67.51亿
1985,603169,兰石重装,SH,9.06,2.72,7.95,5.10,7.47,65.48,0.240,9.12,8.70,1.92,1.27,2504.87万,2.25亿,-74.64,4.4507,118.35亿,118.35亿
1986,688208,道通科技,SH,34.20,-0.73,5.23,5.30,0.97,65.48,-0.250,34.73,33.95,1.38,0.82,922.32万,3.16亿,29.44,6.5087,229.20亿,229.20亿
1987,300520,科大国创,SZ,38.27,0.98,7.02,19.59,9.66,65.47,0.370,38.38,37.60,6.00,1.18,1692.11万,6.44亿,-71.94,6.5309,111.76亿,108.01亿
1988,300477,ST合纵,SZ,2.80,0.72,9.06,22.38,1.45,65.47,0.020,2.82,2.72,4.76,0.55,4717.99万,1.31亿,-20.36,36.1981,30.02亿,27.75亿
1989,301398,星源卓镁,SZ,47.48,4.51,9.38,17.82,8.40,65.42,2.050,47.79,45.00,8.75,2.06,325.75万,1.53亿,-84.94,4.8249,53.18亿,17.67亿
1990,600765,中航重机,SH,16.59,2.92,4.26,4.60,4.01,65.40,0.470,16.68,16.07,2.16,1.71,3354.90万,5.52亿,40.76,1.7953,257.56亿,257.56亿
1991,601083,锦江航运,SH,12.50,1.87,3.47,15.21,3.22,65.37,0.230,12.57,12.21,5.32,1.04,1033.36万,1.29亿,12.06,1.6707,161.76亿,24.27亿
1992,000818,航锦科技,SZ,18.82,1.51,26.04,34.09,22.85,65.36,0.280,19.64,18.61,17.28,1.97,1.14亿,21.75亿,192.14,5.6839,124.21亿,123.88亿
1993,600862,中航高科,SH,21.23,3.46,6.30,5.28,6.15,65.35,0.710,21.28,20.35,2.18,1.39,3039.10万,6.36亿,29.46,3.7295,295.74亿,295.74亿
1994,301089,拓新药业,SZ,29.91,7.78,12.00,18.02,11.11,65.35,2.160,29.97,28.05,9.25,3.04,836.70万,2.44亿,-90.03,2.5662,37.85亿,27.06亿
1995,002692,远程股份,SZ,5.79,-1.19,5.35,10.62,3.21,65.34,-0.070,5.85,5.75,2.93,0.72,2101.01万,1.21亿,-28.26,3.6394,41.58亿,41.56亿
1996,300373,扬杰科技,SZ,76.64,-2.32,6.95,11.38,1.64,65.33,-1.820,77.99,74.88,3.82,1.08,2073.39万,15.85亿,27.05,4.3207,416.42亿,415.49亿
1997,002383,合众思壮,SZ,9.73,2.85,4.51,7.10,4.51,65.31,0.270,9.76,9.39,2.99,1.64,2210.61万,2.13亿,4255.02,4.7985,72.04亿,72.04亿
1998,300300,海峡创新,SZ,13.24,0.84,7.25,32.43,5.50,65.30,0.110,13.34,12.95,11.82,1.27,7882.16万,10.39亿,-196.09,33.1973,88.29亿,88.28亿
1999,601106,中国一重,SH,4.63,1.09,5.07,7.08,1.98,65.29,0.050,4.66,4.50,1.83,0.98,1.26亿,5.78亿,4088.07,6.1472,317.52亿,317.52亿
2000,600580,卧龙电驱,SH,41.06,3.87,11.62,11.82,8.48,65.29,1.530,42.42,39.14,6.46,3.05,1.01亿,41.40亿,58.10,5.8952,641.41亿,639.56亿
2001,002765,蓝黛科技,SZ,10.11,1.61,9.77,9.67,7.32,65.29,0.160,10.22,9.81,3.09,1.01,1838.55万,1.85亿,86.52,2.4774,65.93亿,60.24亿
2002,605178,时空科技,SH,68.76,1.25,9.88,11.63,-0.12,65.28,0.850,69.68,66.70,3.24,1.03,321.20万,2.20亿,-250.63,6.1715,68.13亿,68.13亿
2003,301080,百普赛斯,SZ,45.99,2.36,6.17,8.59,2.89,65.28,1.060,46.97,44.47,3.93,1.76,494.79万,2.26亿,41.55,2.8456,76.89亿,57.95亿
2004,600643,爱建集团,SH,4.96,3.55,6.85,5.44,2.90,65.27,0.170,5.10,4.77,2.48,1.55,3948.81万,1.96亿,250.22,0.8045,79.02亿,78.88亿
2005,002173,创新医疗,SZ,24.75,1.56,6.32,17.10,6.41,65.26,0.380,24.86,24.15,5.80,1.25,2441.60万,6.02亿,-108.57,6.3324,109.22亿,104.16亿
2006,688726,拉普拉斯,SH,68.89,-1.96,21.93,31.47,10.68,65.26,-1.380,70.20,67.67,8.47,0.90,1863.14万,12.82亿,57.97,6.6329,279.23亿,151.51亿
2007,002438,江苏神通,SZ,17.21,-0.69,8.87,7.01,6.76,65.22,-0.120,17.39,17.01,1.74,0.90,816.89万,1.40亿,25.54,2.2949,87.35亿,80.69亿
2008,300258,精锻科技,SZ,14.06,19.97,24.23,17.90,24.31,65.22,2.340,14.06,11.60,13.55,6.52,7722.94万,10.19亿,699.75,1.7484,82.26亿,80.13亿
2009,002471,中超控股,SZ,8.76,2.10,5.20,28.82,3.55,65.21,0.180,8.81,8.37,12.30,1.69,1.65亿,14.28亿,-632.96,6.6446,119.90亿,117.59亿
2010,300045,华力创通,SZ,23.62,1.72,5.72,13.85,5.64,65.20,0.400,23.66,22.97,5.08,1.30,2621.20万,6.13亿,-327.27,10.3178,156.52亿,121.95亿
2011,300506,ST名家汇,SZ,4.99,0.81,8.19,4.54,7.54,65.19,0.040,5.01,4.85,1.16,0.82,852.61万,4217.96万,-138.61,5.2056,71.14亿,36.66亿
2012,301636,泽润新能,SZ,65.01,1.83,7.39,33.50,6.07,65.18,1.170,65.63,62.47,10.61,0.94,169.28万,1.09亿,3713.63,3.9140,41.52亿,10.37亿
2013,002892,科力尔,SZ,10.93,3.11,6.45,6.21,5.20,65.16,0.330,11.05,10.53,2.61,1.73,1309.19万,1.42亿,-174.75,6.3964,81.38亿,54.76亿
2014,603212,赛伍技术,SH,14.39,0.84,4.74,11.02,5.04,65.15,0.120,14.42,14.10,3.24,0.73,1418.33万,2.03亿,-136.47,2.6333,62.95亿,62.95亿
2015,001279,强邦新材,SZ,32.15,4.79,8.70,11.10,5.55,65.15,1.470,33.15,30.55,7.08,2.76,283.03万,9023.00万,198.84,5.0512,51.44亿,12.86亿
2016,600173,卧龙新能,SH,7.50,3.16,3.98,4.84,3.02,65.14,0.230,7.50,7.23,2.07,1.61,1451.25万,1.08亿,110.16,1.4692,52.54亿,52.53亿
2017,000948,南天信息,SZ,15.47,1.58,8.28,7.22,6.76,65.14,0.240,15.60,15.22,2.15,1.24,837.35万,1.29亿,-63.30,2.2265,60.32亿,60.20亿
2018,002271,东方雨虹,SZ,16.22,-0.18,10.76,9.80,8.42,65.13,-0.030,16.66,16.05,2.38,0.74,4559.93万,7.42亿,24.10,1.8887,387.45亿,310.53亿
2019,300730,科创信息,SZ,13.57,1.50,4.31,11.54,0.89,65.12,0.200,13.78,13.34,3.73,1.27,771.23万,1.05亿,-64.54,20.5803,32.72亿,28.06亿
2020,688160,步科股份,SH,122.31,4.72,17.81,12.91,13.86,65.11,5.510,126.88,116.18,6.07,2.21,551.63万,6.74亿,208.62,8.4577,111.10亿,111.10亿
2021,603015,弘讯科技,SH,12.62,4.30,10.01,6.67,7.04,65.09,0.520,13.02,11.98,3.88,2.90,1569.37万,1.97亿,188.50,3.6666,51.01亿,51.01亿
2022,002474,榕基软件,SZ,8.34,10.03,12.75,13.73,13.16,65.08,0.760,8.34,7.60,6.70,1.79,3543.47万,2.88亿,-166.42,3.9345,51.89亿,44.10亿
2023,603712,七一二,SH,16.69,3.41,4.47,4.28,3.66,65.07,0.550,16.72,16.00,1.98,1.71,1528.47万,2.51亿,-49.40,3.3688,128.85亿,128.85亿
2024,688698,伟创电气,SH,74.24,1.73,12.08,10.58,8.79,65.06,1.260,75.84,72.21,4.28,1.80,916.33万,6.82亿,82.23,6.6372,158.89亿,158.89亿
2025,600082,ST海泰,SH,3.78,2.44,13.77,13.13,13.17,65.04,0.090,3.87,3.63,5.87,1.71,3725.49万,1.42亿,-45.13,1.4456,24.42亿,23.98亿
2026,002402,和而泰,SZ,33.44,1.24,5.05,16.08,5.62,65.03,0.410,33.50,32.39,5.44,0.93,4425.71万,14.69亿,45.48,4.4827,309.20亿,272.07亿
2027,688233,神工股份,SH,83.56,-0.16,16.29,20.09,17.23,65.03,-0.130,84.87,80.86,4.49,0.75,764.39万,6.32亿,140.15,7.4281,142.31亿,142.31亿
2028,000710,贝瑞基因,SZ,10.99,10.01,10.71,10.17,10.01,65.02,1.000,10.99,10.06,6.57,3.57,2165.55万,2.32亿,-49.21,2.6739,38.85亿,36.22亿
2029,002434,万里扬,SZ,7.76,4.02,10.70,5.76,9.30,65.01,0.300,7.87,7.40,2.77,1.97,3635.36万,2.80亿,35.41,1.7198,101.86亿,101.76亿
2030,002259,升达林业,SZ,5.84,9.98,13.10,21.92,7.75,64.97,0.530,5.84,5.24,9.75,1.31,7336.37万,4.16亿,14.28,9.5892,43.94亿,43.94亿
2031,000887,中鼎股份,SZ,18.56,2.20,6.72,6.13,6.67,64.97,0.400,18.81,17.99,2.42,1.29,3181.92万,5.90亿,18.97,1.6674,244.34亿,243.95亿
2032,300253,卫宁健康,SZ,9.54,2.80,16.32,21.22,10.42,64.96,0.260,10.13,9.35,10.94,2.72,1.98亿,19.23亿,374.18,3.8122,210.00亿,172.72亿
2033,301220,亚香股份,SZ,40.53,6.66,11.57,10.99,8.02,64.95,2.530,41.50,37.83,5.48,1.72,426.03万,1.70亿,72.42,2.6199,45.71亿,31.52亿
2034,600530,交大昂立,SH,5.95,9.98,11.05,6.88,9.58,64.94,0.540,5.95,5.35,3.62,2.37,2808.75万,1.60亿,-182.77,14.6691,46.11亿,46.11亿
2035,300250,初灵信息,SZ,21.29,0.09,12.57,22.56,8.35,64.94,0.020,22.18,21.07,8.97,1.34,1411.40万,3.04亿,-473.53,8.2373,45.51亿,33.52亿
2036,601086,国芳集团,SH,9.08,3.30,5.49,10.57,1.68,64.90,0.290,9.16,8.75,3.82,1.51,2545.61万,2.29亿,36.36,3.7107,60.47亿,60.47亿
2037,603011,合锻智能,SH,21.70,1.12,8.02,11.57,5.44,64.90,0.240,22.40,21.08,5.80,2.07,2868.09万,6.23亿,-93.51,5.7555,107.29亿,107.29亿
2038,300994,久祺股份,SZ,14.79,-0.54,8.58,14.26,6.63,64.89,-0.080,15.06,14.61,3.30,0.69,384.92万,5695.10万,50.50,2.7973,34.47亿,17.25亿
2039,600749,西藏旅游,SH,16.40,2.31,4.19,15.81,0.99,64.86,0.370,16.49,15.85,5.59,0.91,1268.65万,2.07亿,-46.53,3.5785,37.22亿,37.22亿
2040,301459,丰茂股份,SZ,38.93,3.43,5.78,14.72,5.67,64.86,1.290,39.12,37.60,8.00,2.67,208.70万,8029.66万,46.71,3.1822,40.53亿,10.16亿
2041,002599,盛通股份,SZ,7.24,5.54,6.42,11.29,5.69,64.83,0.380,7.25,6.84,6.38,2.57,2538.14万,1.79亿,-123.72,3.1238,38.57亿,28.81亿
2042,002698,博实股份,SZ,14.98,-1.19,18.23,11.25,17.21,64.83,-0.180,15.24,14.81,3.88,1.68,3260.52万,4.90亿,48.84,3.6253,153.18亿,125.87亿
2043,000561,烽火电子,SZ,9.90,2.48,4.52,4.35,4.10,64.82,0.240,9.94,9.57,1.92,1.44,1487.35万,1.46亿,-40.19,2.9436,85.54亿,76.85亿
2044,300680,隆盛科技,SZ,43.54,3.27,10.07,18.86,8.58,64.82,1.380,44.44,41.65,8.60,1.46,1512.85万,6.56亿,42.63,4.7770,99.15亿,76.56亿
2045,688759,必贝特-U,SH,33.88,1.74,7.92,21.68,6.51,64.82,0.580,34.16,32.98,5.45,0.53,290.76万,9769.77万,-72.28,9.3723,152.47亿,18.08亿
2046,600459,贵研铂业,SH,21.35,0.19,7.22,8.92,6.27,64.81,0.040,21.56,20.97,2.66,1.01,2017.73万,4.29亿,19.78,1.9286,175.77亿,162.20亿
2047,002355,兴民智通,SZ,6.68,1.21,9.50,22.21,11.33,64.81,0.080,6.72,6.49,5.64,1.11,3484.78万,2.32亿,-6.68,5.4562,44.65亿,41.29亿
2048,688122,西部超导,SH,67.84,-0.01,5.15,8.02,4.82,64.81,-0.010,68.08,66.66,2.13,0.64,1386.04万,9.35亿,251.35,6.1429,440.73亿,440.73亿
2049,688786,悦安新材,SH,32.83,2.31,6.76,6.98,5.73,64.81,0.740,33.06,31.59,2.26,0.85,324.78万,1.06亿,61.47,5.9376,47.21亿,47.21亿
2050,300624,万兴科技,SZ,70.82,-0.66,12.67,22.42,10.79,64.80,-0.470,73.00,70.70,7.60,1.17,1300.93万,9.33亿,-71.34,14.0204,136.92亿,121.27亿
2051,600316,洪都航空,SH,37.49,2.52,5.68,5.69,2.40,64.77,0.920,38.10,36.11,2.29,1.38,1644.10万,6.14亿,1162.16,4.9860,268.85亿,268.85亿
2052,002623,亚玛顿,SZ,22.12,1.98,5.14,7.61,4.39,64.74,0.430,22.21,21.38,2.38,0.89,472.35万,1.03亿,-28.40,1.6089,44.03亿,43.94亿
2053,301046,能辉科技,SZ,25.62,5.65,10.69,12.28,2.60,64.74,1.370,26.54,23.87,6.55,2.81,844.32万,2.14亿,-223.78,3.6859,43.20亿,33.00亿
2054,000936,华西股份,SZ,7.64,-0.13,7.24,14.01,6.41,64.72,-0.010,7.69,7.51,3.08,0.55,2724.88万,2.08亿,264.63,1.3259,67.69亿,67.68亿
2055,688582,芯动联科,SH,55.05,0.00,8.04,8.35,8.47,64.72,0.000,55.68,54.35,2.05,0.76,511.71万,2.82亿,2165.39,9.1374,221.16亿,137.75亿
2056,301137,哈焊华通,SZ,45.17,1.16,8.06,10.87,5.27,64.70,0.520,46.46,44.00,5.22,2.34,949.13万,4.28亿,302.34,5.9121,82.13亿,82.13亿
2057,601615,明阳智能,SH,16.66,4.52,8.08,12.41,5.18,64.67,0.720,16.86,15.75,5.71,1.37,1.29亿,21.00亿,381.98,1.4282,376.77亿,376.77亿
2058,600742,富维股份,SH,9.72,3.08,4.67,4.67,3.18,64.67,0.290,9.82,9.66,2.38,2.43,1769.13万,1.72亿,22.02,0.8468,72.23亿,72.23亿
2059,301357,北方长龙,SZ,111.19,1.31,4.17,6.90,3.29,64.62,1.440,111.50,108.00,2.55,1.36,242.54万,2.68亿,-212.49,9.2781,105.85亿,105.85亿
2060,688007,光峰科技,SH,15.80,2.00,6.85,5.07,6.18,64.62,0.310,15.85,15.30,1.32,0.82,608.24万,9512.84万,-48.70,3.0126,72.62亿,72.62亿
2061,603681,永冠新材,SH,19.59,5.32,10.19,13.65,7.93,64.61,0.990,19.93,18.40,6.22,1.51,1478.82万,2.88亿,43.48,1.3752,46.57亿,46.57亿
2062,688038,中科通达,SH,21.26,0.09,5.01,11.06,1.43,64.60,0.020,21.61,20.86,3.79,1.24,440.85万,9329.56万,-267.00,4.1765,24.74亿,24.74亿
2063,301361,众智科技,SZ,37.94,0.50,7.44,25.44,5.74,64.58,0.190,38.55,37.44,9.74,1.51,296.55万,1.12亿,53.22,3.5434,44.14亿,11.55亿
2064,000510,新金路,SZ,16.44,-1.14,21.29,32.24,16.27,64.58,-0.190,17.00,16.09,8.64,0.99,5243.30万,8.68亿,-52.47,10.3383,106.62亿,99.73亿
2065,300708,聚灿光电,SZ,9.25,0.33,4.29,12.75,4.52,64.58,0.030,9.28,9.05,3.76,0.98,2671.70万,2.45亿,73.37,3.0260,86.85亿,65.68亿
2066,603138,海量数据,SH,19.85,-1.73,20.81,18.84,9.01,64.56,-0.350,22.00,19.80,7.84,1.83,2260.09万,4.63亿,-34.91,7.2112,58.33亿,57.24亿
2067,301162,国能日新,SZ,66.88,-0.74,9.24,8.44,6.36,64.56,-0.500,68.91,66.16,2.72,0.92,232.09万,1.56亿,98.05,5.5177,88.67亿,57.00亿
2068,600594,益佰制药,SH,4.17,2.46,3.46,13.94,2.96,64.56,0.100,4.17,4.06,5.33,0.95,4219.22万,1.74亿,-27.96,1.5301,33.02亿,33.02亿
2069,300810,中科海讯,SZ,33.82,2.61,4.38,7.87,2.80,64.56,0.860,33.97,32.53,2.77,1.08,315.60万,1.06亿,-71.24,5.1813,39.92亿,38.56亿
2070,600595,中孚实业,SH,7.88,-1.25,5.30,5.52,1.94,64.55,-0.100,7.99,7.73,1.56,0.82,6233.64万,4.89亿,9.61,1.7609,315.82亿,315.82亿
2071,001373,翔腾新材,SZ,40.09,2.85,9.09,23.11,6.88,64.53,1.110,40.31,38.20,8.37,1.47,277.47万,1.10亿,-72.72,3.2638,27.54亿,13.28亿
2072,300879,大叶股份,SZ,24.87,2.98,5.61,6.19,2.60,64.50,0.720,25.03,24.04,2.40,1.35,481.70万,1.19亿,53.72,4.0747,50.34亿,50.00亿
2073,002085,万丰奥威,SZ,14.30,0.70,6.02,4.93,4.92,64.50,0.100,14.38,14.07,1.54,1.05,3275.75万,4.68亿,31.23,3.9753,303.63亿,303.63亿
2074,600841,动力新科,SH,8.66,-1.59,6.99,6.87,4.34,64.50,-0.140,8.78,8.55,1.72,0.65,1788.94万,1.54亿,83.00,1.8721,120.19亿,90.33亿
2075,300820,英杰电气,SZ,50.44,0.42,5.69,15.13,2.42,64.49,0.210,51.50,49.80,4.61,0.75,514.80万,2.60亿,77.13,4.3434,112.10亿,56.38亿
2076,300644,南京聚隆,SZ,29.63,1.75,6.12,12.65,5.41,64.49,0.510,29.76,28.62,3.81,0.72,337.35万,9902.48万,31.75,3.0306,32.79亿,26.25亿
2077,301117,佳缘科技,SZ,47.28,2.12,7.06,19.40,7.70,64.47,0.980,47.40,46.47,8.31,1.51,660.02万,3.10亿,-63.16,4.9287,61.07亿,37.56亿
2078,600976,健民集团,SH,32.44,0.62,4.80,4.53,2.37,64.47,0.200,32.72,32.15,1.19,0.89,182.45万,5927.11万,14.18,1.9095,49.76亿,49.73亿
2079,300139,晓程科技,SZ,59.61,-1.41,15.79,57.00,12.73,64.46,-0.850,61.20,59.01,14.54,1.06,3396.70万,20.32亿,90.93,13.7077,163.33亿,139.28亿
2080,600509,天富能源,SH,8.63,1.29,7.16,9.04,6.54,64.45,0.110,8.69,8.43,3.21,1.42,4407.95万,3.78亿,16.93,1.5261,118.61亿,118.61亿
2081,300446,航天智造,SZ,19.99,2.36,6.21,9.73,5.27,64.44,0.460,20.04,19.37,4.01,1.31,1499.52万,2.97亿,30.74,2.7933,169.00亿,74.67亿
2082,300414,中光防雷,SZ,14.94,2.82,4.79,10.21,5.14,64.43,0.410,14.94,14.33,4.64,1.72,1455.35万,2.14亿,148.79,4.8668,48.71亿,46.84亿
2083,301348,蓝箭电子,SZ,26.88,2.36,7.42,40.89,7.18,64.43,0.620,27.40,25.81,16.22,1.69,2515.81万,6.73亿,-200.72,4.3907,64.51亿,41.70亿
2084,300227,光韵达,SZ,11.73,-1.84,10.74,17.68,6.73,64.43,-0.220,11.88,11.52,4.54,0.96,1968.11万,2.31亿,-60.95,4.3780,69.91亿,50.80亿
2085,000065,北方国际,SZ,13.43,-3.03,9.93,13.31,5.00,64.42,-0.420,13.74,13.24,4.34,1.27,4227.78万,5.67亿,35.30,1.3935,155.98亿,130.94亿
2086,601908,京运通,SH,4.07,-0.73,5.60,8.72,3.56,64.42,-0.030,4.12,4.04,2.67,0.86,6441.60万,2.62亿,-16.40,1.3274,98.27亿,98.27亿
2087,002182,宝武镁业,SZ,16.66,0.85,6.95,8.16,6.18,64.41,0.140,16.83,16.32,2.40,0.96,2078.55万,3.45亿,811.70,3.1286,165.23亿,144.19亿
2088,003035,南网能源,SZ,7.89,2.07,9.32,6.46,6.62,64.40,0.160,8.14,7.69,2.46,1.03,9329.04万,7.37亿,87.30,4.2467,298.86亿,298.86亿
2089,301586,佳力奇,SZ,44.00,2.33,4.98,6.81,4.76,64.39,1.000,44.10,42.67,2.37,0.93,125.29万,5462.30万,243.41,2.8162,36.51亿,23.28亿
2090,300778,新城市,SZ,13.59,-0.44,8.12,13.47,4.14,64.39,-0.060,13.84,13.36,3.27,0.55,666.60万,9025.22万,-40.65,2.3033,27.68亿,27.67亿
2091,600877,电科芯片,SH,17.76,1.25,6.63,7.35,7.96,64.37,0.220,17.86,17.30,2.36,1.10,2794.91万,4.91亿,-4350.19,8.4000,210.29亿,210.29亿
2092,300421,力星股份,SZ,27.25,6.65,16.65,27.05,14.59,64.37,1.700,27.60,25.21,15.07,3.31,3470.40万,9.28亿,283.94,6.1996,80.12亿,62.76亿
2093,688292,浩瀚深度,SH,24.05,-0.70,8.95,8.00,7.08,64.37,-0.170,24.50,23.59,2.49,1.02,394.81万,9457.46万,-34.12,3.9084,38.08亿,38.08亿
2094,300887,谱尼测试,SZ,10.13,1.30,5.80,9.82,4.97,64.37,0.130,10.18,9.86,3.15,1.06,1142.19万,1.15亿,-19.89,2.0092,55.28亿,36.69亿
2095,300036,超图软件,SZ,15.74,2.54,6.09,8.46,5.28,64.35,0.390,15.89,15.33,2.93,1.05,1282.66万,2.01亿,-46.17,2.9399,77.56亿,69.02亿
2096,003001,中岩大地,SZ,19.33,8.29,15.31,21.40,13.37,64.35,1.480,19.57,17.76,12.21,3.34,1313.10万,2.49亿,127.39,2.8186,33.70亿,20.78亿
2097,301413,安培龙,SZ,120.29,7.13,23.39,33.58,19.47,64.35,8.010,123.60,109.99,14.75,2.22,866.73万,10.31亿,957.10,9.3188,118.37亿,70.67亿
2098,002075,沙钢股份,SZ,4.73,5.82,8.56,5.91,6.53,64.34,0.260,4.82,4.44,3.67,3.06,8054.58万,3.73亿,50.51,1.5674,103.77亿,103.77亿
2099,300611,美力科技,SZ,25.74,1.38,6.31,11.78,3.37,64.32,0.350,25.97,25.15,4.22,1.07,626.02万,1.61亿,78.42,4.2199,54.33亿,38.17亿
2100,603828,*ST利达,SH,5.54,4.92,19.62,4.28,15.66,64.32,0.260,5.54,5.27,2.14,1.91,1274.64万,7006.09万,270.92,6.4478,33.02亿,33.02亿
2101,300980,祥源新材,SZ,34.21,-1.53,8.94,19.43,3.01,64.31,-0.530,34.80,33.78,4.81,0.85,472.71万,1.62亿,68.19,3.3181,47.23亿,33.64亿
2102,300552,万集科技,SZ,28.35,1.94,6.81,12.74,6.74,64.29,0.540,28.51,27.57,4.74,1.28,640.32万,1.80亿,-57.95,3.4806,60.42亿,38.30亿
2103,002735,王子新材,SZ,15.12,1.89,5.81,11.31,4.64,64.29,0.280,15.31,14.71,5.18,1.83,1475.49万,2.23亿,140.68,3.6307,56.74亿,43.10亿
2104,300719,安达维尔,SZ,15.89,2.78,4.43,8.37,3.59,64.27,0.430,15.93,15.36,3.91,1.53,701.78万,1.10亿,-73.53,4.0011,40.40亿,28.54亿
2105,301269,华大九天,SZ,92.20,-0.36,4.86,5.33,3.81,64.26,-0.330,93.90,91.09,1.53,0.68,835.92万,7.73亿,-172.21,9.6664,502.89亿,502.89亿
2106,301088,戎美股份,SZ,15.76,7.50,9.22,5.01,6.85,64.26,1.100,15.96,14.67,3.39,4.01,637.21万,9812.14万,65.53,1.4209,35.92亿,29.63亿
2107,300751,迈为股份,SZ,269.51,1.98,15.32,21.44,12.82,64.26,5.230,272.52,257.06,6.40,0.96,1237.64万,32.95亿,159.51,9.3567,753.02亿,521.10亿
2108,300063,天龙集团,SZ,13.02,1.09,19.86,54.84,13.91,64.25,0.140,13.88,13.01,26.24,2.71,1.64亿,21.95亿,142.78,5.5876,98.76亿,81.57亿
2109,600490,鹏欣资源,SH,8.88,0.79,9.52,9.03,8.42,64.25,0.070,8.95,8.70,2.67,1.04,5326.31万,4.71亿,44.54,3.0874,196.50亿,176.94亿
2110,688153,唯捷创芯,SH,32.83,0.31,5.50,4.67,2.63,64.25,0.100,33.48,32.15,1.44,0.74,590.10万,1.92亿,-73.37,3.5523,141.27亿,134.35亿
2111,603668,天马科技,SH,13.60,-0.73,4.88,4.62,0.59,64.25,-0.100,13.77,13.43,1.31,0.80,665.10万,9018.09万,256.46,3.2436,68.79亿,68.79亿
2112,603809,豪能股份,SH,11.65,2.64,5.80,5.44,5.62,64.24,0.300,11.67,11.30,2.30,1.86,2115.70万,2.44亿,25.87,2.8422,107.21亿,107.21亿
2113,603166,福达股份,SH,14.60,2.96,8.13,4.72,6.88,64.22,0.420,14.69,14.06,1.96,1.92,1256.81万,1.82亿,31.38,3.6164,94.26亿,93.54亿
2114,000837,秦川机床,SZ,11.80,2.08,7.38,7.91,6.21,64.22,0.240,11.90,11.45,3.12,1.74,3147.53万,3.69亿,124.38,2.4511,120.73亿,118.87亿
2115,600469,风神股份,SH,6.63,1.84,5.16,5.25,3.76,64.22,0.120,6.68,6.46,1.79,0.88,1304.29万,8579.97万,28.98,1.2631,59.01亿,48.36亿
2116,000659,珠海中富,SZ,4.40,10.00,10.92,10.77,9.18,64.22,0.400,4.40,3.96,4.75,1.99,6102.09万,2.60亿,-262.25,61.5083,56.57亿,56.57亿
2117,300746,汉嘉数智,SZ,12.56,2.70,4.73,6.18,0.64,64.21,0.330,12.60,12.13,2.02,0.91,451.58万,5606.60万,88.58,3.4418,28.35亿,28.08亿
2118,002324,普利特,SZ,15.72,1.95,8.95,14.02,7.45,64.20,0.300,16.08,15.20,5.84,1.17,4535.96万,7.13亿,91.93,3.7284,174.86亿,122.03亿
2119,603993,洛阳钼业,SH,20.20,1.71,9.40,5.34,8.49,64.20,0.340,20.25,19.42,1.70,1.16,2.96亿,58.88亿,13.92,4.8631,4321.65亿,3527.09亿
2120,600992,贵绳股份,SH,12.51,10.03,10.96,12.42,9.74,64.18,1.140,12.51,11.41,5.51,1.48,1350.59万,1.63亿,-14.03,2.1451,30.66亿,30.66亿
2121,002782,可立克,SZ,20.69,0.29,7.09,5.69,7.15,64.16,0.060,20.87,20.27,1.63,0.63,790.75万,1.63亿,100.75,4.7915,102.61亿,100.66亿
2122,301052,果麦文化,SZ,33.88,-0.79,10.17,17.57,5.09,64.16,-0.270,35.47,33.84,6.37,1.27,511.05万,1.76亿,-101.87,4.8871,33.53亿,27.17亿
2123,300565,科信技术,SZ,13.04,-1.44,4.01,16.67,2.60,64.16,-0.190,13.18,12.97,4.91,0.97,1121.25万,1.46亿,-53.68,6.2446,32.56亿,29.76亿
2124,002632,道明光学,SZ,11.66,0.00,6.43,8.63,5.62,64.16,0.000,11.79,11.48,3.23,1.67,1857.74万,2.16亿,44.41,3.4343,72.83亿,66.98亿
2125,688501,青达环保,SH,25.22,3.19,9.81,7.23,3.53,64.15,0.780,26.62,24.32,3.91,2.35,485.43万,1.25亿,27.71,2.7245,31.33亿,31.33亿
2126,301135,瑞德智能,SZ,27.87,2.65,4.39,8.32,3.61,64.14,0.720,27.88,27.01,2.07,0.46,165.53万,4559.01万,-196.02,2.3136,28.41亿,22.24亿
2127,301581,黄山谷捷,SZ,49.56,1.98,5.75,4.93,5.60,64.13,0.960,49.74,48.25,1.66,1.37,81.35万,4012.97万,121.22,3.8961,39.65亿,24.22亿
2128,300469,信息发展,SZ,61.39,5.94,9.13,13.14,2.88,64.13,3.440,63.00,57.55,5.32,1.13,1320.68万,8.05亿,-121.35,65.1063,152.39亿,152.32亿
2129,301678,新恒汇,SZ,61.19,0.51,4.32,15.78,4.08,64.12,0.310,61.86,59.70,4.49,0.91,215.28万,1.31亿,370.43,7.6323,146.58亿,29.32亿
2130,300774,倍杰特,SZ,17.66,1.44,8.83,18.73,9.01,64.12,0.250,17.72,17.15,5.11,0.85,996.78万,1.74亿,-60.34,4.9586,72.19亿,34.42亿
2131,000975,山金国际,SZ,29.23,3.80,12.13,6.34,12.21,64.10,1.070,29.41,28.01,2.13,1.24,5378.87万,15.49亿,14.56,4.9982,811.64亿,738.77亿
2132,302132,中航成飞,SZ,69.98,2.73,4.29,5.01,4.31,64.10,1.860,70.11,68.12,2.35,2.16,1377.95万,9.54亿,242.55,8.7289,1869.93亿,410.13亿
2133,688031,星环科技-U,SH,153.60,2.12,19.77,26.66,16.36,64.09,3.190,160.00,147.77,11.37,2.03,1377.84万,21.14亿,-83.07,23.0703,186.06亿,186.06亿
2134,688429,时创能源,SH,14.56,0.69,5.01,7.76,2.82,64.07,0.100,14.65,14.26,2.37,0.92,284.51万,4112.67万,-13.71,4.5168,58.24亿,17.45亿
2135,300378,鼎捷数智,SZ,43.40,0.37,12.28,20.90,11.51,64.07,0.160,44.48,42.84,7.58,1.58,2042.39万,8.90亿,-366.68,5.0760,117.85亿,116.97亿
2136,300920,润阳科技,SZ,42.19,5.69,10.98,7.16,8.77,64.03,2.270,42.65,40.07,3.61,2.45,237.02万,9901.46万,334.69,3.5792,42.19亿,27.71亿
2137,003028,振邦智能,SZ,29.06,1.25,5.35,6.67,4.99,64.02,0.360,29.15,28.46,2.05,0.84,144.36万,4171.88万,184.50,2.4026,42.05亿,20.50亿
2138,601579,会稽山,SH,17.90,-0.94,3.92,4.82,0.28,64.01,-0.170,18.05,17.67,1.10,0.55,527.55万,9410.25万,17.89,2.2083,85.82亿,85.82亿
2139,688190,云路股份,SH,86.56,1.86,8.86,5.32,6.48,64.01,1.580,88.48,83.61,2.14,1.75,256.64万,2.22亿,41.94,3.8617,103.87亿,103.87亿
2140,300183,东软载波,SZ,13.63,1.41,4.53,8.37,4.69,64.00,0.190,13.68,13.09,2.68,1.06,995.83万,1.34亿,-69.79,2.0384,63.05亿,50.57亿
2141,688765,禾元生物-U,SH,58.02,3.98,6.23,13.03,5.36,64.00,2.220,58.22,55.53,4.77,0.72,220.86万,1.27亿,-143.86,7.2307,207.42亿,26.85亿
2142,002605,姚记科技,SZ,21.02,0.48,4.49,7.10,2.59,63.99,0.100,21.22,20.76,2.43,0.95,818.67万,1.72亿,15.70,2.2545,87.79亿,70.89亿
2143,605218,伟时电子,SH,18.35,0.71,14.50,11.65,7.75,63.99,0.130,18.90,17.70,5.17,2.19,1100.89万,2.02亿,-43.50,2.5120,44.56亿,39.05亿
2144,301518,长华化学,SZ,37.95,-1.12,7.41,12.96,3.38,63.99,-0.430,38.41,37.65,3.49,0.71,186.50万,7080.64万,109.37,3.3194,55.21亿,20.30亿
2145,301050,雷电微力,SZ,42.04,2.11,5.84,8.95,5.79,63.98,0.870,42.09,40.74,3.22,1.09,677.16万,2.81亿,-47.68,3.3948,103.93亿,88.50亿
2146,300690,双一科技,SZ,30.01,1.28,3.97,16.45,4.60,63.98,0.380,30.04,29.12,6.69,1.49,741.41万,2.20亿,58.37,3.0629,49.62亿,33.27亿
2147,600410,华胜天成,SH,23.09,-1.95,6.52,29.79,5.34,63.96,-0.460,23.79,23.08,9.09,0.82,9968.58万,23.18亿,-68.58,5.8757,253.18亿,253.18亿
2148,688306,均普智能,SH,10.09,4.78,11.96,4.27,8.73,63.96,0.460,10.38,9.55,2.06,2.38,2524.20万,2.54亿,-90.31,7.0840,123.93亿,123.93亿
2149,300449,汉邦高科,SZ,7.97,4.18,9.95,9.98,5.70,63.95,0.320,8.24,7.70,4.33,1.70,1672.75万,1.34亿,-103.74,11.0579,30.77亿,30.77亿
2150,688562,航天软件,SH,19.92,4.51,7.91,12.66,7.15,63.95,0.860,20.05,18.96,5.21,1.40,901.69万,1.78亿,-33.93,4.7800,79.68亿,34.47亿
2151,001269,欧晶科技,SZ,22.52,-0.40,6.26,5.82,4.45,63.95,-0.090,22.62,22.22,1.31,0.91,252.84万,5673.80万,-99.64,6.4294,43.33亿,43.33亿
2152,688213,思特威-W,SH,89.52,-1.95,7.13,10.73,1.83,63.94,-1.780,90.60,88.08,3.01,0.81,973.56万,8.68亿,38.03,6.5964,360.15亿,289.61亿
2153,000768,中航西飞,SZ,24.45,4.22,5.36,5.06,4.04,63.92,0.990,24.50,23.42,2.63,2.70,7294.63万,17.58亿,69.03,3.0174,679.86亿,678.83亿
2154,603358,华达科技,SH,34.92,3.62,10.82,8.82,11.49,63.91,1.220,35.39,33.05,3.14,1.12,1430.18万,4.91亿,-53.32,4.6266,164.03亿,158.95亿
2155,300402,宝色股份,SZ,19.24,1.85,4.68,4.77,4.62,63.91,0.350,19.26,18.65,1.87,1.51,455.89万,8683.94万,73.77,3.1276,47.48亿,46.87亿
2156,002992,宝明科技,SZ,52.40,-1.61,4.82,4.92,-0.08,63.91,-0.860,53.22,52.37,1.02,0.53,158.92万,8365.69万,-168.87,12.8756,94.78亿,81.87亿
2157,002044,美年健康,SZ,6.17,-0.48,11.97,26.88,13.63,63.91,-0.030,6.45,6.12,9.86,1.53,3.82亿,23.95亿,-23.67,3.0599,241.51亿,239.04亿
2158,002806,华锋股份,SZ,14.90,0.47,8.95,17.59,5.82,63.90,0.070,14.98,14.56,4.76,0.92,828.79万,1.23亿,-49.81,2.8380,31.66亿,25.94亿
2159,603949,雪龙集团,SH,18.49,1.87,3.87,5.96,3.82,63.89,0.340,18.50,18.00,2.26,1.39,474.99万,8698.93万,41.53,3.5260,38.97亿,38.87亿
2160,300415,伊之密,SZ,25.28,1.49,7.93,8.15,4.38,63.88,0.370,25.77,24.65,3.11,1.53,1411.16万,3.58亿,21.91,3.4907,118.45亿,114.54亿
2161,002196,方正电机,SZ,15.07,3.22,9.95,25.38,7.87,63.88,0.470,15.37,14.40,13.57,2.53,6625.66万,9.95亿,160.66,5.2406,74.73亿,73.60亿
2162,300735,光弘科技,SZ,21.68,0.60,3.89,4.88,4.18,63.87,0.130,21.79,21.20,1.30,0.61,985.83万,2.13亿,244.07,3.3509,166.39亿,164.21亿
2163,301221,光庭信息,SZ,50.00,1.69,4.20,8.49,4.52,63.86,0.830,50.02,48.63,2.81,0.94,176.49万,8758.23万,-329.79,2.2728,46.31亿,31.36亿
2164,002985,北摩高科,SZ,36.68,0.38,3.76,9.11,2.95,63.85,0.140,36.96,35.62,3.75,1.39,1240.07万,4.49亿,45.26,4.4841,121.72亿,121.39亿
2165,600397,江钨装备,SH,15.36,2.26,13.45,16.02,7.04,63.85,0.340,16.03,14.78,6.87,1.45,6803.19万,10.55亿,2851.64,78.7621,152.06亿,152.06亿
2166,605288,凯迪股份,SH,87.20,1.40,9.95,5.89,5.06,63.85,1.200,89.89,85.05,2.44,1.23,170.97万,1.50亿,-179.34,2.7525,61.63亿,61.21亿
2167,688599,天合光能,SH,17.80,-0.45,4.90,7.07,2.53,63.84,-0.080,18.06,17.54,1.90,0.73,4445.47万,7.91亿,-36.83,2.0433,416.98亿,416.98亿
2168,600108,亚盛集团,SH,4.42,1.38,4.61,10.44,1.84,63.81,0.060,4.49,4.33,3.64,1.07,7096.27万,3.15亿,102.25,1.9850,86.05亿,86.05亿
2169,300217,东方电热,SZ,5.32,0.95,3.71,7.03,3.91,63.79,0.050,5.34,5.22,2.40,0.96,2946.44万,1.56亿,68.78,1.8514,78.63亿,65.27亿
2170,600468,百利电气,SH,7.75,-1.27,4.17,8.37,4.17,63.78,-0.100,7.81,7.66,2.60,0.99,2832.09万,2.19亿,82.54,4.1346,84.30亿,84.30亿
2171,300316,晶盛机电,SZ,45.98,-0.28,10.18,8.54,7.88,63.76,-0.130,46.42,45.12,2.33,0.81,2867.95万,13.13亿,146.79,3.4964,602.12亿,566.27亿
2172,001319,铭科精技,SZ,25.02,3.05,5.15,9.66,4.77,63.75,0.740,25.08,23.96,3.97,1.41,325.37万,8045.96万,38.13,2.5102,35.38亿,20.52亿
2173,000691,*ST亚太,SZ,8.02,1.01,7.58,5.77,4.84,63.73,0.080,8.09,7.84,1.80,0.96,582.30万,4648.00万,270.30,8.5511,38.89亿,25.93亿
2174,003033,征和工业,SZ,58.10,2.98,4.99,5.98,3.20,63.73,1.680,58.55,55.81,2.40,1.38,193.84万,1.12亿,36.08,3.4205,47.50亿,46.91亿
2175,300272,开能健康,SZ,7.57,0.53,3.87,9.05,1.07,63.72,0.040,7.66,7.48,3.04,0.78,1411.89万,1.07亿,216.57,3.6613,46.29亿,35.16亿
2176,601020,华钰矿业,SH,30.35,1.40,7.99,14.50,5.90,63.72,0.420,30.70,29.47,4.48,0.94,3670.10万,11.05亿,203.60,5.7873,248.86亿,248.86亿
2177,300581,晨曦航空,SZ,13.50,4.65,8.00,7.72,6.97,63.72,0.600,13.56,12.86,3.99,2.22,2197.62万,2.93亿,-174.15,8.1111,74.26亿,74.26亿
2178,600990,四创电子,SH,23.60,2.52,3.63,4.93,2.08,63.71,0.580,23.70,22.86,2.00,1.34,537.38万,1.26亿,-27.90,4.1348,63.97亿,63.49亿
2179,688750,金天钛业,SH,19.52,3.28,4.39,5.82,4.50,63.70,0.620,19.52,19.03,2.72,2.07,633.20万,1.22亿,233.39,3.6490,90.28亿,45.47亿
2180,600523,贵航股份,SH,13.98,2.95,3.50,4.69,2.04,63.67,0.400,14.00,13.52,1.74,1.61,704.44万,9721.12万,33.49,1.7386,56.52亿,56.49亿
2181,300634,彩讯股份,SZ,24.69,0.00,10.36,12.83,9.30,63.65,0.000,25.26,24.60,3.62,0.73,1573.77万,3.91亿,110.02,3.6551,111.40亿,107.22亿
2182,002356,赫美集团,SZ,3.50,0.86,12.12,15.67,6.06,63.63,0.030,3.53,3.38,5.16,1.35,6767.62万,2.34亿,-152.97,7.6569,45.89亿,45.89亿
2183,600376,首开股份,SH,4.77,1.71,9.49,6.84,5.30,63.63,0.080,4.88,4.67,2.92,1.51,7522.19万,3.60亿,-4.07,5.2264,123.05亿,123.05亿
2184,000158,常山北明,SZ,17.93,0.90,5.41,6.57,4.24,63.63,0.160,18.20,17.46,2.17,1.00,3450.68万,6.19亿,-70.54,5.4061,286.63亿,284.71亿
2185,603863,松炀资源,SH,19.99,1.06,12.93,14.42,10.44,63.63,0.210,20.58,19.59,4.69,1.24,960.61万,1.95亿,-200.91,16.8932,40.91亿,40.91亿
2186,601069,西部黄金,SH,35.58,4.10,11.41,10.05,9.17,63.62,1.400,35.93,33.85,3.97,1.79,3520.17万,12.40亿,15.51,6.1661,324.13亿,315.66亿
2187,688776,国光电气,SH,83.83,1.58,4.94,6.07,3.54,63.62,1.300,84.96,81.25,2.15,1.09,232.59万,1.94亿,-56.61,5.3214,90.86亿,90.86亿
2188,300231,银信科技,SZ,11.29,-0.27,7.10,12.88,6.81,63.60,-0.030,11.47,11.16,3.61,0.94,1602.13万,1.81亿,98.05,3.0475,50.16亿,50.16亿
2189,688576,西山科技,SH,75.33,-0.49,8.88,11.34,6.56,63.58,-0.370,76.95,74.30,2.96,1.10,64.46万,4862.19万,117.53,1.9740,34.28亿,16.42亿
2190,603636,南威软件,SH,11.11,10.00,23.66,10.30,24.00,63.57,1.010,11.11,11.11,2.72,1.13,1579.37万,1.75亿,-32.36,3.4847,64.48亿,64.48亿
2191,688085,三友医疗,SH,19.34,5.51,12.49,7.98,9.33,63.57,1.010,19.89,18.29,3.26,1.86,1040.62万,2.00亿,228.50,3.0418,64.49亿,61.64亿
2192,002357,富临运业,SZ,12.36,5.55,9.39,13.73,5.46,63.56,0.650,12.56,11.62,5.59,1.36,1753.15万,2.15亿,14.78,2.1893,38.75亿,38.75亿
2193,603163,圣晖集成,SH,102.85,-0.99,6.12,8.57,4.95,63.55,-1.030,104.97,101.00,2.07,0.85,206.73万,2.13亿,66.45,8.6051,102.85亿,102.85亿
2194,603231,索宝蛋白,SH,18.16,5.64,7.43,10.70,6.26,63.55,0.970,18.27,17.20,5.26,1.78,558.96万,9954.92万,27.35,1.7169,34.77亿,19.30亿
2195,600115,中国东航,SH,4.61,1.77,8.80,5.23,6.71,63.55,0.080,4.69,4.45,1.90,1.51,3.23亿,14.89亿,15.59,7.2211,1018.24亿,784.85亿
2196,603667,五洲新春,SH,78.17,10.01,17.72,22.57,17.76,63.54,7.110,78.17,71.30,10.42,2.05,3814.99万,28.87亿,243.11,7.5052,299.51亿,286.26亿
2197,002401,中远海科,SZ,15.31,4.58,10.78,7.24,7.89,63.54,0.670,15.72,14.53,3.94,2.92,1464.91万,2.23亿,194.88,3.4254,56.90亿,56.85亿
2198,300688,创业黑马,SZ,28.04,0.25,8.23,16.38,7.89,63.53,0.070,28.04,27.14,5.88,1.06,872.04万,2.40亿,-262.14,12.8021,46.93亿,41.61亿
2199,301231,荣信文化,SZ,31.47,-0.41,11.93,22.66,4.90,63.53,-0.130,33.58,31.46,9.95,1.63,651.22万,2.09亿,-55.73,3.2700,26.56亿,20.59亿
2200,603982,泉峰汽车,SH,7.92,4.62,7.37,8.90,4.21,63.53,0.350,8.08,7.56,4.58,1.65,1556.70万,1.23亿,-6.83,1.3631,28.92亿,26.89亿
2201,301225,恒勃股份,SZ,118.99,5.57,20.20,29.47,14.83,63.52,6.280,122.98,111.12,12.73,1.75,380.35万,4.50亿,115.63,7.6776,123.01亿,35.56亿
2202,300389,艾比森,SZ,16.60,0.00,3.67,17.48,1.41,63.52,0.000,16.67,16.27,5.13,0.83,1124.84万,1.85亿,39.00,3.6471,61.27亿,36.43亿
2203,601606,长城军工,SH,39.07,0.72,5.10,6.45,3.85,63.51,0.280,39.38,38.00,2.42,1.49,1754.74万,6.83亿,-127.06,12.9667,282.96亿,282.96亿
2204,301613,新铝时代,SZ,49.80,5.13,6.99,9.19,6.12,63.51,2.430,50.12,46.98,4.79,2.81,402.08万,1.96亿,31.01,4.2363,71.63亿,41.78亿
2205,002449,国星光电,SZ,8.19,-0.49,5.04,6.93,3.28,63.48,-0.040,8.20,8.09,1.67,0.78,1034.15万,8434.26万,-37.72,1.3482,50.65亿,50.65亿
2206,688111,金山办公,SH,271.26,-1.07,11.38,8.89,7.67,63.48,-2.930,282.18,271.00,3.13,1.44,1448.68万,40.05亿,14.31,8.3078,1256.94亿,1256.94亿
2207,600212,绿能慧充,SH,7.21,-1.77,5.95,9.14,2.12,63.47,-0.130,7.34,7.17,2.37,0.66,1260.27万,9108.73万,-59.04,8.7984,50.77亿,38.30亿
2208,601669,中国电建,SH,5.85,-1.85,7.87,8.56,4.65,63.47,-0.110,5.98,5.82,2.96,1.50,3.87亿,22.73亿,12.91,0.6847,1007.73亿,764.68亿
2209,688458,美芯晟,SH,38.90,2.10,5.37,10.11,5.53,63.47,0.800,39.00,37.58,2.89,0.88,245.61万,9422.73万,-201.11,2.3829,43.39亿,33.09亿
2210,603334,丰倍生物,SH,50.76,5.90,7.81,22.43,4.55,63.46,2.830,50.78,47.48,8.27,1.45,263.28万,1.30亿,44.55,4.1880,72.84亿,16.15亿
2211,603859,能科科技,SH,42.23,1.05,9.92,9.87,7.73,63.46,0.440,43.39,41.70,3.26,1.30,797.50万,3.39亿,52.64,3.2668,103.34亿,103.34亿
2212,688613,奥精医疗,SH,21.08,-0.80,5.68,7.54,2.33,63.46,-0.170,21.56,20.95,1.86,0.70,254.19万,5384.00万,511.73,2.0118,28.88亿,28.88亿
2213,603728,鸣志电器,SH,63.48,3.49,8.85,6.73,6.96,63.44,2.140,64.59,61.00,3.34,2.31,1398.93万,8.87亿,481.12,8.9424,265.91亿,265.91亿
2214,603611,XD诺力股,SH,20.07,0.20,4.88,6.60,4.61,63.44,0.040,20.16,19.61,2.48,1.15,638.13万,1.27亿,17.31,1.7087,51.70亿,51.70亿
2215,300465,高伟达,SZ,15.25,3.88,13.43,11.20,7.24,63.43,0.570,16.15,14.52,6.59,3.23,2924.99万,4.49亿,-119.13,10.1255,67.67亿,67.67亿
2216,301539,宏鑫科技,SZ,19.21,1.53,4.09,7.01,3.45,63.41,0.290,19.21,18.75,2.05,0.70,154.02万,2924.44万,-48.32,3.6847,28.43亿,14.42亿
2217,300286,安科瑞,SZ,25.14,-0.67,4.38,8.10,3.97,63.41,-0.170,25.32,24.75,2.52,0.94,524.08万,1.31亿,31.35,2.7364,63.05亿,52.23亿
2218,603013,亚普股份,SH,21.33,1.43,6.22,4.89,4.51,63.40,0.300,21.63,20.81,1.31,0.74,663.82万,1.42亿,16.74,2.3395,108.40亿,108.40亿
2219,002845,同兴达,SZ,14.66,-0.48,8.27,13.67,7.24,63.40,-0.070,14.73,14.44,2.89,0.64,724.30万,1.06亿,-28.19,1.9639,48.02亿,36.68亿
2220,301058,中粮科工,SZ,10.19,4.30,5.85,4.84,4.62,63.40,0.420,10.30,9.74,2.88,2.69,1475.45万,1.48亿,35.12,2.2305,52.20亿,52.20亿
2221,000591,太阳能,SZ,5.29,0.57,8.42,7.40,6.01,63.40,0.030,5.43,5.22,2.51,1.04,9832.04万,5.23亿,28.31,0.8645,207.67亿,207.61亿
2222,002026,山东威达,SZ,13.50,1.81,5.06,5.50,5.06,63.38,0.240,13.54,13.17,2.31,1.63,1018.36万,1.37亿,23.19,1.5393,59.47亿,59.47亿
2223,603678,火炬电子,SH,33.48,1.86,5.17,6.94,2.98,63.38,0.610,33.59,32.30,2.63,0.85,1250.54万,4.12亿,100.36,2.5874,159.22亿,159.22亿
2224,688083,中望软件,SH,58.78,1.92,8.62,8.15,3.65,63.36,1.110,60.57,57.67,2.98,1.29,506.05万,3.00亿,-65.08,3.7753,99.72亿,99.72亿
2225,300775,三角防务,SZ,31.26,1.99,7.28,14.47,4.83,63.35,0.610,31.68,30.04,4.92,0.78,2614.02万,8.09亿,398.52,2.9063,171.16亿,166.19亿
2226,002927,泰永长征,SZ,19.20,4.29,6.63,10.90,5.26,63.35,0.790,19.35,18.20,4.77,1.64,1052.50万,1.99亿,100.00,4.2555,42.85亿,42.38亿
2227,002888,惠威科技,SZ,20.42,1.69,8.60,12.82,7.02,63.35,0.340,20.73,19.80,3.64,0.91,272.98万,5552.25万,-327.46,7.9201,30.15亿,15.30亿
2228,603187,海容冷链,SH,14.88,0.68,7.65,7.22,6.44,63.35,0.100,14.97,14.67,1.57,0.66,601.84万,8942.30万,13.75,1.3352,57.50亿,56.90亿
2229,002590,万安科技,SZ,12.59,1.78,5.63,4.93,5.89,63.31,0.220,12.62,12.25,1.66,0.68,820.51万,1.03亿,53.11,2.1196,65.35亿,62.32亿
2230,600711,盛屯矿业,SH,14.66,0.62,9.45,12.66,6.54,63.30,0.090,14.80,14.11,4.41,1.27,1.36亿,19.64亿,11.10,2.5923,453.08亿,453.08亿
2231,002177,御银股份,SZ,7.76,1.17,4.55,21.61,3.88,63.28,0.090,7.82,7.59,7.54,1.32,5091.17万,3.94亿,148.06,3.4430,59.07亿,52.37亿
2232,300605,恒锋信息,SZ,13.64,1.19,3.95,15.71,3.57,63.26,0.160,13.72,13.41,3.36,0.43,424.73万,5772.70万,-40.81,5.1598,22.53亿,17.24亿
2233,600399,抚顺特钢,SH,5.75,2.86,4.94,7.02,5.12,63.26,0.160,5.78,5.56,3.01,1.60,5941.28万,3.38亿,-19.36,2.1126,113.40亿,113.40亿
2234,002830,名雕股份,SZ,23.74,0.94,9.97,22.73,6.60,63.23,0.220,24.50,23.40,8.04,1.27,537.67万,1.28亿,234.97,4.6307,31.65亿,15.87亿
2235,002195,岩山科技,SZ,9.10,-0.44,6.85,11.99,5.69,63.23,-0.040,9.21,9.01,4.02,1.21,2.26亿,20.55亿,612.39,5.2086,516.02亿,511.41亿
2236,600444,国机通用,SH,17.50,2.76,3.41,7.40,1.10,63.23,0.470,17.53,16.94,2.28,0.72,334.19万,5780.76万,67.78,3.3579,25.62亿,25.62亿
2237,002657,中科金财,SZ,21.89,1.86,6.99,8.76,5.49,63.22,0.400,22.26,21.35,3.12,0.94,1047.42万,2.30亿,-54.00,4.3713,74.44亿,73.58亿
2238,603665,康隆达,SH,30.76,5.16,11.23,8.06,8.31,63.22,1.510,31.31,28.90,3.54,1.57,567.49万,1.74亿,77.52,7.4674,49.56亿,49.27亿
2239,002928,华夏航空,SZ,8.39,1.33,9.09,9.90,5.93,63.21,0.110,8.55,8.06,3.10,1.26,3958.59万,3.30亿,20.00,2.6947,107.24亿,107.24亿
2240,300102,乾照光电,SZ,33.07,5.93,10.89,27.26,0.92,63.20,1.850,33.44,30.80,9.72,1.49,8898.20万,28.93亿,256.70,7.0706,304.35亿,302.90亿
2241,300638,广和通,SZ,23.51,0.43,4.81,10.17,4.72,63.19,0.100,23.53,23.11,2.98,1.01,1579.45万,3.70亿,546.80,3.3843,211.42亿,124.71亿
2242,603236,移远通信,SH,75.72,1.79,5.49,7.24,4.73,63.17,1.330,75.97,73.60,2.47,1.05,647.25万,4.86亿,38.55,3.1154,217.94亿,198.13亿
2243,300521,爱司凯,SZ,29.84,1.26,4.95,7.84,3.25,63.16,0.370,30.09,29.08,2.28,0.96,337.48万,9962.19万,-218.14,8.3814,44.68亿,44.12亿
2244,301180,万祥科技,SZ,19.09,0.53,6.93,8.74,7.61,63.14,0.100,19.25,18.52,2.71,0.87,444.69万,8433.20万,-1853.13,5.8346,76.36亿,31.33亿
2245,600967,内蒙一机,SH,14.54,2.97,4.75,4.27,3.12,63.13,0.420,14.74,14.09,1.90,1.84,3233.94万,4.68亿,44.73,2.0711,247.44亿,247.44亿
2246,301008,宏昌科技,SZ,32.72,4.27,9.88,23.09,3.25,63.13,1.340,32.80,31.08,7.50,1.33,869.31万,2.80亿,745.92,2.8393,42.85亿,37.90亿
2247,688597,煜邦电力,SH,8.65,2.25,4.31,7.99,3.47,63.12,0.190,8.65,8.34,3.03,1.14,1017.03万,8653.43万,-32.38,3.6518,29.07亿,29.07亿
2248,600637,东方明珠,SH,10.62,0.57,7.21,7.25,6.41,63.12,0.060,10.72,10.50,2.29,0.78,7698.95万,8.16亿,144.80,1.1924,357.03亿,357.03亿
2249,002278,神开股份,SZ,10.74,1.13,3.75,10.07,3.37,63.12,0.120,10.74,10.52,3.66,1.00,1218.51万,1.30亿,-479.85,2.9535,41.74亿,35.74亿
2250,300787,海能实业,SZ,11.16,0.27,4.77,9.00,2.29,63.12,0.030,11.20,10.98,2.14,0.63,420.86万,4666.14万,-90.29,2.2710,34.98亿,21.93亿
2251,600261,阳光照明,SH,3.71,-1.59,10.67,9.86,4.21,63.09,-0.060,3.86,3.67,2.19,0.63,2920.96万,1.08亿,171.00,1.4017,49.53亿,49.53亿
2252,300985,致远新能,SZ,23.18,2.11,4.43,4.46,0.56,63.09,0.480,23.39,22.47,1.46,0.94,271.83万,6255.06万,96.08,4.8909,43.23亿,43.23亿
2253,300904,威力传动,SZ,62.37,1.33,7.68,16.81,6.25,63.09,0.820,63.40,60.45,5.16,1.11,112.62万,6961.96万,-45.31,7.7266,45.15亿,13.61亿
2254,600843,上工申贝,SH,9.04,1.35,4.70,6.61,3.67,63.08,0.120,9.08,8.85,1.97,0.94,924.28万,8312.76万,1422.48,2.3766,64.47亿,42.42亿
2255,001311,多利科技,SZ,31.61,1.51,5.39,10.59,4.46,63.08,0.470,31.85,30.85,3.05,0.85,415.54万,1.31亿,36.07,2.0890,98.15亿,43.07亿
2256,605128,上海沿浦,SH,34.66,1.32,7.19,7.47,1.35,63.08,0.450,34.86,33.69,1.57,0.85,332.32万,1.14亿,39.50,3.3372,73.18亿,73.18亿
2257,600996,贵广网络,SH,8.89,1.83,5.92,7.11,5.21,63.07,0.160,9.02,8.63,2.55,1.09,3174.60万,2.81亿,-10.43,7.0643,110.84亿,110.84亿
2258,300951,博硕科技,SZ,33.55,0.00,4.14,5.16,2.13,63.06,0.000,33.61,32.82,1.30,0.69,197.14万,6565.90万,-71.93,2.4633,56.83亿,50.79亿
2259,000681,视觉中国,SZ,22.77,-1.51,7.06,29.07,4.35,63.06,-0.350,23.43,22.68,8.20,0.97,5547.61万,12.76亿,16.70,4.1612,159.52亿,153.96亿
2260,300650,太龙股份,SZ,16.80,-1.00,6.03,14.91,5.53,63.05,-0.170,16.87,16.58,3.21,0.72,546.20万,9148.58万,132.05,2.8255,40.56亿,28.62亿
2261,600797,浙大网新,SH,9.20,0.33,5.14,9.19,5.02,63.04,0.030,9.30,9.09,2.83,1.09,2905.46万,2.67亿,-49.66,2.8556,94.53亿,94.53亿
2262,002197,证通电子,SZ,8.62,2.13,8.07,13.37,7.08,63.04,0.180,8.71,8.34,4.73,1.33,2523.19万,2.16亿,740.34,3.0061,52.96亿,46.03亿
2263,688186,广大特材,SH,21.53,1.80,8.98,9.10,9.18,63.04,0.380,21.77,20.90,2.46,0.81,688.86万,1.48亿,286.67,1.2773,60.39亿,60.39亿
2264,300533,冰川网络,SZ,28.81,3.11,11.76,19.60,8.27,63.04,0.870,29.89,27.78,9.18,1.52,1514.36万,4.41亿,-172.97,4.4399,67.55亿,47.53亿
2265,300639,凯普生物,SZ,6.45,5.56,8.09,9.93,6.44,63.03,0.340,6.55,6.16,6.11,2.72,3878.82万,2.48亿,-372.78,1.0956,41.70亿,40.97亿
2266,001255,博菲电气,SZ,36.10,-0.03,7.09,8.06,3.68,63.03,-0.010,36.29,35.10,2.28,0.89,162.00万,5843.27万,-492.02,3.4841,31.41亿,25.65亿
2267,300296,利亚德,SZ,6.71,1.98,5.66,14.36,5.50,63.02,0.130,6.71,6.49,5.09,1.14,1.16亿,7.68亿,267.41,2.2540,181.97亿,152.62亿
2268,002036,联创电子,SZ,8.43,3.82,12.11,12.23,9.77,63.01,0.310,8.63,8.00,5.42,1.28,5722.89万,4.75亿,-23.03,9.2363,89.16亿,88.98亿
2269,600575,淮河能源,SH,3.73,1.36,7.48,6.31,3.32,63.01,0.050,3.87,3.65,2.79,1.38,1.08亿,4.08亿,20.64,1.1981,267.32亿,144.96亿
2270,601519,大智慧,SH,11.14,1.46,9.67,7.16,8.79,63.00,0.160,11.23,10.82,1.74,0.98,3454.09万,3.83亿,-187.25,17.0820,221.59亿,221.59亿
2271,300335,迪森股份,SZ,6.81,-0.29,5.30,15.15,3.18,62.99,-0.020,6.94,6.77,5.61,1.15,2153.42万,1.47亿,50.53,1.6824,32.48亿,26.16亿
2272,603466,风语筑,SH,10.13,1.10,5.45,14.09,4.22,62.99,0.110,10.25,9.99,5.58,1.35,3318.31万,3.36亿,35.35,2.8967,60.26亿,60.26亿
2273,688543,国科军工,SH,65.33,3.57,5.51,16.43,2.64,62.99,2.250,65.40,62.63,6.41,1.35,743.08万,4.80亿,172.74,5.5767,136.44亿,75.76亿
2274,301395,仁信新材,SZ,15.70,5.16,16.83,20.95,15.87,62.96,0.770,15.90,14.77,7.71,1.43,981.09万,1.51亿,-9.48,2.6442,38.13亿,19.99亿
2275,002139,拓邦股份,SZ,11.33,2.44,6.07,5.87,5.79,62.96,0.270,11.43,10.94,2.31,0.94,2478.08万,2.79亿,68.06,2.0433,141.27亿,121.35亿
2276,002624,完美世界,SZ,17.55,10.03,12.10,12.31,15.38,62.96,1.600,17.55,17.49,2.10,0.35,3832.90万,6.72亿,82.89,4.7232,340.46亿,320.77亿
2277,002130,沃尔核材,SZ,23.58,-0.84,4.49,12.91,3.69,62.95,-0.200,23.69,23.38,3.54,0.86,4051.27万,9.55亿,35.68,3.6073,330.09亿,269.88亿
2278,600986,浙文互联,SH,11.01,-1.43,13.11,32.06,10.21,62.94,-0.160,11.50,10.95,10.56,0.91,1.57亿,17.46亿,-180.30,3.1739,163.76亿,163.76亿
2279,002389,航天彩虹,SZ,22.94,2.41,4.73,9.66,4.42,62.93,0.540,23.07,22.23,4.28,1.67,4213.47万,9.61亿,55.88,2.7851,225.94亿,225.90亿
2280,688651,盛邦安全,SH,41.98,3.60,6.97,15.66,7.64,62.92,1.460,42.23,40.00,5.50,1.12,178.53万,7392.41万,-50.32,3.4673,31.65亿,13.62亿
2281,000981,山子高科,SZ,4.00,0.00,7.29,10.68,4.17,62.91,0.000,4.05,3.92,3.12,0.96,2.97亿,11.83亿,39.83,12.9030,399.90亿,380.53亿
2282,301056,森赫股份,SZ,14.56,4.37,7.10,6.88,3.34,62.90,0.610,14.64,13.74,2.32,1.16,407.54万,5825.69万,96.42,4.8857,38.84亿,25.62亿
2283,605598,上海港湾,SH,58.68,8.27,24.99,12.98,21.49,62.90,4.480,59.62,53.55,7.25,3.07,1761.50万,10.16亿,893.13,8.3226,142.60亿,142.60亿
2284,300997,欢乐家,SZ,20.15,2.65,4.41,5.49,2.18,62.90,0.520,20.29,19.52,2.25,1.08,893.82万,1.79亿,59.30,8.8578,88.15亿,80.01亿
2285,601700,风范股份,SH,5.59,1.27,3.50,5.91,2.95,62.89,0.070,5.60,5.47,1.61,0.69,1828.77万,1.01亿,56.03,2.9594,63.66亿,63.66亿
2286,301556,托普云农,SZ,90.96,3.87,9.61,21.34,7.76,62.88,3.390,92.00,87.13,9.44,1.78,278.24万,2.50亿,316.67,7.8363,77.57亿,26.82亿
2287,300992,泰福泵业,SZ,31.12,0.48,5.82,11.90,1.73,62.88,0.150,31.66,30.70,3.29,0.65,255.35万,7971.79万,-81.94,3.4335,29.67亿,24.12亿
2288,300541,先进数通,SZ,13.00,-1.52,9.08,13.82,7.35,62.87,-0.200,13.18,12.88,3.94,1.05,1522.62万,1.98亿,-133.50,3.2027,55.91亿,50.24亿
2289,002117,东港股份,SZ,10.63,1.92,4.51,6.62,4.22,62.87,0.200,10.66,10.32,2.76,1.47,1446.86万,1.52亿,28.05,3.7576,55.67亿,55.65亿
2290,603350,安乃达,SH,36.36,1.45,4.67,9.96,4.15,62.86,0.520,36.43,35.60,3.67,1.35,162.01万,5862.89万,39.08,3.1024,42.36亿,16.04亿
2291,688798,艾为电子,SH,70.99,0.01,5.47,8.40,5.00,62.85,0.010,71.30,69.75,2.46,0.86,333.57万,2.35亿,81.04,3.8924,165.50亿,96.36亿
2292,301153,中科江南,SZ,21.25,0.66,5.62,6.34,2.96,62.84,0.140,21.79,21.02,2.33,1.18,772.29万,1.65亿,-75.38,4.1265,75.58亿,70.50亿
2293,600718,东软集团,SH,9.30,0.98,6.33,4.35,5.20,62.84,0.090,9.44,9.21,1.50,1.06,1800.41万,1.68亿,-18.86,1.2576,111.27亿,111.27亿
2294,300369,绿盟科技,SZ,7.75,1.97,9.54,13.23,5.59,62.83,0.150,8.08,7.68,6.12,1.46,4943.04万,3.85亿,-16.00,2.4521,62.82亿,62.60亿
2295,603586,金麒麟,SH,16.95,-2.47,11.06,7.90,3.61,62.83,-0.430,17.38,16.83,2.22,0.81,436.08万,7403.71万,97.60,1.4879,33.23亿,33.23亿
2296,301609,山大电力,SZ,47.03,0.15,4.34,17.05,4.12,62.82,0.070,47.08,46.43,5.19,0.96,190.04万,8880.96万,131.91,5.9094,76.60亿,17.24亿
2297,002028,思源电气,SZ,198.10,-4.15,8.18,6.11,1.59,62.81,-8.580,203.98,195.20,1.94,0.88,1182.21万,23.47亿,70.46,9.6170,1550.04亿,1210.06亿
2298,300203,聚光科技,SZ,14.16,-0.42,9.56,9.05,4.12,62.81,-0.060,14.44,14.12,2.30,0.94,1029.00万,1.47亿,-21.86,2.4501,63.54亿,63.49亿
2299,600076,康欣新材,SH,3.60,10.09,10.81,6.28,8.11,62.80,0.330,3.60,3.31,2.47,1.20,3318.23万,1.17亿,-23.32,1.3597,48.40亿,48.40亿
2300,600163,中闽能源,SH,6.47,-0.46,6.97,7.85,4.86,62.79,-0.030,6.60,6.43,2.37,1.05,4518.73万,2.94亿,15.68,1.6789,123.12亿,123.12亿
2301,002052,同洲电子,SZ,11.58,3.12,17.54,22.75,14.77,62.77,0.350,11.76,11.07,5.60,1.02,3860.37万,4.45亿,335.85,31.2807,87.13亿,79.83亿
2302,301622,英思特,SZ,57.54,3.40,6.88,7.47,5.62,62.77,1.890,58.24,55.21,3.54,1.49,229.08万,1.30亿,-132.10,4.2919,66.71亿,37.21亿
2303,603300,海南华铁,SH,6.87,-0.15,5.02,9.18,4.41,62.76,-0.010,6.90,6.77,2.29,0.76,4574.81万,3.13亿,31.46,2.0537,137.03亿,137.03亿
2304,600237,铜峰电子,SH,9.25,0.43,3.83,9.06,4.17,62.76,0.040,9.28,9.12,3.00,1.02,1873.21万,1.73亿,59.38,2.9138,58.34亿,57.78亿
2305,603616,韩建河山,SH,6.52,0.46,7.78,16.49,5.67,62.75,0.030,6.55,6.42,4.82,0.85,1850.77万,1.20亿,-65.02,11.9879,25.51亿,25.06亿
2306,002881,美格智能,SZ,41.31,1.45,6.14,8.58,5.73,62.75,0.590,41.73,40.27,2.97,1.37,540.42万,2.22亿,66.85,4.5764,124.76亿,75.15亿
2307,002767,先锋电子,SZ,21.11,1.05,4.30,6.36,1.88,62.75,0.220,21.20,20.60,1.81,0.89,235.13万,4924.25万,2377.40,3.6745,31.67亿,27.49亿
2308,301236,软通动力,SZ,41.80,0.02,6.77,9.12,5.98,62.73,0.010,42.79,41.33,3.02,1.15,2371.85万,9.98亿,-30.92,3.2416,432.71亿,328.43亿
2309,300048,合康新能,SZ,6.55,-2.09,4.97,6.51,1.71,62.71,-0.140,6.76,6.51,1.91,1.10,2162.79万,1.43亿,-160.20,4.0402,74.17亿,74.03亿
2310,300986,志特新材,SZ,25.03,0.40,9.61,22.72,9.78,62.70,0.100,25.26,24.58,7.01,1.25,2886.69万,7.22亿,66.96,4.6246,103.12亿,103.03亿
2311,000410,沈阳机床,SZ,6.37,2.25,4.71,5.42,3.41,62.70,0.140,6.40,6.20,1.73,1.19,3407.00万,2.16亿,-124.68,4.0400,168.75亿,125.55亿
2312,300829,金丹科技,SZ,18.02,2.62,6.56,11.64,3.62,62.70,0.460,18.15,17.36,3.99,1.09,625.72万,1.11亿,34.45,1.6789,40.95亿,28.25亿
2313,301185,鸥玛软件,SZ,18.56,1.87,3.98,6.86,2.60,62.69,0.340,18.60,18.12,2.27,0.95,315.27万,5821.49万,186.03,2.6178,28.47亿,25.74亿
2314,300655,晶瑞电材,SZ,15.32,-2.42,7.14,13.21,6.24,62.67,-0.380,15.57,15.23,3.53,0.71,3762.91万,5.79亿,614.11,6.3862,164.38亿,163.45亿
2315,300310,宜通世纪,SZ,5.95,1.19,3.85,11.34,4.02,62.67,0.070,5.97,5.81,3.68,1.05,2542.57万,1.50亿,-259.59,2.7807,52.46亿,41.14亿
2316,600266,城建发展,SH,5.28,0.96,5.06,7.59,2.72,62.67,0.050,5.36,5.21,2.07,0.83,4303.57万,2.27亿,16.71,0.5997,109.60亿,109.60亿
2317,301229,纽泰格,SZ,18.13,1.34,7.09,8.57,4.50,62.67,0.240,18.46,17.68,2.85,1.19,368.10万,6639.26万,-84.89,2.6567,32.96亿,23.44亿
2318,688318,财富趋势,SH,119.41,-1.09,9.10,6.06,7.58,62.66,-1.320,120.30,117.10,1.52,0.96,388.39万,4.60亿,221.37,7.8988,305.83亿,305.83亿
2319,002658,雪迪龙,SZ,9.12,1.67,7.40,12.99,7.17,62.65,0.150,9.15,8.91,3.35,0.75,1202.04万,1.09亿,101.70,2.2633,57.98亿,32.70亿
2320,300278,华昌达,SZ,5.05,2.43,4.97,5.90,4.55,62.65,0.120,5.07,4.90,2.34,1.34,3296.28万,1.65亿,1122.17,4.2749,71.40亿,71.18亿
2321,002777,久远银海,SZ,16.50,2.36,6.29,6.80,4.90,62.63,0.380,16.76,16.05,3.04,1.74,1231.18万,2.03亿,143.50,3.9624,67.36亿,66.74亿
2322,300917,特发服务,SZ,34.69,1.34,4.60,10.83,2.88,62.63,0.460,34.92,34.04,3.31,0.99,558.73万,1.93亿,44.67,4.7729,58.63亿,58.63亿
2323,600549,厦门钨业,SH,58.74,-1.77,8.19,12.88,1.66,62.62,-1.060,59.68,57.87,3.48,0.73,5406.96万,31.74亿,21.06,5.0958,932.55亿,912.78亿
2324,688768,容知日新,SH,43.69,0.60,7.65,5.57,6.46,62.62,0.260,44.14,42.92,1.61,0.73,140.33万,6107.59万,-42.10,3.5559,38.44亿,38.13亿
2325,688385,复旦微电,SH,71.68,-2.26,8.26,11.57,5.30,62.61,-1.660,72.92,71.05,3.49,0.95,1881.62万,13.53亿,99.53,9.3979,590.44亿,386.63亿
2326,300466,赛摩智能,SZ,9.42,2.95,4.61,6.61,3.29,62.61,0.270,9.43,9.08,3.03,1.64,1359.49万,1.26亿,242.51,7.2782,50.45亿,42.28亿
2327,300860,锋尚文化,SZ,25.78,2.96,4.95,6.35,2.96,62.58,0.740,26.06,25.00,2.93,1.54,320.39万,8233.80万,250.35,1.5533,48.58亿,28.21亿
2328,002138,顺络电子,SZ,37.09,1.23,10.72,15.46,9.25,62.58,0.450,37.54,36.08,4.68,0.99,3542.66万,13.15亿,42.03,4.7070,299.06亿,280.59亿
2329,002967,广电计量,SZ,22.30,-1.55,7.35,10.43,4.35,62.58,-0.350,22.45,21.94,3.62,1.61,1982.23万,4.39亿,209.84,2.8880,142.11亿,122.03亿
2330,688088,虹软科技,SH,43.88,-0.25,4.88,6.83,3.00,62.58,-0.110,44.69,43.66,1.99,0.91,798.07万,3.52亿,81.37,6.3509,176.03亿,176.03亿
2331,000856,冀东装备,SZ,10.46,0.38,7.18,13.46,1.55,62.57,0.040,10.55,10.27,3.36,0.52,763.36万,7962.55万,-43.13,5.6759,23.74亿,23.74亿
2332,002690,美亚光电,SZ,18.24,1.62,6.68,6.87,4.11,62.57,0.290,18.53,17.86,2.57,1.64,1115.95万,2.04亿,34.69,6.6815,160.92亿,79.12亿
2333,601611,中国核建,SH,13.60,-1.73,5.55,4.78,1.95,62.57,-0.240,13.82,13.52,1.39,0.90,4179.82万,5.68亿,25.43,1.8202,409.88亿,409.88亿
2334,300615,欣天科技,SZ,14.61,0.76,7.48,15.30,6.85,62.56,0.110,14.70,14.35,3.93,0.93,594.52万,8625.16万,-20.99,6.1161,28.23亿,22.10亿
2335,603352,至信股份,SH,37.29,2.73,4.09,12.64,4.40,62.56,0.990,37.36,36.20,6.18,1.65,274.74万,1.01亿,87.27,2.8593,84.52亿,16.57亿
2336,002219,新里程,SZ,2.39,2.14,3.46,9.57,3.46,62.55,0.050,2.39,2.33,3.81,1.48,1.25亿,2.96亿,100.78,3.9993,82.50亿,78.20亿
2337,300377,赢时胜,SZ,17.80,-0.34,6.06,13.64,4.77,62.55,-0.060,18.00,17.46,3.47,0.89,2398.51万,4.27亿,-38.11,5.5559,133.68亿,122.98亿
2338,688011,新光光电,SH,68.68,1.97,9.23,6.35,7.43,62.54,1.330,70.30,66.31,2.55,1.51,254.96万,1.75亿,-111.46,6.5497,68.68亿,68.68亿
2339,002347,泰尔股份,SZ,8.55,2.76,5.54,11.87,5.17,62.54,0.230,8.58,8.24,5.65,1.70,2785.60万,2.36亿,-141.30,3.9085,43.15亿,42.18亿
2340,600933,爱柯迪,SH,17.87,1.71,7.31,7.62,5.30,62.53,0.300,18.14,17.46,2.57,0.95,2516.46万,4.49亿,21.02,1.8719,184.08亿,174.66亿
2341,688622,*ST禾信,SH,83.39,4.11,12.67,4.79,11.23,62.53,3.290,84.00,80.10,1.65,0.57,115.97万,9634.26万,-191.35,19.8539,58.76亿,58.76亿
2342,600589,大位科技,SH,12.51,10.03,18.87,56.38,24.23,62.52,1.140,12.51,11.12,24.26,2.18,3.59亿,42.97亿,-145.73,29.9055,185.73亿,184.96亿
2343,000737,北方铜业,SZ,15.05,0.74,5.86,9.10,4.95,62.52,0.110,15.22,14.66,2.97,1.16,5648.84万,8.42亿,11.65,3.8553,286.66亿,286.63亿
2344,001229,魅视科技,SZ,38.15,1.76,4.11,11.38,3.08,62.52,0.660,38.34,37.09,3.96,1.25,208.80万,7908.33万,-208.52,3.8600,39.09亿,20.10亿
2345,688626,翔宇医疗,SH,62.00,1.34,6.12,4.75,5.73,62.50,0.820,62.26,59.50,1.32,1.12,211.72万,1.30亿,97.94,4.7144,99.20亿,99.20亿
2346,300468,四方精创,SZ,29.35,-0.68,3.68,12.34,3.30,62.50,-0.200,29.76,29.25,3.25,0.85,1723.07万,5.08亿,367.12,9.6102,155.75亿,155.49亿
2347,301000,肇民科技,SZ,35.86,8.73,41.92,19.33,31.07,62.49,2.880,38.86,33.57,13.14,5.07,3012.33万,10.69亿,81.26,6.6195,87.10亿,82.22亿
2348,603201,常润股份,SH,16.38,-0.36,5.05,4.27,2.06,62.49,-0.060,16.45,16.13,1.02,0.70,191.72万,3121.40万,23.59,1.7399,31.12亿,30.85亿
2349,603366,日出东方,SH,8.67,0.12,4.07,4.81,3.71,62.48,0.010,8.70,8.55,1.40,1.05,1136.13万,9813.28万,-44.37,1.6456,70.49亿,70.49亿
2350,002546,新联电子,SZ,8.48,0.12,3.53,6.40,3.16,62.46,0.010,8.51,8.35,2.12,1.07,1699.19万,1.43亿,19.40,1.8685,70.73亿,67.94亿
2351,300563,神宇股份,SZ,33.81,0.60,4.27,9.03,4.61,62.45,0.200,33.90,33.14,3.04,1.23,389.25万,1.31亿,114.08,5.3431,61.58亿,43.33亿
2352,000032,深桑达Ａ,SZ,18.29,0.38,6.06,5.62,5.48,62.45,0.070,18.47,17.91,1.47,0.83,1668.99万,3.05亿,-67.43,3.0089,222.26亿,208.13亿
2353,002155,湖南黄金,SZ,30.51,0.36,6.67,12.26,4.95,62.45,0.110,30.88,30.09,4.03,1.21,6303.77万,19.25亿,20.01,5.4724,476.76亿,476.72亿
2354,688522,纳睿雷达,SH,35.75,1.85,4.15,9.48,2.29,62.44,0.650,35.87,34.42,3.36,1.28,413.26万,1.46亿,102.52,4.6316,108.32亿,44.01亿
2355,000560,我爱我家,SZ,3.14,2.28,8.08,18.16,5.72,62.44,0.070,3.22,3.05,6.21,1.49,1.45亿,4.58亿,339.22,0.7969,73.96亿,73.43亿
2356,300118,东方日升,SZ,18.70,1.69,9.92,25.57,5.41,62.44,0.310,18.78,18.18,8.27,0.91,7664.90万,14.19亿,-14.76,2.5701,213.18亿,173.32亿
2357,300758,七彩化学,SZ,14.13,-0.07,6.46,13.28,6.08,62.43,-0.010,14.27,13.80,3.17,0.53,1140.55万,1.61亿,89.16,3.1556,56.40亿,50.83亿
2358,300291,百纳千成,SZ,6.53,0.00,6.48,8.38,3.16,62.43,0.000,6.73,6.47,2.79,0.76,2598.94万,1.70亿,114.89,3.0162,61.51亿,60.72亿
2359,300248,新开普,SZ,10.18,2.31,6.76,7.02,5.82,62.42,0.230,10.30,9.93,2.65,1.41,1085.50万,1.10亿,-22.73,2.2540,48.49亿,41.64亿
2360,300652,雷迪克,SZ,47.02,2.28,22.04,27.50,19.25,62.42,1.050,48.09,45.44,9.41,1.75,1126.64万,5.29亿,58.56,4.0546,62.72亿,56.29亿
2361,002131,利欧股份,SZ,7.08,0.14,11.01,26.55,9.77,62.42,0.010,7.25,7.02,8.18,1.07,4.79亿,34.06亿,383.40,3.7162,479.44亿,414.52亿
2362,000506,招金黄金,SZ,17.12,2.39,8.13,12.98,7.00,62.41,0.400,17.28,16.54,4.63,1.46,4299.54万,7.30亿,21.22,17.8888,159.05亿,158.99亿
2363,300366,ST创意,SZ,5.84,0.86,5.35,5.23,4.10,62.39,0.050,5.88,5.77,1.32,0.58,701.31万,4084.80万,-16.65,3.0839,35.48亿,30.98亿
2364,002144,宏达高科,SZ,14.24,2.82,3.79,11.04,-0.07,62.38,0.390,14.24,13.88,3.36,0.99,462.85万,6504.43万,52.16,1.1737,25.17亿,19.60亿
2365,300271,华宇软件,SZ,6.66,2.30,6.31,4.93,5.05,62.38,0.150,6.79,6.50,2.08,1.20,1655.67万,1.10亿,-24.03,1.5307,54.07亿,52.90亿
2366,300141,和顺电气,SZ,13.39,1.06,6.23,7.38,5.60,62.37,0.140,13.49,13.06,2.39,1.07,607.53万,8057.75万,-129.21,5.5733,34.53亿,34.09亿
2367,301120,新特电气,SZ,20.43,-1.64,6.21,14.71,4.08,62.37,-0.340,20.77,20.13,4.84,1.00,1056.82万,2.15亿,-1010.69,4.8602,75.89亿,44.64亿
2368,002095,生 意 宝,SZ,16.72,0.84,3.46,4.43,3.40,62.36,0.140,16.80,16.51,1.45,0.83,364.05万,6075.71万,922.39,4.8216,42.25亿,42.09亿
2369,000923,河钢资源,SZ,18.06,0.61,10.30,10.25,7.50,62.36,0.110,18.45,17.75,2.38,0.68,1491.60万,2.70亿,130.27,1.1738,117.88亿,113.40亿
2370,300130,新国都,SZ,23.13,1.18,5.06,5.65,4.57,62.36,0.270,23.46,22.65,1.87,1.00,812.19万,1.88亿,30.75,2.9046,131.22亿,100.42亿
2371,300401,花园生物,SZ,13.84,3.21,8.20,9.83,6.05,62.35,0.430,14.05,13.37,4.10,1.92,2191.97万,3.04亿,37.42,2.2912,75.25亿,74.03亿
2372,002123,梦网科技,SZ,9.90,1.12,4.75,6.31,4.43,62.35,0.110,9.96,9.75,2.19,1.01,1577.14万,1.56亿,-45.32,5.2400,79.74亿,71.33亿
2373,301300,远翔新材,SZ,42.67,1.84,4.28,11.70,-0.28,62.35,0.770,42.67,41.55,2.52,0.57,97.62万,4119.18万,54.63,3.2917,27.69亿,16.54亿
2374,002625,光启技术,SZ,41.53,-0.41,8.96,5.50,6.00,62.34,-0.170,41.75,41.00,1.39,0.81,3003.14万,12.41亿,126.99,9.1518,894.80亿,894.80亿
2375,002849,威星智能,SZ,17.34,0.23,4.45,10.67,0.23,62.34,0.040,17.50,17.06,2.61,0.81,570.12万,9892.40万,37.58,2.7783,38.26亿,37.95亿
2376,000978,桂林旅游,SZ,6.79,3.98,6.30,15.87,1.80,62.34,0.260,6.88,6.51,6.91,1.52,3235.19万,2.18亿,-67.16,2.9673,31.79亿,31.79亿
2377,002277,友阿股份,SZ,6.26,1.46,3.40,5.05,1.46,62.33,0.090,6.32,6.16,1.48,0.71,2058.62万,1.28亿,51.47,1.3651,87.28亿,87.28亿
2378,600550,保变电气,SH,15.40,-2.41,5.08,9.35,3.01,62.33,-0.380,15.62,15.30,2.90,1.13,5342.82万,8.24亿,119.03,31.7800,283.60亿,283.60亿
2379,002060,广东建工,SZ,3.81,0.79,3.46,6.82,1.33,62.31,0.030,3.86,3.76,2.22,0.94,3472.93万,1.32亿,31.97,0.9873,143.04亿,59.54亿
2380,600512,腾达建设,SH,2.47,0.41,4.17,7.13,2.92,62.31,0.010,2.47,2.43,1.78,0.65,2818.08万,6901.21万,24.76,0.6361,39.37亿,39.21亿
2381,300623,捷捷微电,SZ,30.13,1.07,4.15,11.04,4.08,62.31,0.320,30.28,29.08,4.30,1.56,3295.84万,9.80亿,62.53,4.0878,250.71亿,231.20亿
2382,300324,旋极信息,SZ,5.13,0.39,4.67,10.65,4.27,62.31,0.020,5.16,5.05,2.53,0.77,4327.44万,2.21亿,-72.71,3.5817,88.63亿,87.72亿
2383,002141,贤丰控股,SZ,3.78,0.00,8.24,8.03,3.85,62.30,0.000,3.81,3.72,2.37,1.16,2443.93万,9192.84万,98.16,4.8382,39.04亿,39.04亿
2384,600588,用友网络,SH,12.39,1.56,9.42,6.30,6.08,62.29,0.190,12.88,12.27,2.88,2.15,9848.10万,12.34亿,-14.65,6.1398,423.37亿,423.37亿
2385,603567,珍宝岛,SH,7.26,2.40,4.80,5.16,2.54,62.28,0.170,7.35,7.12,1.64,0.72,1542.38万,1.12亿,-9.49,1.1195,68.31亿,68.20亿
2386,600880,博瑞传播,SH,5.36,0.56,7.99,11.75,4.48,62.28,0.030,5.45,5.28,3.75,1.34,4094.71万,2.19亿,209.65,1.9521,58.60亿,58.59亿
2387,301535,浙江华远,SZ,19.66,2.66,4.73,6.49,4.41,62.28,0.510,19.71,18.98,2.21,1.30,374.80万,7281.32万,76.53,7.1812,83.61亿,33.38亿
2388,301503,智迪科技,SZ,36.60,2.06,3.80,11.51,2.18,62.27,0.740,36.62,35.80,2.68,0.64,87.17万,3167.84万,160.68,2.6684,29.28亿,11.89亿
2389,000603,盛达资源,SZ,40.17,3.13,11.79,13.85,10.12,62.27,1.220,40.68,39.00,4.95,1.48,3301.69万,13.18亿,87.26,7.7528,277.16亿,267.82亿
2390,301043,绿岛风,SZ,56.74,0.50,6.65,7.36,3.65,62.27,0.280,57.70,55.80,2.52,1.26,142.77万,8138.57万,50.93,4.4646,38.58亿,32.20亿
2391,300643,万通智控,SZ,18.73,2.69,6.33,7.15,4.93,62.26,0.490,18.90,18.05,2.96,1.17,683.87万,1.27亿,27.40,3.2973,43.31亿,43.21亿
2392,002526,山东矿机,SZ,3.45,1.77,3.93,4.84,4.23,62.25,0.060,3.45,3.36,1.83,1.34,3249.24万,1.11亿,152.86,1.8946,61.51亿,61.10亿
2393,002766,索菱股份,SZ,4.89,3.16,5.12,6.12,4.26,62.23,0.150,4.93,4.71,2.85,1.55,2439.17万,1.18亿,-58.12,3.9609,42.25亿,41.89亿
2394,002112,三变科技,SZ,20.99,-1.32,4.52,23.43,4.22,62.22,-0.280,21.24,20.82,6.58,0.89,1725.01万,3.62亿,73.26,7.1350,61.74亿,55.01亿
2395,001277,速达股份,SZ,37.82,1.69,3.82,8.83,1.61,62.21,0.630,37.95,37.00,2.00,0.52,91.19万,3432.79万,50.02,1.8292,28.74亿,17.23亿
2396,300418,昆仑万维,SZ,53.83,-1.90,11.91,18.05,10.17,62.21,-1.040,55.67,53.65,5.63,1.30,7066.35万,38.53亿,-19.05,5.5174,675.76亿,675.29亿
2397,603927,中科软,SH,17.16,1.60,6.51,4.92,4.38,62.21,0.270,17.50,16.85,1.86,1.50,1543.43万,2.66亿,-225.04,4.4910,142.61亿,142.61亿
2398,600368,五洲交通,SH,4.11,5.66,7.46,5.36,5.66,62.21,0.220,4.16,3.88,4.41,8.63,7104.21万,2.88亿,8.39,0.8924,66.16亿,66.16亿
2399,300660,江苏雷利,SZ,45.52,2.75,8.54,6.89,7.03,62.20,1.220,46.36,43.90,3.50,2.35,1563.14万,7.11亿,77.43,5.6848,203.54亿,203.37亿
2400,000997,新 大 陆,SZ,21.64,4.59,10.56,8.33,8.80,62.19,0.950,22.19,20.50,4.31,2.76,4342.66万,9.42亿,19.50,2.9085,219.23亿,218.01亿
2401,301227,森鹰窗业,SZ,32.21,0.81,4.61,7.19,1.74,62.19,0.260,32.23,31.21,2.49,1.00,134.65万,4275.52万,-36.34,1.9128,30.67亿,17.43亿
2402,301590,优优绿能,SZ,181.79,-0.67,4.72,21.77,2.60,62.18,-1.230,183.95,178.06,7.01,0.91,60.33万,1.09亿,-409.84,3.9451,76.45亿,15.64亿
2403,000035,中国天楹,SZ,6.59,-1.49,4.29,6.24,0.92,62.18,-0.100,6.77,6.51,2.31,1.21,5353.06万,3.53亿,35.53,1.4627,157.37亿,152.43亿
2404,603861,白云电器,SH,16.68,-2.06,9.55,8.93,4.77,62.18,-0.350,17.11,16.58,2.72,0.98,1437.73万,2.41亿,66.21,2.2497,90.16亿,88.17亿
2405,688711,宏微科技,SH,28.39,0.89,6.77,9.74,5.03,62.17,0.250,28.89,27.53,2.92,0.91,621.28万,1.75亿,1663.65,5.7532,60.50亿,60.50亿
2406,002254,泰和新材,SZ,11.63,0.95,4.94,9.35,2.56,62.16,0.110,11.86,11.40,2.87,0.89,2439.01万,2.85亿,157.79,1.4088,99.68亿,98.92亿
2407,301567,贝隆精密,SZ,45.51,0.95,4.24,19.35,4.31,62.14,0.430,45.55,44.55,5.94,1.03,126.09万,5696.16万,200.01,4.5093,32.77亿,9.67亿
2408,000862,银星能源,SZ,6.93,0.43,7.26,22.64,7.11,62.13,0.030,7.16,6.84,7.52,1.18,4724.08万,3.29亿,28.67,1.4638,63.61亿,43.52亿
2409,603200,上海洗霸,SH,62.69,-1.18,3.87,10.67,1.06,62.13,-0.750,64.00,62.58,3.13,0.82,548.56万,3.46亿,1478.86,10.0034,110.01亿,110.01亿
2410,603191,望变电气,SH,20.58,-0.63,5.46,10.63,5.00,62.13,-0.130,20.68,20.01,3.01,0.98,993.43万,2.01亿,138.17,2.7129,67.91亿,67.91亿
2411,600895,张江高科,SH,37.51,-1.26,4.26,5.53,2.43,62.13,-0.480,37.85,37.25,1.30,0.68,2016.99万,7.58亿,173.90,4.2504,580.91亿,580.91亿
2412,002476,宝莫股份,SZ,5.99,1.01,6.51,7.75,2.57,62.12,0.060,6.06,5.86,2.47,1.27,1508.72万,9005.02万,75.32,3.8042,36.66亿,36.66亿
2413,002065,东华软件,SZ,8.80,2.21,9.11,7.29,6.93,62.11,0.190,9.03,8.60,3.25,2.17,9445.60万,8.34亿,113.82,2.2781,282.08亿,255.90亿
2414,300884,狄耐克,SZ,13.51,0.90,4.16,8.70,4.16,62.09,0.120,13.55,13.30,2.73,0.89,522.51万,7028.64万,-439.40,2.6781,34.30亿,25.86亿
2415,300532,今天国际,SZ,8.15,2.52,3.73,7.82,1.36,62.09,0.200,8.18,7.88,2.61,1.43,1579.42万,1.27亿,25.02,2.9547,51.80亿,49.28亿
2416,000536,华映科技,SZ,4.12,1.48,4.57,4.51,4.57,62.08,0.060,4.12,4.01,1.58,1.29,4373.47万,1.79亿,-12.83,13.5660,113.96亿,113.84亿
2417,001221,悍高集团,SZ,57.75,1.55,3.51,12.98,1.28,62.07,0.880,57.88,56.32,3.62,0.51,130.29万,7469.38万,44.93,7.8446,231.01亿,20.80亿
2418,001278,一彬科技,SZ,23.63,7.95,9.82,15.24,7.41,62.07,1.740,23.80,21.76,7.55,1.67,644.22万,1.49亿,-17.15,2.4753,29.24亿,20.16亿
2419,600960,渤海汽车,SH,5.10,2.00,3.42,5.68,2.62,62.06,0.100,5.12,4.96,2.26,1.01,2151.62万,1.09亿,-179.40,1.3765,48.48亿,48.48亿
2420,000733,振华科技,SZ,44.70,2.31,4.41,8.38,4.90,62.06,1.010,44.97,43.30,2.96,0.90,1641.08万,7.26亿,389.30,1.5717,247.71亿,247.68亿
2421,601899,紫金矿业,SH,34.80,0.99,5.89,5.03,4.50,62.06,0.340,35.00,33.84,1.46,1.01,3.01亿,103.71亿,11.52,4.6907,9253.57亿,7169.42亿
2422,002995,天地在线,SZ,23.58,0.30,6.65,26.12,5.27,62.05,0.070,23.94,23.43,9.09,1.08,1022.36万,2.42亿,-3073.10,5.2153,41.84亿,26.51亿
2423,300182,捷成股份,SZ,6.04,-0.49,8.75,23.44,7.86,62.05,-0.030,6.16,6.01,7.28,1.26,1.64亿,9.99亿,35.63,1.8904,160.90亿,136.47亿
2424,000821,ST京机,SZ,10.71,1.61,5.05,6.25,3.98,62.05,0.170,10.78,10.42,2.05,1.09,1238.12万,1.32亿,70.06,1.5989,66.71亿,64.76亿
2425,600556,天下秀,SH,6.29,-0.32,7.06,11.51,5.71,62.05,-0.020,6.42,6.27,4.20,1.50,7596.69万,4.82亿,881.76,2.9667,113.71亿,113.71亿
2426,002031,巨轮智能,SZ,7.06,9.97,23.29,18.68,23.64,62.04,0.640,7.06,6.51,11.86,3.87,2.27亿,15.54亿,-108.30,8.0007,155.28亿,135.10亿
2427,300830,金现代,SZ,11.25,0.90,8.13,16.09,7.55,62.03,0.100,11.40,11.06,4.95,1.03,1669.81万,1.88亿,-161.44,3.8639,50.81亿,37.92亿
2428,002153,石基信息,SZ,10.70,3.58,6.35,7.93,6.15,62.03,0.370,10.75,10.28,3.64,1.64,5828.51万,6.16亿,308.79,4.3806,292.02亿,171.17亿
2429,600977,中国电影,SH,13.79,1.85,3.85,5.67,0.07,62.02,0.250,13.89,13.47,1.67,0.88,3122.87万,4.29亿,-56.46,2.3432,257.46亿,257.46亿
2430,688109,品茗科技,SH,101.96,5.71,10.96,5.58,6.75,62.02,5.510,102.80,95.80,2.34,1.62,184.71万,1.84亿,-145.34,10.1343,80.39亿,80.39亿
2431,688500,慧辰股份,SH,49.80,0.30,7.66,9.11,6.80,62.02,0.150,50.87,48.81,3.13,1.28,229.74万,1.15亿,-34.02,5.1605,37.50亿,36.51亿
2432,002778,中晟高科,SZ,20.33,1.14,4.94,9.17,0.40,62.01,0.230,20.50,19.93,2.28,0.76,281.49万,5704.35万,-112.20,7.9033,25.36亿,25.09亿
2433,301318,维海德,SZ,25.82,1.33,3.95,5.54,3.03,62.01,0.340,25.94,25.18,1.54,0.75,136.77万,3498.41万,222.89,1.8491,34.93亿,22.92亿
2434,000525,红太阳,SZ,5.56,1.83,6.31,9.48,0.18,62.01,0.100,5.62,5.34,2.88,1.21,3199.18万,1.76亿,565.88,2.9182,72.46亿,61.81亿
2435,300619,金银河,SZ,44.47,0.27,11.87,20.47,8.38,62.00,0.120,46.28,44.13,6.47,1.00,947.56万,4.27亿,-133.56,4.8991,77.38亿,65.14亿
2436,688439,振华风光,SH,51.28,1.06,5.11,4.92,4.78,62.00,0.540,51.49,50.05,1.28,0.63,256.20万,1.30亿,-190.93,2.0442,102.56亿,102.56亿
2437,300926,博俊科技,SZ,23.67,1.59,4.39,5.13,3.95,61.99,0.370,23.75,23.10,1.70,0.66,507.19万,1.19亿,19.87,2.8416,102.80亿,70.53亿
2438,002171,楚江新材,SZ,11.92,0.42,5.57,6.88,5.39,61.98,0.050,11.98,11.73,2.10,1.09,3386.07万,4.01亿,34.51,2.1720,193.45亿,192.36亿
2439,002420,毅昌科技,SZ,7.34,0.82,3.42,8.49,0.27,61.98,0.060,7.35,7.19,3.07,1.00,1225.65万,8927.09万,40.51,3.8022,30.19亿,29.33亿
2440,603505,金石资源,SH,19.00,1.77,5.29,7.18,3.60,61.97,0.330,19.37,18.50,2.53,1.10,2133.60万,4.02亿,65.26,8.4322,159.92亿,159.92亿
2441,300691,联合光电,SZ,17.20,1.18,4.76,6.96,4.88,61.97,0.200,17.23,16.72,2.28,1.08,504.02万,8573.67万,-299.41,2.8129,46.28亿,37.97亿
2442,600021,上海电力,SH,17.88,-0.39,5.94,5.11,5.18,61.96,-0.070,18.09,17.67,1.50,0.91,4236.32万,7.56亿,22.24,2.4247,504.44亿,504.44亿
2443,300032,金龙机电,SZ,5.34,-1.11,5.74,14.48,2.10,61.96,-0.060,5.37,5.27,3.66,0.70,2940.89万,1.56亿,-53.24,6.6256,42.89亿,42.89亿
2444,002163,海南发展,SZ,12.71,1.92,4.49,10.12,2.01,61.95,0.240,12.91,12.40,4.66,1.17,3745.17万,4.78亿,-682.09,18.0655,107.39亿,102.13亿
2445,300777,中简科技,SZ,40.42,1.99,10.69,14.05,9.13,61.95,0.790,41.16,39.55,4.72,1.18,1993.22万,8.07亿,232.86,3.8737,177.73亿,170.73亿
2446,002917,金奥博,SZ,13.56,1.65,5.16,7.24,4.47,61.94,0.220,13.68,13.28,2.09,0.98,544.55万,7375.60万,30.71,2.6959,47.14亿,35.33亿
2447,688286,敏芯股份,SH,71.44,2.41,7.91,14.74,8.44,61.93,1.680,71.89,67.49,3.95,0.70,221.23万,1.55亿,-96.63,3.7735,40.05亿,40.05亿
2448,300781,因赛集团,SZ,36.91,-0.75,11.25,19.62,7.86,61.93,-0.280,38.35,36.88,8.08,1.55,978.37万,3.68亿,130.63,11.0084,60.60亿,44.71亿
2449,301107,瑜欣电子,SZ,28.27,1.36,3.61,9.32,0.96,61.93,0.380,28.46,27.70,2.86,0.99,167.86万,4724.67万,63.48,2.9807,28.71亿,16.60亿
2450,603628,清源股份,SH,12.84,0.47,4.60,7.72,3.55,61.92,0.060,12.98,12.61,2.95,1.07,803.19万,1.03亿,194.81,2.6755,35.07亿,34.95亿
2451,300703,创源股份,SZ,18.60,3.79,5.19,13.21,3.74,61.92,0.680,18.75,17.90,5.42,1.34,901.39万,1.67亿,-43.80,4.3420,33.55亿,30.93亿
2452,300637,扬帆新材,SZ,11.23,1.54,4.25,10.08,1.63,61.91,0.170,11.23,10.93,2.39,0.62,560.42万,6215.56万,-208.16,3.7616,26.36亿,26.33亿
2453,002639,雪人集团,SZ,18.43,0.71,4.97,21.73,4.01,61.91,0.130,18.68,18.10,7.60,1.26,4963.81万,9.12亿,992.98,5.5533,142.39亿,120.40亿
2454,603105,芯能科技,SH,10.05,-0.89,4.01,10.57,3.29,61.91,-0.090,10.15,9.95,3.36,0.73,1678.28万,1.68亿,548.92,2.3382,50.25亿,50.25亿
2455,300654,世纪天鸿,SZ,11.65,1.66,10.04,12.49,6.30,61.90,0.190,12.06,11.44,5.16,1.56,1819.58万,2.13亿,195.45,4.9693,42.65亿,41.08亿
2456,002918,蒙娜丽莎,SZ,11.57,9.98,10.15,15.59,6.73,61.89,1.050,11.57,10.49,7.13,2.02,1527.63万,1.68亿,-65.24,1.4641,47.30亿,24.78亿
2457,300024,机器人,SZ,15.75,2.14,6.34,6.75,5.14,61.89,0.330,16.05,15.24,3.18,2.08,4984.21万,7.84亿,-66.64,6.0943,246.59亿,246.52亿
2458,002728,特一药业,SZ,10.27,1.99,3.93,13.03,3.42,61.88,0.200,10.29,10.07,5.13,1.29,1702.37万,1.74亿,51.16,2.8538,52.72亿,34.09亿
2459,002301,齐心集团,SZ,7.27,1.11,3.77,8.89,5.36,61.87,0.080,7.32,7.13,2.37,0.72,1699.20万,1.23亿,30.69,1.6802,52.44亿,52.20亿
2460,300494,盛天网络,SZ,11.55,1.23,5.80,9.48,4.71,61.86,0.140,11.74,11.32,3.75,1.57,1492.20万,1.73亿,318.16,3.9111,56.65亿,46.01亿
2461,000902,新洋丰,SZ,15.71,2.61,5.58,4.71,3.08,61.86,0.400,15.91,15.33,1.73,1.12,1980.45万,3.10亿,9.89,1.6027,197.12亿,179.53亿
2462,603182,嘉华股份,SH,15.26,2.83,3.92,6.71,1.40,61.84,0.420,15.30,14.93,2.44,1.15,401.12万,6067.37万,22.98,2.2171,25.11亿,25.11亿
2463,002017,东信和平,SZ,20.18,1.31,7.03,8.65,6.60,61.84,0.260,20.27,19.73,2.45,1.16,1421.47万,2.86亿,59.26,6.2675,117.13亿,117.06亿
2464,300514,友讯达,SZ,12.70,-0.16,3.45,7.34,1.84,61.83,-0.020,12.79,12.53,2.01,0.83,321.97万,4077.19万,-19.70,2.4929,25.40亿,20.35亿
2465,001296,长江材料,SZ,23.58,2.21,3.57,10.02,2.75,61.83,0.510,23.62,22.90,3.71,0.92,285.80万,6658.73万,40.39,1.9417,35.27亿,18.18亿
2466,600143,金发科技,SH,18.07,1.92,7.17,8.87,5.36,61.83,0.340,18.39,17.63,4.06,2.12,1.07亿,19.29亿,39.01,2.4133,476.11亿,476.11亿
2467,301325,曼恩斯特,SZ,44.00,0.55,3.59,13.00,0.48,61.83,0.240,44.39,43.25,4.01,0.83,232.11万,1.02亿,-38.64,2.3927,63.31亿,25.47亿
2468,000993,闽东电力,SZ,12.90,0.23,6.13,14.32,5.39,61.82,0.030,13.05,12.78,5.11,1.14,2249.01万,2.90亿,-54.33,2.3192,59.08亿,56.73亿
2469,688039,当虹科技,SH,44.89,-1.23,6.62,7.20,6.55,61.82,-0.560,45.67,44.80,2.04,0.98,225.66万,1.02亿,-81.58,4.7829,49.65亿,49.65亿
2470,688557,兰剑智能,SH,35.38,0.43,5.59,5.91,1.43,61.80,0.150,35.60,34.88,1.33,0.76,136.60万,4814.39万,283.14,2.9587,36.33亿,36.33亿
2471,300229,拓尔思,SZ,19.49,-0.15,11.75,13.10,9.07,61.80,-0.030,20.15,19.44,4.71,1.58,4110.60万,8.10亿,-54.99,4.5180,170.27亿,170.15亿
2472,003025,思进智能,SZ,14.44,3.29,7.36,8.82,6.25,61.79,0.460,14.60,13.88,3.55,1.42,804.89万,1.15亿,26.33,3.1529,41.00亿,32.69亿
2473,002459,晶澳科技,SZ,10.94,0.74,4.42,5.99,0.64,61.79,0.080,11.11,10.63,2.51,1.64,8284.51万,9.00亿,-8.49,1.7426,362.08亿,361.65亿
2474,002205,国统股份,SZ,14.06,2.93,5.68,6.20,5.08,61.78,0.400,14.06,13.56,1.87,0.95,347.94万,4801.10万,-19.11,10.1843,26.13亿,26.13亿
2475,301616,浙江华业,SZ,46.30,1.87,4.57,10.15,2.68,61.78,0.850,46.78,44.90,4.69,1.55,133.17万,6106.54万,62.78,2.5377,37.04亿,13.15亿
2476,603004,鼎龙科技,SH,21.63,1.79,5.21,13.24,4.34,61.77,0.380,21.83,20.96,5.98,1.71,352.08万,7562.83万,44.34,2.4514,50.94亿,12.74亿
2477,600481,双良节能,SH,6.40,1.59,6.58,10.15,5.26,61.77,0.100,6.47,6.22,3.89,1.35,8028.10万,5.11亿,-8.37,3.0431,132.11亿,132.11亿
2478,601127,赛力斯,SH,90.30,1.24,6.65,4.85,1.75,61.76,1.110,92.90,88.18,2.11,1.63,3282.16万,29.64亿,52.12,3.8078,1573.01亿,1406.15亿
2479,301522,上大股份,SZ,33.22,0.21,4.91,6.87,4.50,61.76,0.070,33.44,32.78,2.15,1.10,596.27万,1.97亿,128.21,6.3670,123.53亿,91.93亿
2480,002649,博彦科技,SZ,11.04,2.32,6.30,7.66,5.44,61.76,0.250,11.16,10.75,2.41,0.86,1291.18万,1.42亿,138.98,1.5531,64.62亿,59.21亿
2481,002040,南 京 港,SZ,10.71,4.79,9.65,11.26,7.64,61.75,0.490,10.90,10.11,7.06,4.04,3433.02万,3.63亿,25.48,1.5058,52.26亿,52.06亿
2482,301258,富士莱,SZ,30.95,0.88,4.40,4.91,3.17,61.74,0.270,31.00,30.41,1.60,1.10,142.72万,4382.80万,-256.27,1.5239,28.37亿,27.57亿
2483,002410,广联达,SZ,11.35,-0.44,4.92,8.20,3.37,61.74,-0.050,11.58,11.31,2.86,1.39,4494.16万,5.13亿,137.06,3.2892,187.50亿,178.21亿
2484,688071,华依科技,SH,34.49,1.29,5.14,7.73,3.76,61.74,0.440,35.05,33.80,2.30,1.07,195.39万,6753.63万,541.21,2.8907,29.24亿,29.24亿
2485,600751,海航科技,SH,3.98,5.85,10.60,7.76,8.15,61.73,0.220,4.03,3.73,3.83,2.16,9847.16万,3.84亿,221.19,1.5263,115.39亿,102.41亿
2486,601226,华电科工,SH,9.16,0.44,3.72,4.59,3.39,61.71,0.040,9.22,9.02,1.35,0.83,1572.53万,1.43亿,-50.98,2.4485,106.46亿,106.46亿
2487,300288,朗玛信息,SZ,12.74,1.19,3.86,5.19,2.33,61.71,0.150,12.93,12.59,2.18,1.13,559.23万,7144.43万,-258.30,3.9869,43.05亿,32.69亿
2488,001306,夏厦精密,SZ,73.16,1.23,6.88,21.29,5.07,61.69,0.890,74.39,71.51,7.84,1.29,121.54万,8899.03万,-52.13,3.5807,45.98亿,11.34亿
2489,603499,翔港科技,SH,20.97,0.53,3.75,4.80,0.77,61.69,0.110,21.06,20.52,1.27,0.78,384.92万,7994.66万,51.81,6.8552,63.45亿,63.45亿
2490,002801,微光股份,SZ,33.62,1.45,5.17,6.69,3.54,61.68,0.480,33.89,32.78,2.51,1.15,290.80万,9733.08万,13.97,3.7808,77.20亿,38.93亿
2491,002276,万马股份,SZ,13.81,0.95,6.82,7.54,7.05,61.68,0.130,13.89,13.51,2.30,0.90,2313.94万,3.18亿,55.20,2.2798,139.63亿,139.08亿
2492,300925,法本信息,SZ,19.38,0.10,5.44,11.32,4.36,61.68,0.020,19.74,19.30,3.95,1.19,1380.04万,2.69亿,92.41,3.6992,83.08亿,67.74亿
2493,300753,爱朋医疗,SZ,28.89,1.73,6.20,14.88,5.90,61.67,0.490,28.92,28.21,5.21,1.32,457.72万,1.31亿,-207.33,5.4920,36.42亿,25.39亿
2494,001376,百通能源,SZ,15.88,1.99,7.58,16.21,4.68,61.67,0.310,16.20,15.47,5.49,1.19,1173.33万,1.86亿,42.96,5.7231,73.19亿,33.94亿
2495,002249,大洋电机,SZ,9.80,2.08,6.82,10.43,4.48,61.67,0.200,10.01,9.51,5.14,1.88,9574.53万,9.39亿,20.20,2.3812,241.60亿,182.43亿
2496,300808,久量股份,SZ,28.65,3.32,13.18,8.98,11.09,61.67,0.920,29.10,27.20,3.48,1.10,413.68万,1.18亿,-67.09,4.8825,45.84亿,34.06亿
2497,603690,至纯科技,SH,25.53,-1.24,3.42,10.54,2.65,61.66,-0.320,25.85,25.15,3.24,0.72,1241.00万,3.16亿,-31.00,2.8142,97.77亿,97.77亿
2498,300044,*ST赛为,SZ,6.52,5.16,10.56,13.01,1.24,61.65,0.320,6.73,6.11,5.11,1.29,3657.59万,2.34亿,-116.11,-4.3489,49.80亿,46.64亿
2499,000798,中水渔业,SZ,9.50,2.48,3.44,7.34,2.04,61.65,0.230,9.56,9.25,3.07,1.38,1121.85万,1.06亿,-33.22,8.5813,34.76亿,34.75亿
2500,000878,云南铜业,SZ,20.50,1.84,7.49,9.58,7.33,61.65,0.370,20.66,19.80,3.14,1.23,6283.91万,12.70亿,18.40,2.6978,497.16亿,410.74亿
2501,300956,英力股份,SZ,16.26,2.72,6.28,7.09,3.17,61.65,0.430,16.44,15.63,3.09,1.55,650.95万,1.05亿,-154.12,2.6019,35.03亿,34.22亿
2502,603396,金辰股份,SH,37.50,2.15,8.84,12.16,6.29,61.63,0.790,37.58,36.28,4.25,1.29,588.43万,2.19亿,59.58,1.9834,51.95亿,51.95亿
2503,603069,海汽集团,SH,17.34,1.58,4.88,4.60,1.88,61.63,0.270,17.47,17.00,1.68,1.18,531.57万,9212.22万,-65.78,7.0920,54.79亿,54.79亿
2504,300496,中科创达,SZ,66.80,1.03,4.87,13.41,4.52,61.63,0.680,67.89,65.63,4.64,1.28,1712.04万,11.46亿,75.16,2.9570,307.80亿,246.24亿
2505,300509,新美星,SZ,11.70,2.54,4.30,9.18,2.72,61.60,0.290,11.74,11.30,3.27,1.10,807.98万,9331.09万,34.32,5.0606,34.68亿,28.91亿
2506,002743,富煌钢构,SZ,5.47,0.92,6.43,9.96,6.63,61.60,0.050,5.52,5.34,2.42,0.72,1050.12万,5703.69万,-13.20,1.0261,23.81亿,23.77亿
2507,300251,光线传媒,SZ,14.90,0.47,4.19,7.29,0.81,61.58,0.070,15.15,14.74,2.48,1.23,6881.62万,10.30亿,469.49,4.3566,437.10亿,413.53亿
2508,600579,中化装备,SH,7.83,2.22,3.83,4.73,-0.13,61.58,0.170,7.85,7.62,1.20,0.82,593.74万,4610.61万,-27.39,2.5463,38.65亿,38.65亿
2509,603716,塞力医疗,SH,21.67,0.09,4.75,11.38,1.93,61.58,0.020,22.15,21.64,4.84,1.37,1093.27万,2.39亿,-69.82,4.4374,48.93亿,48.93亿
2510,301171,易点天下,SZ,42.90,-0.23,36.72,59.04,28.17,61.58,-0.100,46.28,42.81,30.13,3.10,1.50亿,66.55亿,-103.51,7.2273,263.08亿,213.04亿
2511,600570,恒生电子,SH,27.66,0.73,3.96,5.99,3.25,61.57,0.200,27.96,27.25,1.78,1.00,3372.63万,9.33亿,94.36,5.2521,523.78亿,523.78亿
2512,300648,星云股份,SZ,50.28,-0.93,3.94,5.12,1.66,61.56,-0.470,51.32,50.01,1.55,0.85,206.16万,1.04亿,-136.57,7.5516,87.63亿,66.71亿
2513,603686,福龙马,SH,20.08,1.41,6.96,18.66,5.91,61.55,0.280,20.28,19.76,7.45,1.99,3095.24万,6.21亿,31.94,2.3829,83.42亿,83.42亿
2514,603596,伯特利,SH,48.41,1.92,5.51,6.08,5.51,61.55,0.910,48.57,47.13,2.14,1.02,1296.47万,6.23亿,27.32,3.7495,293.61亿,293.61亿
2515,300244,迪安诊断,SZ,21.09,2.88,15.51,29.50,9.05,61.54,0.590,22.40,20.90,14.79,2.23,7417.22万,15.91亿,51.19,2.0195,131.81亿,105.76亿
2516,301136,招标股份,SZ,16.67,1.83,4.15,7.70,3.35,61.54,0.300,16.75,16.25,3.08,1.18,847.03万,1.40亿,212.83,3.1705,45.88亿,45.83亿
2517,000928,中钢国际,SZ,6.73,-2.46,8.46,9.27,3.54,61.54,-0.170,6.81,6.67,2.83,1.15,4055.42万,2.73亿,13.08,1.1214,96.55亿,96.55亿
2518,002011,盾安环境,SZ,12.40,3.85,8.99,5.33,6.16,61.53,0.460,12.80,11.86,3.08,2.32,3263.34万,4.07亿,16.99,1.9526,133.26亿,131.39亿
2519,300525,博思软件,SZ,10.49,1.55,6.67,8.86,4.38,61.52,0.160,10.76,10.32,3.98,1.68,2478.25万,2.61亿,-31.88,3.1816,79.56亿,65.39亿
2520,688591,泰凌微,SH,35.88,-0.55,3.63,10.26,3.28,61.51,-0.200,36.19,35.45,2.41,0.73,405.12万,1.45亿,260.55,3.5179,86.38亿,60.44亿
2521,002225,濮耐股份,SZ,4.86,2.32,10.67,22.03,8.00,61.49,0.110,4.88,4.66,5.87,0.63,5569.75万,2.65亿,74.51,1.3642,56.34亿,46.10亿
2522,600211,西藏药业,SH,41.94,0.33,5.76,4.43,3.66,61.49,0.140,42.40,41.63,1.16,0.87,375.34万,1.58亿,11.31,3.4662,135.18亿,135.18亿
2523,603344,星德胜,SH,29.36,1.84,5.62,11.78,5.16,61.49,0.530,29.49,28.63,4.21,1.25,227.42万,6641.71万,42.53,2.6325,57.11亿,15.86亿
2524,603117,万林物流,SH,5.14,5.33,15.38,12.45,9.83,61.47,0.260,5.27,4.86,5.33,1.57,3196.24万,1.63亿,-126.72,3.0036,30.80亿,30.80亿
2525,301428,世纪恒通,SZ,35.69,0.22,9.86,33.46,8.32,61.47,0.080,36.50,35.30,11.66,1.26,713.53万,2.56亿,53.41,2.9219,35.21亿,21.84亿
2526,603887,城地香江,SH,15.54,-2.14,4.02,11.49,2.30,61.47,-0.340,15.95,15.45,3.57,0.85,2128.04万,3.32亿,-174.37,2.6855,93.56亿,92.51亿
2527,002617,露笑科技,SZ,8.01,-0.25,3.64,10.79,4.16,61.46,-0.020,8.07,7.94,2.74,0.80,5143.64万,4.12亿,53.91,2.3743,152.92亿,150.40亿
2528,300189,神农种业,SZ,6.22,1.14,4.09,21.31,1.80,61.45,0.070,6.28,6.16,7.48,1.12,6625.38万,4.12亿,-245.06,9.2538,63.69亿,55.12亿
2529,002933,新兴装备,SZ,31.73,3.22,3.94,5.33,3.29,61.45,0.990,31.76,30.58,2.25,1.42,263.23万,8255.07万,-419.42,2.4205,37.24亿,37.04亿
2530,002716,湖南白银,SZ,12.68,1.52,9.60,23.35,9.69,61.45,0.190,12.85,12.44,7.44,1.17,1.73亿,21.89亿,57.54,8.8170,357.97亿,294.79亿
2531,600128,苏豪弘业,SH,10.58,1.44,3.77,6.00,-0.28,61.44,0.150,10.62,10.44,1.73,0.77,426.00万,4489.12万,50.73,1.2338,26.63亿,26.11亿
2532,688077,大地熊,SH,31.66,1.54,4.79,8.33,4.63,61.44,0.480,31.68,30.88,2.57,0.84,293.79万,9211.27万,77.84,3.2634,36.24亿,36.24亿
2533,002518,科士达,SZ,47.88,-2.19,5.13,9.15,2.86,61.44,-1.070,48.57,47.40,2.83,1.06,1597.42万,7.66亿,50.27,5.6026,278.77亿,270.59亿
2534,300079,数码视讯,SZ,5.78,0.52,4.50,7.96,3.96,61.43,0.030,5.82,5.71,2.43,1.02,3114.33万,1.80亿,200.26,2.0025,82.42亿,74.07亿
2535,000630,铜陵有色,SZ,6.67,1.83,9.27,10.38,8.46,61.43,0.120,6.72,6.46,3.41,1.24,3.80亿,25.09亿,16.71,2.3860,894.41亿,743.24亿
2536,000400,许继电气,SZ,26.41,0.49,5.32,9.09,4.84,61.40,0.130,26.59,26.14,3.17,1.24,3203.78万,8.44亿,60.56,2.1920,269.02亿,267.19亿
2537,300157,新锦动力,SZ,5.84,3.73,4.89,17.87,1.92,61.40,0.210,5.86,5.66,8.26,1.56,5845.10万,3.39亿,-26.85,-21.3893,44.03亿,41.34亿
2538,300484,蓝海华腾,SZ,16.75,2.32,5.37,9.25,1.03,61.39,0.380,16.86,16.24,3.01,1.18,500.71万,8338.75万,73.27,5.0100,34.70亿,27.86亿
2539,002800,天顺股份,SZ,18.18,6.13,9.18,15.12,3.00,61.37,1.050,18.50,16.88,6.33,1.93,935.81万,1.67亿,391.56,5.6025,27.68亿,26.88亿
2540,002860,星帅尔,SZ,13.32,-0.67,7.03,10.05,3.98,61.36,-0.090,13.56,13.31,3.00,1.16,1054.23万,1.41亿,20.95,2.0715,47.91亿,46.83亿
2541,603376,大明电子,SH,31.25,2.83,4.72,15.49,3.24,61.31,0.860,31.26,30.28,6.15,1.28,196.93万,6086.77万,230.97,7.1311,125.00亿,10.00亿
2542,300645,正元智慧,SZ,17.10,1.12,4.52,11.31,3.01,61.31,0.190,17.17,16.82,2.58,0.55,359.80万,6116.75万,-51.40,2.3089,24.30亿,23.82亿
2543,600761,安徽合力,SH,19.27,4.96,9.21,7.39,6.88,61.31,0.910,19.70,18.27,4.44,2.68,3952.87万,7.56亿,13.18,1.5389,171.64亿,171.64亿
2544,601360,三六零,SH,11.66,-0.43,7.61,6.14,4.39,61.30,-0.050,12.10,11.63,2.23,1.41,1.56亿,18.43亿,186.73,2.7950,816.15亿,816.15亿
2545,603656,泰禾智能,SH,20.29,1.00,3.76,4.61,1.65,61.30,0.200,20.58,19.83,1.86,1.38,340.71万,6891.56万,165.35,2.7966,37.12亿,37.12亿
2546,300784,利安科技,SZ,52.39,2.12,4.32,13.88,3.80,61.30,1.090,52.48,51.12,3.98,0.88,66.87万,3472.21万,94.45,3.6136,29.46亿,8.81亿
2547,301175,中科环保,SZ,6.41,1.75,4.71,18.11,4.06,61.29,0.110,6.46,6.32,9.03,2.41,5618.26万,3.59亿,27.43,2.4839,94.35亿,39.86亿
2548,603979,金诚信,SH,66.67,-1.24,12.71,5.75,7.01,61.28,-0.840,67.60,64.23,1.93,1.23,1201.54万,7.91亿,17.29,3.6328,415.88亿,415.88亿
2549,300676,华大基因,SZ,43.08,4.36,11.39,7.04,7.86,61.27,1.800,44.45,41.32,3.82,2.61,1590.01万,6.90亿,-473.22,2.1384,180.21亿,179.23亿
2550,300224,正海磁材,SZ,13.71,0.66,3.78,6.91,3.71,61.26,0.090,13.78,13.48,2.13,0.87,1977.49万,2.69亿,67.80,2.5481,127.60亿,127.13亿
2551,300542,新晨科技,SZ,15.80,1.09,3.67,5.07,3.47,61.26,0.170,15.92,15.46,1.96,1.39,485.31万,7633.47万,-67.91,8.8456,47.17亿,39.12亿
2552,000682,东方电子,SZ,13.44,-0.81,3.52,6.59,2.99,61.23,-0.110,13.49,13.21,2.04,1.02,2729.01万,3.64亿,19.10,2.9290,180.19亿,180.18亿
2553,688687,凯因科技,SH,20.07,0.60,3.80,6.14,1.57,61.22,0.120,20.26,19.83,1.49,0.77,255.35万,5127.90万,139.82,1.9966,34.31亿,34.31亿
2554,002207,*ST准油,SZ,7.95,5.02,17.47,33.26,15.72,61.22,0.380,7.95,7.70,5.22,0.34,1361.78万,1.07亿,-33.16,177.9013,20.83亿,20.73亿
2555,300537,广信材料,SZ,23.76,-1.41,7.68,14.65,5.51,61.22,-0.340,24.00,23.60,3.59,0.80,544.40万,1.29亿,164.64,5.4445,49.37亿,36.06亿
2556,603533,掌阅科技,SH,26.61,-2.46,8.47,19.59,6.35,61.21,-0.670,27.62,26.51,6.32,1.32,2772.91万,7.49亿,-86.57,5.0880,116.79亿,116.79亿
2557,300185,通裕重工,SZ,3.30,-1.49,5.99,14.42,4.10,61.21,-0.050,3.33,3.27,4.03,1.06,1.55亿,5.11亿,80.64,1.8843,133.19亿,126.92亿
2558,688027,国盾量子,SH,590.60,-0.89,6.12,9.91,3.22,61.20,-5.290,597.97,583.19,2.40,0.87,193.28万,11.42亿,-798.77,18.8402,607.50亿,474.69亿
2559,300578,会畅科技,SZ,22.49,0.81,11.11,17.72,4.12,61.20,0.180,23.70,22.28,9.21,2.62,1825.12万,4.13亿,-93.18,3.8674,44.59亿,44.58亿
2560,601162,天风证券,SH,3.77,-0.53,8.66,7.47,5.31,61.18,-0.020,3.81,3.75,1.29,0.55,1.11亿,4.19亿,4.25万,1.3861,379.79亿,324.14亿
2561,301575,艾芬达,SZ,47.91,1.38,4.14,14.77,2.88,61.18,0.650,48.26,47.11,4.79,0.98,83.46万,3984.82万,35.69,2.9226,41.52亿,8.34亿
2562,002093,国脉科技,SZ,8.78,3.05,5.29,4.51,5.53,61.18,0.260,8.79,8.47,1.75,0.97,1763.87万,1.53亿,-118.08,2.3025,88.46亿,88.46亿
2563,600963,岳阳林纸,SH,4.72,3.51,7.11,5.99,1.72,61.18,0.160,4.81,4.48,2.84,1.79,4991.97万,2.32亿,160.54,1.0908,82.96亿,82.96亿
2564,600489,中金黄金,SH,28.22,1.69,9.28,4.95,8.71,61.17,0.470,28.48,27.45,1.57,1.14,7588.78万,21.24亿,14.37,4.1708,1367.91亿,1367.91亿
2565,300941,创识科技,SZ,18.41,1.71,3.89,9.38,3.66,61.16,0.310,18.50,17.95,3.15,1.02,390.35万,7150.91万,4144.92,2.9177,37.69亿,22.79亿
2566,002212,天融信,SZ,7.66,0.00,6.18,9.11,5.22,61.15,0.000,7.79,7.62,2.43,0.72,2837.45万,2.18亿,-22.42,0.9480,90.35亿,89.38亿
2567,600756,浪潮软件,SH,17.48,3.55,11.87,14.83,5.88,61.15,0.600,18.40,16.80,8.11,2.96,2627.51万,4.62亿,-17.70,2.7340,61.12亿,56.65亿
2568,002857,三晖电气,SZ,23.00,4.31,7.73,10.44,4.55,61.13,0.950,23.00,21.90,4.05,1.16,520.88万,1.18亿,-30.40,6.4419,30.05亿,29.57亿
2569,000901,航天科技,SZ,24.66,2.66,4.71,20.93,2.75,61.12,0.640,24.83,23.70,8.50,1.40,6787.86万,16.54亿,327.42,4.6341,196.84亿,196.83亿
2570,600477,杭萧钢构,SH,3.11,1.30,4.30,5.17,2.98,61.11,0.040,3.13,3.05,2.21,1.54,5214.41万,1.61亿,83.74,1.4704,73.36亿,73.36亿
2571,001210,金房能源,SZ,22.61,0.22,10.59,16.61,5.90,61.11,0.050,22.89,22.32,4.25,0.90,405.25万,9159.71万,6.68,2.4049,35.46亿,21.55亿
2572,000620,盈新发展,SZ,3.04,-2.25,9.64,24.28,8.57,61.11,-0.070,3.11,3.00,6.99,1.33,3.26亿,9.95亿,-37.38,4.8710,178.50亿,142.02亿
2573,601600,中国铝业,SH,11.90,-0.34,5.06,5.90,2.15,61.11,-0.040,11.95,11.64,1.47,0.81,1.94亿,22.85亿,9.23,2.5314,2041.44亿,1567.63亿
2574,600201,生物股份,SH,15.09,1.48,5.48,7.78,3.43,61.10,0.220,15.30,14.91,2.79,1.17,3100.03万,4.68亿,52.01,3.0718,167.76亿,167.76亿
2575,300842,帝科股份,SZ,94.25,-1.89,6.27,21.77,3.70,61.10,-1.820,96.80,93.40,6.17,0.85,797.23万,7.55亿,236.04,8.5342,136.93亿,121.70亿
2576,300513,恒实科技,SZ,9.36,0.86,3.63,8.01,3.08,61.08,0.080,9.39,9.28,2.03,0.72,583.17万,5450.35万,-27.68,5.4425,29.36亿,26.88亿
2577,688212,澳华内镜,SH,37.19,0.65,8.81,6.56,6.38,61.08,0.240,38.08,36.70,2.00,0.79,268.75万,1.00亿,-51.24,3.8946,50.08亿,50.08亿
2578,603040,新坐标,SH,82.11,1.37,6.27,5.81,3.13,61.04,1.110,82.99,80.10,2.09,1.24,283.50万,2.32亿,42.36,7.2045,112.04亿,111.46亿
2579,300766,每日互动,SZ,31.72,-1.49,13.45,30.48,8.56,61.03,-0.480,33.46,31.70,9.76,0.98,3491.64万,11.33亿,-194.53,7.9955,125.21亿,113.54亿
2580,002104,恒宝股份,SZ,14.88,0.68,8.92,28.63,4.57,61.03,0.100,14.98,14.65,3.99,0.62,2392.35万,3.56亿,-126.27,4.9387,105.40亿,89.24亿
2581,300600,国瑞科技,SZ,13.18,1.38,4.86,8.83,1.62,61.03,0.180,13.25,12.77,2.95,1.00,868.14万,1.14亿,-231.09,3.2320,38.78亿,38.78亿
2582,688631,莱斯信息,SH,58.19,-0.39,6.39,13.02,2.95,61.02,-0.230,58.88,57.65,3.94,1.21,255.73万,1.49亿,-186.39,4.9962,95.12亿,37.75亿
2583,002045,国光电器,SZ,11.62,0.87,5.05,9.00,3.01,61.01,0.100,11.68,11.42,2.41,0.62,1354.75万,1.57亿,-63.48,1.5431,65.36亿,65.27亿
2584,688775,影石创新,SH,200.21,0.76,4.10,15.03,3.81,61.00,1.510,201.08,195.41,4.51,1.05,147.96万,2.95亿,237.19,13.8400,802.84亿,65.67亿
2585,000905,厦门港务,SZ,11.51,1.86,5.87,6.12,5.50,61.00,0.210,11.57,11.23,2.31,1.34,1711.86万,1.97亿,25.98,1.9359,177.52亿,85.38亿
2586,002106,莱宝高科,SZ,11.04,1.47,4.68,5.04,5.34,60.99,0.160,11.05,10.71,1.74,1.02,1224.95万,1.34亿,55.83,1.3873,77.92亿,77.82亿
2587,001222,源飞宠物,SZ,18.98,2.04,3.40,5.36,0.74,60.98,0.380,19.10,18.46,2.09,1.17,236.59万,4464.91万,39.90,2.5444,36.23亿,21.45亿
2588,603391,力聚热能,SH,65.42,-0.37,12.56,21.65,7.97,60.97,-0.240,66.45,64.60,4.15,0.67,94.40万,6180.26万,397.50,2.6237,59.53亿,14.88亿
2589,300873,海晨股份,SZ,21.44,-0.65,3.84,4.73,1.76,60.96,-0.140,21.65,21.29,1.38,0.97,230.37万,4941.81万,1004.74,1.5372,49.44亿,35.77亿
2590,603528,多伦科技,SH,8.24,3.39,6.48,4.95,6.74,60.96,0.270,8.27,7.91,1.88,1.12,1323.74万,1.08亿,-72.09,3.0951,58.17亿,58.17亿
2591,300399,天利科技,SZ,22.95,1.37,5.31,8.84,4.18,60.95,0.310,23.14,22.42,2.73,1.00,539.37万,1.23亿,606.70,8.9672,45.35亿,45.34亿
2592,002250,联化科技,SZ,16.90,2.30,4.83,7.61,2.11,60.95,0.380,17.05,16.46,2.66,1.05,2378.39万,4.01亿,37.31,2.2251,152.08亿,151.25亿
2593,002541,鸿路钢构,SZ,20.22,-0.69,5.82,4.66,4.17,60.90,-0.140,20.44,19.86,1.32,0.73,654.36万,1.32亿,23.63,1.4157,139.52亿,100.33亿
2594,002362,汉王科技,SZ,19.32,1.63,4.86,6.56,4.32,60.88,0.310,19.46,18.94,2.80,1.39,581.85万,1.12亿,-27.94,5.2040,47.23亿,40.11亿
2595,300368,汇金股份,SZ,12.54,0.16,24.41,43.21,22.94,60.87,0.020,12.76,12.25,11.29,1.47,5974.31万,7.51亿,-178.53,137.6109,66.33亿,66.33亿
2596,600606,绿地控股,SH,1.57,3.29,7.01,4.65,0.00,60.86,0.050,1.62,1.51,1.42,0.93,2.00亿,3.15亿,27.02,0.5723,220.65亿,220.65亿
2597,688261,东微半导,SH,76.78,1.03,5.08,11.79,4.52,60.86,0.780,77.73,74.27,3.86,1.05,471.66万,3.57亿,423.33,3.1925,94.11亿,93.75亿
2598,301656,联合动力,SZ,20.36,0.44,4.85,11.50,4.04,60.85,0.090,20.45,20.10,3.20,0.51,650.72万,1.32亿,252.20,5.0754,489.62亿,41.46亿
2599,603312,西典新能,SH,40.28,-0.76,4.05,10.66,2.00,60.84,-0.310,40.57,39.67,3.28,1.09,166.86万,6676.94万,26.95,3.4954,64.45亿,20.51亿
2600,300622,博士眼镜,SZ,25.73,1.50,3.67,12.01,3.83,60.81,0.380,25.79,25.12,4.45,1.16,688.64万,1.76亿,36.73,6.1914,58.63亿,39.82亿
2601,688049,炬芯科技,SH,49.08,-0.59,4.26,12.97,2.10,60.80,-0.290,49.26,48.20,3.24,0.74,567.75万,2.77亿,44.13,4.1056,85.97亿,85.97亿
2602,002651,利君股份,SZ,9.85,2.07,3.76,4.64,2.82,60.79,0.200,9.89,9.60,2.15,1.92,1213.41万,1.19亿,80.78,3.6314,101.80亿,55.70亿
2603,688670,金迪克,SH,18.73,1.79,4.46,4.38,4.52,60.79,0.330,18.82,18.38,1.07,0.79,131.67万,2462.64万,-25.77,2.1431,23.08亿,23.08亿
2604,300158,振东制药,SZ,5.87,-0.17,5.07,7.75,2.62,60.79,-0.010,5.91,5.84,1.20,0.59,1193.70万,6995.12万,-1392.28,1.7398,58.25亿,58.20亿
2605,002373,千方科技,SZ,9.28,1.20,3.91,5.37,3.69,60.77,0.110,9.35,9.12,1.57,0.59,2166.08万,2.01亿,981.31,1.2733,146.64亿,127.84亿
2606,002492,恒基达鑫,SZ,8.23,2.11,3.98,6.65,2.36,60.76,0.170,8.24,7.97,2.59,1.21,1031.59万,8374.21万,42.46,2.0536,33.33亿,32.74亿
2607,000995,皇台酒业,SZ,14.07,1.01,6.97,17.41,4.38,60.76,0.140,14.14,13.78,5.00,0.85,887.41万,1.24亿,-129.41,15.1008,24.96亿,24.96亿
2608,300910,瑞丰新材,SZ,48.81,-0.16,6.30,8.71,4.88,60.76,-0.080,49.08,48.17,1.73,0.75,358.84万,1.74亿,25.81,3.6489,144.45亿,101.00亿
2609,688176,亚虹医药-U,SH,12.98,-2.41,6.07,9.84,0.93,60.76,-0.320,13.40,12.93,2.64,1.04,1150.18万,1.50亿,-16.49,5.0546,74.14亿,56.55亿
2610,688793,倍轻松,SH,22.63,0.22,6.73,7.59,2.86,60.75,0.050,22.78,22.40,1.59,0.75,136.56万,3087.69万,-41.78,8.7275,19.45亿,19.45亿
2611,300933,中辰股份,SZ,8.54,-0.23,6.00,8.52,4.66,60.74,-0.020,8.64,8.47,2.30,0.71,1256.55万,1.07亿,70.69,2.1997,46.72亿,46.72亿
2612,600571,信雅达,SH,13.25,1.07,5.52,5.79,4.50,60.73,0.140,13.40,13.03,2.05,0.98,936.73万,1.24亿,-18.97,5.3447,61.79亿,60.65亿
2613,688277,天智航-U,SH,20.42,2.05,4.57,5.08,2.51,60.73,0.410,20.55,19.84,1.74,0.96,793.07万,1.61亿,-50.12,8.0492,93.11亿,93.11亿
2614,603590,康辰药业,SH,35.62,1.51,3.98,6.30,0.62,60.73,0.530,36.08,34.84,2.29,1.11,362.81万,1.29亿,29.99,1.7583,56.64亿,56.36亿
2615,300841,康华生物,SZ,58.08,-1.53,5.05,6.04,1.75,60.73,-0.900,59.38,57.90,1.71,1.07,203.46万,1.19亿,68.95,2.1172,75.47亿,69.07亿
2616,600644,乐山电力,SH,11.91,-0.92,4.06,13.59,2.85,60.73,-0.110,12.14,11.86,4.77,0.99,2755.92万,3.30亿,-973.55,3.3309,68.88亿,68.88亿
2617,002615,哈尔斯,SZ,8.60,3.86,8.21,14.46,5.39,60.67,0.320,8.70,8.25,5.53,1.36,1689.84万,1.44亿,996.32,2.0196,48.14亿,26.29亿
2618,002121,科陆电子,SZ,7.22,0.98,4.75,6.67,3.88,60.67,0.070,7.28,7.08,2.44,1.17,3416.68万,2.46亿,-74.24,33.8012,119.91亿,101.07亿
2619,002681,奋达科技,SZ,5.52,1.47,5.94,8.01,5.75,60.66,0.080,5.55,5.39,2.56,1.10,4022.55万,2.21亿,-156.00,4.6487,99.06亿,86.62亿
2620,600698,湖南天雁,SH,7.61,2.56,4.92,5.64,4.10,60.66,0.190,7.62,7.38,2.87,2.56,2381.71万,1.80亿,1099.29,11.0062,81.32亿,63.20亿
2621,002532,天山铝业,SZ,16.66,-1.42,5.23,4.82,0.12,60.66,-0.240,16.92,16.38,1.68,0.97,6900.77万,11.47亿,8.69,2.4621,771.15亿,684.20亿
2622,002405,四维图新,SZ,9.42,0.43,5.54,8.29,4.32,60.66,0.040,9.49,9.33,2.02,0.77,4746.94万,4.47亿,-38.64,2.5340,223.32亿,221.90亿
2623,300772,运达股份,SZ,17.00,0.71,5.67,9.79,4.81,60.65,0.120,17.16,16.73,2.52,0.75,1758.04万,2.99亿,69.96,1.9858,133.76亿,118.64亿
2624,002702,海欣食品,SZ,6.17,2.83,4.33,14.05,2.66,60.65,0.170,6.20,5.98,4.85,0.68,2224.75万,1.36亿,74.92,3.3076,34.29亿,28.30亿
2625,002533,金杯电工,SZ,13.81,-1.07,4.66,6.82,3.83,60.63,-0.150,13.94,13.70,2.08,1.02,1324.68万,1.82亿,19.25,2.2435,101.36亿,88.06亿
2626,301057,汇隆新材,SZ,33.75,3.02,7.64,11.54,4.36,60.63,0.990,34.47,32.07,4.67,1.49,378.56万,1.27亿,60.46,5.0277,39.48亿,27.34亿
2627,300122,智飞生物,SZ,15.47,0.59,3.76,4.33,2.11,60.62,0.090,15.74,15.39,1.60,1.23,2262.19万,3.52亿,-23.84,2.3967,370.32亿,218.79亿
2628,603122,合富中国,SH,16.04,1.91,7.38,16.01,6.58,60.62,0.300,16.17,15.66,6.02,1.30,2398.02万,3.82亿,-192.66,6.1169,63.85亿,63.85亿
2629,301378,通达海,SZ,35.57,-1.74,9.04,39.26,7.17,60.61,-0.630,36.58,35.31,11.04,0.81,507.08万,1.82亿,-20.92,2.8919,34.36亿,16.33亿
2630,603988,中电电机,SH,26.55,3.11,7.07,8.99,6.58,60.60,0.800,26.74,25.42,3.89,1.47,914.71万,2.40亿,346.82,9.3696,62.45亿,62.45亿
2631,002427,尤夫股份,SZ,5.88,3.34,6.74,7.81,1.55,60.60,0.190,5.95,5.63,2.74,1.27,2701.24万,1.57亿,-72.23,6.1212,57.94亿,57.89亿
2632,603612,索通发展,SH,24.85,-1.43,3.45,7.62,-0.24,60.59,-0.360,25.16,24.73,2.68,1.07,1333.49万,3.32亿,15.00,2.0950,123.78亿,123.78亿
2633,300658,延江股份,SZ,22.92,-1.84,11.73,34.95,5.48,60.57,-0.430,23.64,22.60,8.59,0.83,1897.12万,4.35亿,60.69,5.6458,76.27亿,50.62亿
2634,300413,芒果超媒,SZ,20.22,0.75,4.73,4.90,4.01,60.57,0.150,20.42,19.96,1.69,0.92,1731.25万,3.50亿,47.43,1.6050,378.26亿,206.59亿
2635,300298,三诺生物,SZ,17.04,0.00,4.15,5.53,2.47,60.56,0.000,17.14,16.97,1.40,0.59,629.60万,1.07亿,24.43,3.2074,95.47亿,76.84亿
2636,600850,电科数字,SH,20.44,2.66,6.15,5.67,5.69,60.55,0.530,20.64,19.85,2.09,1.09,1422.16万,2.89亿,137.73,2.8320,139.03亿,139.03亿
2637,002165,红 宝 丽,SZ,9.00,2.16,5.36,19.96,4.90,60.55,0.190,9.06,8.73,8.67,1.76,6308.42万,5.64亿,-68.90,3.3097,66.17亿,65.48亿
2638,300493,润欣科技,SZ,16.75,-0.77,3.40,10.04,3.46,60.55,-0.130,16.86,16.60,2.76,0.99,1397.60万,2.34亿,127.37,7.4093,85.85亿,84.86亿
2639,000915,华特达因,SZ,28.96,0.52,4.39,5.49,0.00,60.53,0.150,29.57,28.83,1.86,1.09,434.87万,1.27亿,15.34,2.2838,67.86亿,67.82亿
2640,688070,纵横股份,SH,46.81,1.74,6.02,7.70,2.88,60.53,0.800,47.34,45.54,2.81,1.44,248.33万,1.16亿,-56.35,6.9315,41.39亿,41.39亿
2641,301127,武汉天源,SZ,14.58,2.03,9.04,6.16,6.27,60.53,0.290,14.75,14.01,1.82,0.88,1190.29万,1.72亿,54.94,2.9033,98.28亿,95.39亿
2642,605196,华通线缆,SH,43.68,-0.70,8.99,8.01,2.30,60.53,-0.310,44.95,42.83,2.67,1.31,1347.93万,5.89亿,86.45,6.5921,223.19亿,220.57亿
2643,301491,汉桑科技,SZ,51.28,1.10,4.63,13.07,4.23,60.52,0.560,51.28,50.40,4.07,1.25,116.44万,5933.07万,56.72,3.0388,66.15亿,14.66亿
2644,002864,盘龙药业,SZ,31.36,2.15,5.62,11.38,3.70,60.51,0.660,31.80,30.50,5.78,1.77,425.69万,1.33亿,38.29,1.9507,33.33亿,23.11亿
2645,002592,ST八菱,SZ,8.21,2.63,5.29,4.73,3.40,60.51,0.210,8.30,7.97,2.01,1.03,528.13万,4296.66万,24.03,2.4011,23.26亿,21.57亿
2646,600728,佳都科技,SH,5.65,0.89,7.12,5.84,5.81,60.50,0.050,5.75,5.56,1.84,0.89,3927.55万,2.22亿,244.40,1.5254,120.49亿,120.49亿
2647,600868,梅雁吉祥,SH,3.60,0.00,6.45,12.55,5.57,60.48,0.000,3.64,3.54,4.04,1.20,7673.38万,2.75亿,-116.23,3.5319,68.33亿,68.33亿
2648,002296,辉煌科技,SZ,11.90,0.93,5.31,13.57,5.31,60.48,0.110,11.95,11.78,4.00,0.98,1388.96万,1.65亿,13.70,1.8465,46.36亿,41.33亿
2649,600865,百大集团,SH,11.75,1.47,4.00,7.29,2.09,60.48,0.170,11.82,11.55,2.37,0.75,890.34万,1.04亿,39.96,1.9129,44.21亿,44.21亿
2650,603099,长白山,SH,35.76,1.39,5.15,6.59,2.32,60.46,0.490,36.07,35.05,2.03,0.97,553.41万,1.98亿,300.73,6.4667,97.39亿,97.39亿
2651,002016,世荣兆业,SZ,5.40,0.37,3.72,5.26,0.37,60.46,0.020,5.44,5.35,1.55,0.93,1254.90万,6765.47万,53.02,0.8856,43.69亿,43.69亿
2652,002879,长缆科技,SZ,18.60,2.71,7.73,19.76,3.45,60.44,0.490,18.98,17.97,6.18,0.95,846.98万,1.57亿,662.68,2.1303,35.92亿,25.51亿
2653,300963,中洲特材,SZ,17.49,1.04,4.45,12.48,3.86,60.44,0.180,17.55,17.11,3.89,1.25,1081.78万,1.88亿,104.32,7.1442,80.22亿,48.68亿
2654,300940,南极光,SZ,20.83,0.87,9.41,17.36,5.36,60.43,0.180,20.98,20.18,4.58,0.88,721.92万,1.48亿,185.64,3.9504,46.38亿,32.80亿
2655,300551,古鳌科技,SZ,14.89,1.15,3.62,9.38,3.76,60.43,0.170,14.95,14.54,2.35,0.76,797.98万,1.18亿,-36.71,16.5248,50.64亿,50.49亿
2656,002119,康强电子,SZ,22.10,-1.07,4.94,26.15,5.38,60.42,-0.240,22.10,21.75,6.36,0.93,2386.79万,5.24亿,81.41,5.9594,82.94亿,82.94亿
2657,002284,亚太股份,SZ,13.42,3.15,5.94,11.41,0.98,60.42,0.410,13.51,12.88,3.53,0.94,2583.61万,3.43亿,17.45,2.8293,99.19亿,98.09亿
2658,002630,*ST华西,SZ,1.99,2.05,10.05,15.57,0.00,60.42,0.040,2.03,1.96,2.75,0.60,2956.80万,5913.20万,-31.97,-30.8614,23.50亿,21.42亿
2659,301208,中亦科技,SZ,35.31,0.17,3.82,6.80,3.82,60.41,0.060,35.47,34.96,2.34,1.29,154.40万,5438.65万,164.03,2.7078,42.37亿,23.33亿
2660,603108,润达医疗,SH,13.94,1.46,6.70,9.10,3.80,60.40,0.200,14.40,13.93,4.34,1.92,2621.67万,3.71亿,-39.28,2.2885,84.16亿,84.16亿
2661,603000,人民网,SH,19.95,-0.30,7.43,7.30,5.11,60.40,-0.060,20.49,19.91,2.20,1.07,2437.67万,4.89亿,-165.81,5.7328,220.59亿,220.59亿
2662,002279,久其软件,SZ,8.14,2.39,12.23,15.70,8.24,60.39,0.190,8.47,7.94,7.50,1.77,5920.96万,4.85亿,-20.48,5.0260,70.18亿,64.27亿
2663,000417,合百集团,SZ,7.02,-1.27,9.12,8.79,4.93,60.39,-0.090,7.11,6.97,2.11,0.85,1645.04万,1.15亿,21.29,1.1491,54.75亿,54.69亿
2664,002949,华阳国际,SZ,14.65,2.30,4.79,12.11,1.81,60.38,0.330,14.74,14.23,3.62,1.03,550.58万,8016.06万,160.73,1.9565,28.72亿,22.25亿
2665,301668,昊创瑞通,SZ,45.52,0.84,3.47,14.88,2.55,60.37,0.380,45.95,44.70,5.33,0.89,129.57万,5864.54万,155.93,4.9474,50.07亿,11.07亿
2666,300427,红相股份,SZ,11.29,0.44,3.49,12.65,3.67,60.37,0.050,11.38,11.05,4.20,0.93,2112.50万,2.37亿,403.82,4.7770,57.41亿,56.79亿
2667,300078,思创智联,SZ,4.07,2.26,5.13,7.43,4.36,60.35,0.090,4.12,3.96,3.13,1.57,3486.02万,1.42亿,-125.16,9.0206,45.50亿,45.31亿
2668,001382,新亚电缆,SZ,20.88,1.11,4.04,22.27,4.09,60.34,0.230,20.89,20.47,7.65,1.30,481.69万,9973.94万,83.56,5.2450,86.03亿,13.15亿
2669,300528,幸福蓝海,SZ,15.80,-0.32,4.27,8.92,0.64,60.33,-0.050,15.98,15.71,2.43,0.94,905.29万,1.43亿,-351.65,15.3400,58.87亿,58.87亿
2670,300168,万达信息,SZ,5.90,1.20,4.33,5.45,2.08,60.31,0.070,6.03,5.84,1.76,0.81,2535.11万,1.51亿,-53.58,8.2660,85.00亿,84.91亿
2671,603123,翠微股份,SH,11.85,-0.67,4.14,11.82,2.16,60.30,-0.080,11.95,11.76,2.47,0.68,1607.91万,1.91亿,-77.90,5.8105,94.65亿,77.29亿
2672,301376,致欧科技,SZ,17.66,0.00,8.71,8.93,6.07,60.29,0.000,18.10,17.57,2.52,0.61,487.25万,8661.45万,23.63,2.0684,71.08亿,34.20亿
2673,688084,晶品特装,SH,69.77,0.52,4.83,7.48,1.51,60.28,0.360,70.62,68.50,2.39,0.84,180.68万,1.26亿,-628.57,3.4425,52.79亿,52.79亿
2674,002694,*ST顾地,SZ,2.96,3.86,7.29,9.67,2.78,60.26,0.110,2.99,2.83,2.76,0.67,1981.37万,5838.30万,-60.16,-30.0191,22.59亿,21.28亿
2675,001386,马可波罗,SZ,19.09,1.01,3.54,11.99,2.47,60.26,0.190,19.28,18.87,4.56,1.11,490.42万,9380.81万,35.73,1.8657,228.11亿,20.53亿
2676,002682,龙洲股份,SZ,6.27,3.13,5.82,12.66,4.33,60.26,0.190,6.30,6.11,5.70,1.73,3207.40万,2.00亿,-19.14,6.6917,35.26亿,35.26亿
2677,300279,和晶科技,SZ,7.95,2.19,4.83,12.79,1.02,60.25,0.170,7.98,7.63,3.53,0.86,1721.06万,1.35亿,94.51,3.7177,38.88亿,38.71亿
2678,300589,江龙船艇,SZ,17.03,2.16,4.48,26.80,3.02,60.25,0.360,17.10,16.40,10.35,1.14,2425.92万,4.10亿,502.30,9.2566,64.32亿,39.92亿
2679,300641,正丹股份,SZ,17.80,-0.22,3.49,5.07,1.71,60.24,-0.040,17.95,17.70,1.40,0.56,735.71万,1.31亿,34.81,2.8540,93.55亿,93.55亿
2680,300898,熊猫乳品,SZ,24.86,2.35,4.12,10.65,3.41,60.22,0.570,24.97,24.28,4.19,1.19,481.12万,1.19亿,45.62,2.9647,30.83亿,28.52亿
2681,603381,永臻股份,SH,24.29,-0.65,5.55,13.73,0.62,60.22,-0.160,24.43,23.97,3.49,0.76,495.75万,1.20亿,59.13,1.7233,57.63亿,34.53亿
2682,600219,南山铝业,SH,5.56,0.72,6.15,6.01,3.54,60.17,0.040,5.64,5.45,1.87,0.75,2.15亿,11.86亿,14.50,1.2532,638.49亿,638.49亿
2683,002218,拓日新能,SZ,5.91,0.85,8.42,28.86,8.24,60.17,0.050,5.95,5.71,9.71,1.15,1.35亿,7.90亿,-51.63,2.1178,83.23亿,82.01亿
2684,002912,中新赛克,SZ,25.15,1.00,4.40,5.44,3.50,60.16,0.250,25.49,24.91,1.61,0.57,261.79万,6590.13万,-13.09,2.6275,42.94亿,40.80亿
2685,002103,广博股份,SZ,8.29,-0.48,5.01,6.89,3.75,60.16,-0.040,8.33,8.24,1.67,0.79,649.59万,5375.69万,54.44,3.5250,44.29亿,32.18亿
2686,600638,新黄浦,SH,6.32,1.44,3.84,5.22,1.12,60.16,0.090,6.32,6.20,1.43,0.76,961.54万,6029.08万,7.69,0.9101,42.56亿,42.56亿
2687,002721,金一文化,SZ,3.10,-0.32,4.23,5.61,0.98,60.14,-0.010,3.13,3.06,1.46,0.73,3889.34万,1.20亿,60.92,3.8307,82.44亿,82.44亿
2688,002828,贝肯能源,SZ,11.67,2.82,5.45,24.50,0.86,60.14,0.320,11.74,11.40,7.33,0.84,1472.89万,1.71亿,-8.01,3.5857,23.46亿,23.46亿
2689,002161,远 望 谷,SZ,7.19,1.70,7.57,10.82,6.68,60.14,0.120,7.24,6.87,3.14,0.73,2320.98万,1.65亿,-34.70,3.4970,53.19亿,53.18亿
2690,301166,优宁维,SZ,32.18,1.61,4.22,9.03,3.74,60.14,0.510,32.19,31.67,2.84,0.99,161.46万,5156.33万,-82.06,1.3992,27.89亿,18.32亿
2691,002038,双鹭药业,SZ,6.50,-1.52,4.16,12.56,0.15,60.14,-0.100,6.63,6.48,3.24,0.58,2760.17万,1.80亿,-19.39,1.3106,66.78亿,55.37亿
2692,002537,海联金汇,SZ,7.50,0.13,3.57,7.23,3.02,60.13,0.010,7.55,7.34,2.18,0.95,2551.59万,1.91亿,42.35,2.0059,88.05亿,87.69亿
2693,300673,佩蒂股份,SZ,16.42,3.60,4.78,7.90,1.86,60.11,0.570,16.44,15.67,3.81,1.75,610.63万,9859.65万,125.82,2.3098,40.61亿,26.34亿
2694,002607,中公教育,SZ,2.71,1.50,3.77,7.91,2.26,60.10,0.040,2.72,2.67,2.95,1.09,1.64亿,4.42亿,88.29,20.7736,167.14亿,150.23亿
2695,001326,联域股份,SZ,57.86,0.16,8.40,21.98,2.97,60.08,0.090,58.60,56.51,5.60,0.93,134.93万,7787.40万,69.76,3.4265,42.35亿,13.95亿
2696,601929,吉视传媒,SH,3.06,0.66,6.19,9.47,5.15,60.07,0.020,3.09,3.01,3.15,1.30,1.10亿,3.37亿,-26.68,2.2820,106.79亿,106.79亿
2697,002550,千红制药,SZ,7.09,-0.28,5.00,5.13,1.29,60.07,-0.020,7.15,7.04,1.25,0.78,1177.28万,8346.92万,26.67,3.1790,90.74亿,66.73亿
2698,300785,值得买,SZ,53.53,-1.85,14.82,42.46,8.54,60.06,-1.010,57.05,53.40,17.89,2.04,2188.35万,12.06亿,744.16,5.4183,106.45亿,65.49亿
2699,001285,瑞立科密,SZ,54.30,1.88,4.40,15.36,4.30,60.05,1.000,54.76,52.58,6.21,1.64,257.81万,1.38亿,29.58,2.5273,97.84亿,22.53亿
2700,603917,合力科技,SH,12.89,1.58,3.92,11.15,3.04,60.05,0.200,12.89,12.60,2.37,0.56,483.35万,6185.24万,-119.93,1.5651,26.27亿,26.27亿
2701,002791,坚朗五金,SZ,18.79,2.79,5.56,7.64,2.34,60.04,0.510,19.25,18.23,4.05,2.16,882.62万,1.66亿,-34.49,1.2439,66.50亿,40.91亿
2702,000753,漳州发展,SZ,6.86,0.73,5.85,12.17,2.85,60.03,0.050,6.90,6.71,3.85,0.81,3817.20万,2.60亿,86.58,2.4726,68.02亿,68.02亿
2703,600715,文投控股,SH,2.09,2.96,8.33,5.85,2.45,60.03,0.060,2.18,2.03,2.63,1.63,7540.85万,1.58亿,-655.01,7.8488,84.85亿,59.82亿
2704,688327,云从科技-UW,SH,14.44,-1.63,7.04,14.44,4.79,60.03,-0.240,14.96,14.41,4.64,1.16,3867.26万,5.65亿,-288.04,19.9290,149.97亿,120.35亿
2705,300274,阳光电源,SZ,139.85,0.25,5.23,11.84,1.78,60.01,0.350,142.99,138.00,3.87,0.72,6154.47万,86.80亿,31.64,6.1375,2899.39亿,2223.64亿
2706,600362,江西铜业,SH,48.76,2.44,8.84,9.05,7.26,60.00,1.160,49.30,46.51,3.38,1.48,7011.11万,33.53亿,14.98,2.0074,1688.43亿,1011.89亿
2707,002043,兔 宝 宝,SZ,15.45,1.58,7.89,5.10,4.18,60.00,0.240,15.65,15.22,1.28,0.80,1033.22万,1.60亿,21.65,3.7178,128.20亿,124.76亿
2708,000799,酒鬼酒,SZ,43.59,0.67,5.25,6.38,2.08,59.99,0.290,43.95,42.91,1.84,0.85,597.17万,2.60亿,106.72,3.7557,141.64亿,141.62亿
2709,300188,国投智能,SZ,13.03,1.09,6.43,4.56,4.66,59.99,0.140,13.38,12.95,1.89,1.61,1614.92万,2.12亿,-18.43,4.4862,111.99亿,111.47亿
2710,001380,华纬科技,SZ,19.56,1.93,4.02,6.92,3.38,59.99,0.370,19.70,19.07,3.28,1.55,288.73万,5617.01万,31.76,2.6945,52.98亿,17.21亿
2711,600383,金地集团,SH,2.97,0.00,6.55,6.80,2.41,59.98,0.000,3.04,2.95,1.78,0.77,8030.01万,2.39亿,-4.93,0.2997,134.08亿,134.08亿
2712,688435,英方软件,SH,42.20,-1.86,6.65,13.33,2.85,59.98,-0.800,43.28,40.77,5.03,1.34,282.03万,1.20亿,-73.60,3.2531,35.24亿,23.65亿
2713,688598,金博股份,SH,25.11,-1.34,4.56,8.61,1.29,59.97,-0.340,25.45,24.69,3.13,1.26,637.78万,1.59亿,-16.58,1.3505,52.12亿,51.12亿
2714,688469,芯联集成-U,SH,6.96,-0.14,4.64,9.32,1.02,59.97,-0.010,7.00,6.86,2.55,0.91,1.13亿,7.85亿,-165.07,4.4986,583.44亿,308.31亿
2715,002555,三七互娱,SZ,22.35,0.68,6.58,9.23,4.29,59.96,0.150,22.71,22.12,3.42,1.14,5422.91万,12.17亿,14.15,3.4108,494.44亿,354.77亿
2716,002056,横店东磁,SZ,19.64,-0.51,3.85,5.01,3.70,59.96,-0.100,19.74,19.46,1.42,0.96,2299.87万,4.51亿,20.70,2.8993,319.49亿,319.16亿
2717,300601,康泰生物,SZ,14.53,1.82,4.47,5.61,3.05,59.94,0.260,14.71,14.30,2.53,1.52,2275.12万,3.31亿,121.70,1.7729,162.29亿,130.82亿
2718,688244,永信至诚,SH,20.37,-0.44,5.52,4.40,3.19,59.93,-0.090,20.91,20.28,1.32,0.94,199.60万,4106.74万,-32.76,3.2437,30.75亿,30.75亿
2719,301505,苏州规划,SZ,23.35,1.13,3.78,10.22,0.17,59.90,0.260,23.45,23.00,2.99,0.79,233.75万,5429.94万,282.03,2.7389,26.71亿,18.26亿
2720,000875,电投绿能,SZ,6.74,-0.15,6.13,5.55,3.22,59.89,-0.010,6.93,6.69,1.91,1.25,6370.23万,4.33亿,22.29,1.3910,244.48亿,225.28亿
2721,300360,炬华科技,SZ,14.89,-0.67,4.42,5.15,2.90,59.88,-0.100,14.97,14.73,1.36,0.71,679.87万,1.01亿,20.09,1.8010,76.56亿,74.49亿
2722,002094,青岛金王,SZ,6.24,2.30,7.72,11.98,4.70,59.88,0.140,6.42,6.03,5.85,2.29,4036.36万,2.53亿,138.42,2.9206,43.11亿,43.08亿
2723,300837,浙矿股份,SZ,35.25,2.03,5.61,6.80,2.47,59.85,0.700,35.49,33.56,2.52,0.90,190.26万,6601.78万,73.68,2.4970,35.25亿,26.65亿
2724,300869,康泰医学,SZ,13.06,2.11,4.03,4.81,1.16,59.85,0.270,13.27,12.75,2.43,1.83,641.48万,8408.14万,-159.18,3.0968,52.48亿,34.50亿
2725,301448,开创电气,SZ,39.99,0.65,4.09,5.24,1.63,59.85,0.260,40.14,38.80,1.60,0.77,77.32万,3066.08万,-839.17,6.0440,41.83亿,19.31亿
2726,300795,米奥会展,SZ,11.14,0.81,3.49,6.25,2.30,59.84,0.090,11.18,11.00,1.77,0.74,307.93万,3419.23万,-33.72,5.8619,33.30亿,19.38亿
2727,605398,新炬网络,SH,27.96,0.39,6.50,4.45,5.07,59.84,0.110,28.54,27.85,1.48,1.13,241.49万,6788.73万,362.90,4.3788,45.50亿,45.50亿
2728,600416,湘电股份,SH,12.99,1.56,4.53,5.40,5.01,59.83,0.200,13.04,12.68,1.93,1.21,2848.86万,3.68亿,94.24,1.9692,191.70亿,191.70亿
2729,301315,威士顿,SZ,52.57,0.21,3.55,14.84,2.98,59.80,0.110,52.87,51.90,4.56,1.09,168.57万,8862.14万,125.48,4.4759,46.26亿,19.45亿
2730,300942,易瑞生物,SZ,7.89,0.90,3.55,4.58,0.00,59.79,0.070,7.95,7.79,1.31,0.73,531.23万,4188.77万,-77.88,3.8402,31.96亿,31.96亿
2731,300792,壹网壹创,SZ,36.40,-0.46,8.68,12.08,5.10,59.78,-0.170,37.85,36.20,5.28,1.96,1121.17万,4.13亿,68.69,2.9365,86.25亿,77.36亿
2732,600452,涪陵电力,SH,12.15,1.00,7.58,9.21,4.65,59.77,0.120,12.55,11.97,4.07,1.75,6260.61万,7.63亿,36.37,3.2491,186.69亿,186.69亿
2733,603036,如通股份,SH,17.27,0.82,5.56,7.50,-0.06,59.75,0.140,17.50,17.01,2.48,1.16,511.47万,8843.75万,40.23,2.5252,35.58亿,35.58亿
2734,600558,大西洋,SH,5.87,1.03,4.00,6.33,2.09,59.74,0.060,5.87,5.78,1.78,0.58,1594.61万,9286.46万,23.64,2.1240,52.69亿,52.69亿
2735,300047,天源迪科,SZ,12.79,-0.16,4.62,12.55,3.65,59.74,-0.020,12.97,12.68,4.12,1.12,2366.17万,3.04亿,131.53,2.4681,81.57亿,73.40亿
2736,301033,迈普医学,SZ,57.22,2.88,9.73,9.28,3.92,59.74,1.600,58.75,55.00,3.33,1.03,187.50万,1.07亿,46.30,4.6790,38.37亿,32.25亿
2737,300678,中科信息,SZ,29.60,0.51,4.45,7.48,3.79,59.73,0.150,29.92,29.30,2.43,1.28,708.31万,2.10亿,472.49,10.1934,87.73亿,86.19亿
2738,300215,电科院,SZ,8.83,-0.34,5.96,12.07,3.15,59.73,-0.030,8.98,8.73,3.86,0.89,2891.95万,2.55亿,813.56,3.3219,66.15亿,66.15亿
2739,002597,金禾实业,SZ,23.60,3.19,4.50,5.09,1.16,59.72,0.730,23.85,22.82,2.32,2.01,1314.86万,3.09亿,34.95,1.6964,134.12亿,133.87亿
2740,603185,弘元绿能,SH,21.70,-0.96,8.38,12.56,-0.05,59.71,-0.210,21.91,21.08,4.31,1.25,2927.06万,6.28亿,-12.74,1.2561,148.23亿,147.35亿
2741,300815,玉禾田,SZ,22.25,1.92,4.82,4.65,4.02,59.70,0.420,22.28,21.65,2.06,1.34,803.05万,1.77亿,13.50,1.8860,88.69亿,86.86亿
2742,000576,甘化科工,SZ,9.02,2.38,4.31,7.97,2.27,59.68,0.210,9.03,8.68,2.72,1.02,1180.97万,1.05亿,508.95,2.3832,39.36亿,39.13亿
2743,300123,ST亚光,SZ,4.60,2.00,11.03,29.04,15.29,59.65,0.090,4.62,4.37,8.00,1.00,7955.57万,3.57亿,-39.79,15.0599,47.00亿,45.72亿
2744,001379,腾达科技,SZ,22.41,1.04,5.46,15.43,2.00,59.65,0.230,22.60,21.91,4.32,1.00,290.92万,6498.86万,59.79,2.9698,44.82亿,15.08亿
