序号,代码,名称,市场代码简称,最新价(元) 2026.05.08,涨跌幅(%) 2026.05.08,振幅(%) 2026.05.08,换手率(%) 2026.05.08,阶段强势股 2026.05.08,热门板块 2026.05.08,主力净额(元) 2026.05.08,区间主力净额 2026.04.29 - 2026.05.08,主力净占比(%) 2026.05.08,涨跌额(元) 2026.05.08,最高价(元) 2026.05.08,最低价(元) 2026.05.08,量比 2026.05.08,成交量(股) 2026.05.08,成交额(元) 2026.05.08,市盈率(动)(倍) 2026.05.08,市净率(倍) 2026.05.08,总市值(元) 2026.05.08,流通市值(元) 2026.05.08
1,920270,天铭科技,BJ,20.64,29.97,29.97,12.04,符合,-,1.05亿,1.04亿,54.81,4.760,20.64,15.88,10.32,976.66万,1.91亿,90.23,5.2026,21.59亿,16.74亿
2,002474,榕基软件,SZ,8.34,10.03,9.76,6.70,符合,华为概念,1.17亿,9521.13万,40.62,0.760,8.34,7.60,1.79,3543.47万,2.88亿,-166.42,3.9345,51.89亿,44.10亿
3,002030,达安基因,SZ,6.64,9.93,7.78,5.68,符合,央国企改革,2.01亿,2.18亿,38.73,0.600,6.64,6.17,4.48,7976.63万,5.18亿,-23.74,1.3238,93.19亿,93.19亿
4,000710,贝瑞基因,SZ,10.99,10.01,9.31,6.57,符合,-,8796.57万,7947.89万,37.96,1.000,10.99,10.06,3.57,2165.55万,2.32亿,-49.21,2.6739,38.85亿,36.22亿
5,002642,荣联科技,SZ,9.08,10.06,10.06,8.08,符合,华为概念、5G概念、央国企改革、通信技术,1.77亿,1.77亿,37.24,0.830,9.08,8.25,3.05,5346.05万,4.76亿,1841.05,5.0555,60.07亿,60.07亿
6,600783,鲁信创投,SH,24.84,10.01,8.59,4.16,符合,央国企改革,2.62亿,2.05亿,34.88,2.260,24.84,22.90,1.02,3095.37万,7.52亿,-297.33,4.2010,184.90亿,184.90亿
7,600536,中国软件,SH,43.45,10.00,10.51,4.11,符合,央国企改革,4.94亿,5.47亿,33.77,3.950,43.45,39.30,2.20,3467.10万,14.62亿,-137.60,11.5415,405.73亿,366.57亿
8,600076,康欣新材,SH,3.60,10.09,8.87,2.47,符合,央国企改革,3812.21万,2249.84万,32.49,0.330,3.60,3.31,1.20,3318.23万,1.17亿,-23.32,1.3597,48.40亿,48.40亿
9,002965,祥鑫科技,SZ,34.93,10.02,10.99,9.31,符合,5G概念、华为概念、新能源车、通信技术,1.88亿,2.09亿,31.10,3.180,34.93,31.44,2.38,1773.60万,6.05亿,-135.79,2.1857,92.70亿,66.51亿
10,003036,泰坦股份,SZ,41.91,10.00,7.01,2.31,符合,-,5967.45万,1.54亿,29.10,3.810,41.91,39.24,0.21,499.74万,2.05亿,110.48,6.3828,90.64亿,90.64亿
11,600984,建设机械,SH,4.71,10.05,11.45,5.44,符合,央国企改革,8635.25万,1.03亿,28.11,0.430,4.71,4.22,2.54,6837.09万,3.07亿,-5.30,3.3097,59.21亿,59.21亿
12,000036,华联控股,SZ,6.07,9.96,7.43,7.03,符合,-,1.65亿,1.08亿,27.88,0.550,6.07,5.66,1.92,9868.95万,5.91亿,81.81,1.6568,85.21亿,85.16亿
13,002997,瑞鹄模具,SZ,33.70,9.99,10.44,4.88,符合,新能源车,9205.01万,9056.86万,27.62,3.060,33.70,30.50,2.52,1020.78万,3.33亿,16.52,2.7369,70.54亿,70.54亿
14,002256,兆新股份,SZ,5.28,10.00,12.08,12.67,符合,-,3.42亿,4.63亿,26.44,0.480,5.28,4.70,1.35,2.49亿,12.95亿,245.48,8.7170,105.28亿,103.89亿
15,002520,日发精机,SZ,6.75,9.93,10.59,11.32,符合,-,1.41亿,2.24亿,26.43,0.610,6.75,6.10,1.66,8120.38万,5.32亿,37.43,17.1072,50.64亿,48.43亿
16,600343,航天动力,SH,38.48,10.01,11.15,10.75,符合,央国企改革,6.57亿,5.05亿,25.86,3.500,38.48,34.58,2.06,6859.33万,25.41亿,-276.14,19.2820,245.58亿,245.58亿
17,603311,金海高科,SH,23.10,10.00,11.48,6.54,符合,新能源车,8928.82万,7858.27万,25.29,2.100,23.10,20.69,1.56,1543.24万,3.53亿,38.50,4.0412,54.49亿,54.49亿
18,002211,ST宏达,SZ,3.79,4.99,5.26,2.64,符合,-,1066.30万,-336.90万,25.01,0.180,3.79,3.60,1.00,1143.01万,4263.70万,213.69,33.9541,16.39亿,16.39亿
19,002866,传艺科技,SZ,29.34,10.01,5.85,21.35,符合,华为概念,2.78亿,2.78亿,24.74,2.670,29.34,27.78,1.10,3868.73万,11.25亿,138.82,4.0613,84.95亿,53.17亿
20,300258,精锻科技,SZ,14.06,19.97,20.99,13.55,符合,新能源车,2.51亿,2.65亿,24.66,2.340,14.06,11.60,6.52,7722.94万,10.19亿,699.75,1.7484,82.26亿,80.13亿
21,600480,凌云股份,SH,11.61,10.05,11.00,5.23,符合,央国企改革、新能源车,1.73亿,2.37亿,24.28,1.060,11.61,10.45,2.24,6341.41万,7.12亿,23.13,1.7199,141.90亿,140.82亿
22,000782,恒申新材,SZ,8.23,10.03,9.76,3.72,符合,-,3846.57万,6905.98万,24.26,0.750,8.23,7.50,0.47,1964.45万,1.59亿,-263.04,3.4947,56.51亿,43.47亿
23,000863,三湘印象,SZ,5.63,9.96,9.77,4.07,符合,-,6220.63万,1.21亿,23.78,0.510,5.63,5.13,1.18,4739.99万,2.62亿,-327.31,1.5273,66.47亿,65.49亿
24,002599,盛通股份,SZ,7.24,5.54,5.98,6.38,符合,-,4214.66万,2443.03万,23.55,0.380,7.25,6.84,2.57,2538.14万,1.79亿,-123.72,3.1238,38.57亿,28.81亿
25,600589,大位科技,SH,12.51,10.03,12.23,24.26,符合,-,10.08亿,17.64亿,23.46,1.140,12.51,11.12,2.18,3.59亿,42.97亿,-145.73,29.9055,185.73亿,184.96亿
26,603373,安邦护卫,SH,43.95,10.01,10.46,9.13,符合,央国企改革,4076.99万,3591.97万,23.14,4.000,43.95,39.77,4.00,414.90万,1.76亿,50.70,2.5256,47.26亿,19.97亿
27,000659,珠海中富,SZ,4.40,10.00,11.00,4.75,符合,-,6000.61万,-627.54万,23.04,0.400,4.40,3.96,1.99,6102.09万,2.60亿,-262.25,61.5083,56.57亿,56.57亿
28,002902,铭普光磁,SZ,36.18,10.00,11.25,11.91,符合,5G概念、华为概念、国产芯片、新能源车、光通信模块、CPO概念、通信技术,1.67亿,1.50亿,22.77,3.290,36.18,32.48,0.50,2115.54万,7.33亿,-92.99,14.0114,85.03亿,64.27亿
29,688306,均普智能,SH,10.09,4.78,8.62,2.06,符合,新能源车,5686.11万,2779.51万,22.39,0.460,10.38,9.55,2.38,2524.20万,2.54亿,-90.31,7.0840,123.93亿,123.93亿
30,688031,星环科技-U,SH,153.60,2.12,8.13,11.37,符合,-,4.72亿,6.71亿,22.31,3.190,160.00,147.77,2.03,1377.84万,21.14亿,-83.07,23.0703,186.06亿,186.06亿
31,600778,友好集团,SH,7.00,1.74,2.03,2.16,符合,-,1028.02万,160.70万,22.07,0.120,7.00,6.86,0.65,671.64万,4657.26万,25.80,8.6260,21.80亿,21.79亿
32,920132,泰鹏智能,BJ,14.44,1.98,2.82,2.68,符合,-,234.64万,347.55万,21.75,0.280,14.48,14.08,0.96,75.41万,1079.02万,32.72,4.4108,11.96亿,4.06亿
33,603758,秦安股份,SH,13.44,9.98,9.98,2.75,符合,新能源车,3331.89万,1576.80万,21.20,1.220,13.44,12.22,2.55,1207.38万,1.57亿,62.90,2.2731,58.97亿,58.97亿
34,002031,巨轮智能,SZ,7.06,9.97,8.57,11.86,符合,-,3.24亿,5.82亿,20.87,0.640,7.06,6.51,3.87,2.27亿,15.54亿,-108.30,8.0007,155.28亿,135.10亿
35,002552,宝鼎科技,SZ,27.65,9.98,7.84,3.09,符合,央国企改革,6369.78万,1.02亿,20.76,2.510,27.65,25.68,0.79,1139.05万,3.07亿,40.61,6.8506,107.28亿,101.89亿
36,002009,天奇股份,SZ,26.96,10.00,11.18,14.49,符合,新能源车,2.76亿,2.96亿,20.69,2.450,26.96,24.22,2.46,5129.91万,13.33亿,110.17,5.2812,108.44亿,95.47亿
37,603950,长源东谷,SH,68.50,7.37,12.46,5.57,符合,-,2.46亿,5.82亿,20.69,4.700,70.00,62.05,1.90,1802.75万,11.87亿,67.00,7.1715,222.03亿,221.67亿
38,600078,澄星股份,SH,14.75,9.99,8.58,12.45,符合,-,2.47亿,3.38亿,20.62,1.340,14.75,13.60,2.10,8246.69万,11.98亿,90.48,5.8581,99.83亿,97.73亿
39,600545,卓郎智能,SH,5.51,9.98,9.98,8.88,符合,华为概念,1.77亿,1.15亿,20.61,0.500,5.51,5.01,0.96,1.59亿,8.57亿,-81.84,3.7582,98.51亿,98.51亿
40,920028,新恒泰,BJ,18.90,11.97,13.57,23.71,符合,5G概念,5572.88万,4200.84万,20.20,2.020,19.19,16.90,2.94,1540.33万,2.76亿,35.16,2.7404,31.06亿,12.28亿
41,603667,五洲新春,SH,78.17,10.01,9.67,10.42,符合,新能源车,5.81亿,7.88亿,20.13,7.110,78.17,71.30,2.05,3814.99万,28.87亿,243.11,7.5052,299.51亿,286.26亿
42,688480,赛恩斯,SH,109.03,3.43,7.98,4.08,符合,-,8130.73万,1.78亿,19.52,3.620,111.01,102.60,1.16,388.78万,4.17亿,80.87,8.6151,103.93亿,103.93亿
43,605077,华康股份,SH,18.65,2.30,2.63,7.20,符合,-,7755.72万,3.84亿,19.50,0.420,18.68,18.20,1.27,2157.13万,3.98亿,63.73,1.8420,56.52亿,55.84亿
44,688160,步科股份,SH,122.31,4.72,9.16,6.07,符合,-,1.28亿,1.60亿,19.04,5.510,126.88,116.18,2.21,551.63万,6.74亿,208.62,8.4577,111.10亿,111.10亿
45,603015,弘讯科技,SH,12.62,4.30,8.60,3.88,符合,-,3730.57万,2852.20万,18.92,0.520,13.02,11.98,2.90,1569.37万,1.97亿,188.50,3.6666,51.01亿,51.01亿
46,002489,浙江永强,SZ,3.75,5.93,9.32,5.63,符合,-,7291.67万,1.53亿,18.59,0.210,3.80,3.47,2.53,1.08亿,3.92亿,13.12,1.7700,81.34亿,71.74亿
47,002798,帝欧水华,SZ,8.44,10.04,11.21,5.46,符合,-,3893.46万,4478.96万,18.44,0.770,8.44,7.58,0.84,2617.18万,2.11亿,-79.38,2.4437,46.43亿,40.46亿
48,688076,ST诺泰,SH,32.10,7.18,7.51,2.16,符合,-,3890.40万,2706.99万,18.05,2.150,32.20,29.95,3.81,683.62万,2.15亿,19.59,3.2561,101.45亿,101.45亿
49,300948,冠中生态,SZ,23.69,6.33,8.26,6.10,符合,-,3805.42万,4439.99万,17.85,1.410,23.80,21.96,1.87,924.37万,2.13亿,8552.27,3.9848,38.09亿,35.90亿
50,688229,博睿数据,SH,105.20,7.07,14.74,17.22,符合,华为概念,1.42亿,1.20亿,17.18,6.950,117.00,102.52,3.26,764.58万,8.24亿,-100.33,12.7760,46.71亿,46.71亿
51,001333,光华股份,SZ,25.77,9.99,9.94,12.00,符合,-,2191.40万,2265.30万,16.98,2.340,25.77,23.44,2.79,528.19万,1.29亿,33.55,1.8582,32.99亿,11.34亿
52,600458,时代新材,SH,12.49,1.54,2.76,1.37,符合,新能源车、央国企改革、华为概念,2462.55万,5149.95万,16.81,0.190,12.55,12.21,0.97,1179.31万,1.47亿,18.37,1.4432,116.25亿,107.69亿
53,002334,英威腾,SZ,8.32,4.65,9.06,7.67,符合,新能源车,7716.51万,8033.51万,16.64,0.370,8.60,7.88,3.42,5637.89万,4.64亿,-56.31,2.2390,68.45亿,61.15亿
54,002702,海欣食品,SZ,6.17,2.83,3.67,4.85,符合,-,2261.03万,-1279.85万,16.60,0.170,6.20,5.98,0.68,2224.75万,1.36亿,74.92,3.3076,34.29亿,28.30亿
55,603028,赛福天,SH,9.63,10.06,10.97,7.52,符合,-,3257.62万,4207.27万,16.48,0.880,9.63,8.67,3.16,2136.13万,1.98亿,-142.66,5.9522,27.64亿,27.37亿
56,000545,金浦钛业,SZ,3.11,5.07,7.09,10.13,符合,-,5063.11万,2913.28万,16.45,0.150,3.15,2.94,2.09,9977.43万,3.08亿,-27.01,4.9198,30.69亿,30.65亿
57,600530,交大昂立,SH,5.95,9.98,11.09,3.62,符合,-,2634.06万,2566.12万,16.44,0.540,5.95,5.35,2.37,2808.75万,1.60亿,-182.77,14.6691,46.11亿,46.11亿
58,002600,领益智造,SZ,15.09,3.85,5.99,3.33,符合,5G概念、华为概念、新能源车,5.87亿,5.77亿,16.42,0.560,15.20,14.33,2.29,2.40亿,35.77亿,70.39,4.5208,1102.68亿,1086.31亿
59,600476,*ST湘邮,SH,12.64,4.98,5.07,3.77,符合,央国企改革,1234.19万,1.20亿,16.31,0.600,12.64,12.03,0.53,607.49万,7569.33万,193.72,-4.6069,20.36亿,20.36亿
60,300598,诚迈科技,SZ,39.52,4.30,8.39,6.74,符合,华为概念,9406.23万,5592.29万,16.30,1.630,40.70,37.52,2.21,1462.02万,5.77亿,-62.81,6.0714,85.75亿,85.73亿
61,002397,梦洁股份,SZ,5.52,9.96,9.56,5.59,符合,-,3161.94万,-849.40万,16.08,0.500,5.52,5.04,0.83,3623.29万,1.97亿,65.17,3.3689,41.28亿,35.76亿
62,300790,宇瞳光学,SZ,33.46,7.62,11.35,13.40,符合,华为概念,2.22亿,3.07亿,16.04,2.370,33.46,29.93,2.41,4349.51万,13.83亿,55.16,4.6097,125.18亿,108.62亿
63,300488,恒锋工具,SZ,41.56,20.01,16.06,15.23,符合,-,1.54亿,1.72亿,15.93,6.930,41.56,36.00,3.51,2470.62万,9.70亿,47.88,3.6322,79.47亿,67.43亿
64,002855,捷荣技术,SZ,12.86,2.72,3.27,1.99,符合,华为概念,988.72万,416.84万,15.84,0.340,12.89,12.48,0.93,489.14万,6243.36万,-42.98,15.2993,31.69亿,31.66亿
65,603010,万盛股份,SH,15.00,8.46,11.42,5.80,符合,新能源车,7680.09万,3977.91万,15.84,1.170,15.21,13.63,2.18,3312.93万,4.85亿,156.13,3.3873,87.75亿,85.62亿
66,600391,航发科技,SH,42.57,10.00,11.24,8.69,符合,央国企改革,1.86亿,2.00亿,15.77,3.870,42.57,38.22,2.20,2868.40万,11.81亿,-309.61,7.9201,140.54亿,140.54亿
67,605566,福莱蒽特,SH,34.73,10.01,10.39,3.39,符合,-,2404.02万,529.21万,15.73,3.160,34.73,31.45,1.52,452.45万,1.53亿,46.22,2.2785,46.31亿,46.31亿
68,301613,新铝时代,SZ,49.80,5.13,6.63,4.79,符合,新能源车,3067.25万,2408.68万,15.65,2.430,50.12,46.98,2.81,402.08万,1.96亿,31.01,4.2363,71.63亿,41.78亿
69,600683,京投发展,SH,17.23,10.03,9.00,4.76,符合,央国企改革,9343.82万,2.60亿,15.57,1.570,17.23,15.82,1.06,3522.43万,6.00亿,-24.87,-10.1414,127.64亿,127.64亿
70,920438,戈碧迦,BJ,70.10,22.55,33.48,13.13,符合,-,1.83亿,3.41亿,15.55,12.900,73.68,54.53,2.90,1830.52万,11.80亿,221.33,10.3659,101.98亿,97.72亿
71,920116,星图测控,BJ,112.12,6.27,8.09,3.80,符合,商业航天,9853.55万,1.55亿,15.45,6.620,113.00,104.47,2.13,583.11万,6.38亿,317.18,29.7990,179.14亿,172.08亿
72,688053,ST思科瑞,SH,43.37,2.89,5.41,1.72,符合,商业航天,1136.14万,3516.33万,15.43,1.220,43.98,41.70,1.36,171.98万,7364.37万,-312.32,2.7384,43.37亿,43.37亿
73,600761,安徽合力,SH,19.27,4.96,7.79,4.44,符合,央国企改革、新能源车,1.16亿,1.33亿,15.35,0.910,19.70,18.27,2.68,3952.87万,7.56亿,13.18,1.5389,171.64亿,171.64亿
74,603895,天永智能,SH,31.90,0.60,4.70,4.62,符合,新能源车,2414.16万,4447.03万,15.24,0.190,32.25,30.76,2.18,499.73万,1.58亿,165.14,16.7992,34.48亿,34.48亿
75,300321,同大股份,SZ,43.92,8.93,12.90,5.52,符合,央国企改革,3164.86万,2123.95万,15.20,3.600,44.77,39.57,2.94,489.84万,2.08亿,2060.07,6.1475,39.00亿,38.96亿
76,002865,钧达股份,SZ,96.53,10.01,9.38,13.82,符合,-,4.35亿,9.20亿,15.16,8.780,96.53,88.30,1.64,3107.64万,28.70亿,530.35,7.4580,300.47亿,217.06亿
77,688207,格灵深瞳,SH,16.54,4.03,6.23,3.54,符合,华为概念,2285.23万,2788.53万,15.16,0.640,16.92,15.93,1.67,917.23万,1.51亿,-26.29,2.3486,42.83亿,42.83亿
78,603418,友升股份,SH,60.20,8.12,9.50,20.17,符合,-,7394.23万,1.27亿,15.13,4.520,60.50,55.21,2.84,834.33万,4.89亿,28.16,2.5112,116.23亿,24.90亿
79,688159,有方科技,SH,51.20,0.29,3.88,5.39,符合,5G概念、华为概念、通信技术,3862.39万,125.97万,15.10,0.150,52.35,50.37,0.88,499.95万,2.56亿,42.77,5.0810,47.57亿,47.48亿
80,600893,航发动力,SH,50.10,3.66,8.21,2.10,符合,央国企改革,4.16亿,6.37亿,14.99,1.770,51.31,47.34,1.59,5591.33万,27.73亿,1.30万,3.3212,1335.46亿,1335.23亿
81,688686,奥普特,SH,114.97,2.75,5.09,2.15,符合,-,4490.16万,3005.43万,14.96,3.080,116.50,110.80,1.35,262.69万,3.00亿,55.00,4.4890,140.53亿,140.53亿
82,688692,达梦数据,SH,293.80,7.80,9.54,6.12,符合,-,1.94亿,3.42亿,14.87,21.250,304.00,278.00,2.39,447.57万,13.03亿,54.93,8.5613,332.70亿,214.88亿
83,688223,晶科能源,SH,7.15,5.77,7.84,3.06,符合,-,3.28亿,8429.39万,14.83,0.390,7.21,6.68,1.96,3.15亿,22.09亿,-13.60,2.9464,734.26亿,734.26亿
84,002762,*ST金比,SZ,8.88,2.30,2.76,1.65,符合,-,455.72万,30.78万,14.79,0.200,8.92,8.68,0.84,349.55万,3081.58万,6631.82,4.7027,31.44亿,18.77亿
85,920002,万达轴承,BJ,97.99,12.12,19.28,10.99,符合,-,4916.49万,5614.22万,14.57,10.590,102.30,85.45,6.03,350.06万,3.37亿,72.82,5.9936,44.59亿,31.21亿
86,002681,奋达科技,SZ,5.52,1.47,2.94,2.56,符合,华为概念,3196.12万,7881.93万,14.49,0.080,5.55,5.39,1.10,4022.55万,2.21亿,-156.00,4.6487,99.06亿,86.62亿
87,688178,万德斯,SH,40.07,6.85,9.57,3.91,符合,-,1868.66万,2034.31万,14.44,2.570,40.58,36.99,1.07,332.67万,1.29亿,74.95,3.6674,34.06亿,34.06亿
88,300736,百邦科技,SZ,33.47,16.01,18.16,21.26,符合,华为概念,1.25亿,1.38亿,14.39,4.620,34.62,29.38,2.77,2651.14万,8.65亿,-227.56,65.0686,42.82亿,41.74亿
89,002628,成都路桥,SZ,5.84,2.10,3.15,4.24,符合,-,2632.42万,-502.03万,14.31,0.120,5.84,5.66,1.04,3194.70万,1.84亿,82.04,1.5667,44.21亿,44.02亿
90,300852,四会富仕,SZ,50.64,6.81,10.69,9.64,符合,5G概念、新能源车、光通信模块、通信技术,1.04亿,1.57亿,14.26,3.230,51.10,46.03,2.41,1493.12万,7.32亿,68.96,3.6503,81.29亿,78.47亿
91,000813,德展健康,SZ,3.84,2.13,6.38,2.83,符合,央国企改革,3206.94万,3187.11万,14.12,0.080,3.92,3.68,1.40,5941.39万,2.27亿,-58.48,1.7501,80.53亿,80.52亿
92,002676,顺威股份,SZ,8.15,4.35,6.79,8.72,符合,新能源车、央国企改革,7056.26万,1.30亿,14.04,0.340,8.23,7.70,2.41,6276.20万,5.03亿,55.85,4.3611,58.68亿,58.68亿
93,605358,立昂微,SH,49.98,9.99,10.19,9.14,符合,国产芯片、5G概念、新能源车、商业航天、通信技术,4.15亿,7.39亿,14.03,4.540,49.98,45.35,1.76,6134.36万,29.58亿,1161.15,4.8078,335.55亿,335.55亿
94,000582,北部湾港,SZ,13.67,9.98,10.62,4.93,符合,央国企改革,1.91亿,2.50亿,13.93,1.240,13.67,12.35,1.86,1.01亿,13.70亿,35.93,1.6855,329.58亿,280.33亿
95,301233,盛帮股份,SZ,59.26,0.12,4.12,6.20,符合,商业航天,1418.44万,891.77万,13.79,0.070,59.87,57.43,1.40,174.60万,1.03亿,39.87,3.0371,30.50亿,16.70亿
96,000630,铜陵有色,SZ,6.67,1.83,3.97,3.41,符合,5G概念、央国企改革、通信技术,3.45亿,3.57亿,13.76,0.120,6.72,6.46,1.24,3.80亿,25.09亿,16.71,2.3860,894.41亿,743.24亿
97,688651,盛邦安全,SH,41.98,3.60,5.50,5.50,符合,华为概念、国产芯片,1002.17万,2196.79万,13.56,1.460,42.23,40.00,1.12,178.53万,7392.41万,-50.32,3.4673,31.65亿,13.62亿
98,301159,三维天地,SZ,42.38,1.92,3.20,5.58,符合,华为概念,1686.78万,2760.07万,13.51,0.800,42.83,41.50,1.09,295.67万,1.25亿,-53.37,5.0494,32.78亿,22.47亿
99,688449,联芸科技,SH,66.67,12.47,15.89,10.37,符合,-,2.58亿,328.26万,13.48,7.390,67.44,58.02,1.36,3039.25万,19.17亿,865.33,15.9117,306.68亿,195.48亿
100,688191,智洋创新,SH,53.34,5.64,8.26,3.33,符合,-,5413.64万,2.13亿,13.44,2.850,53.45,49.28,0.66,770.32万,4.03亿,-276.34,14.3880,123.56亿,123.56亿
101,600234,科新发展,SH,28.61,10.00,11.65,3.30,符合,-,3140.25万,5642.18万,13.36,2.600,28.61,25.58,1.10,866.15万,2.35亿,-1211.66,16.6835,75.11亿,75.11亿
102,300652,雷迪克,SZ,47.02,2.28,5.76,9.41,符合,新能源车,7063.18万,1.55亿,13.35,1.050,48.09,45.44,1.75,1126.64万,5.29亿,58.56,4.0546,62.72亿,56.29亿
103,600228,*ST返利,SH,6.65,5.06,4.42,1.99,符合,-,723.70万,14.00万,13.29,0.320,6.65,6.37,1.21,829.26万,5446.60万,-49.40,7.2557,27.71亿,27.67亿
104,688750,金天钛业,SH,19.52,3.28,2.59,2.72,符合,央国企改革,1610.57万,549.39万,13.16,0.620,19.52,19.03,2.07,633.20万,1.22亿,233.39,3.6490,90.28亿,45.47亿
105,603117,万林物流,SH,5.14,5.33,8.40,5.33,符合,-,2141.30万,3477.57万,13.11,0.260,5.27,4.86,1.57,3196.24万,1.63亿,-126.72,3.0036,30.80亿,30.80亿
106,300939,秋田微,SZ,42.69,4.63,6.42,6.61,符合,光通信模块、通信技术,4343.02万,1836.23万,13.08,1.890,42.90,40.28,1.94,793.70万,3.32亿,88.50,3.5399,51.23亿,51.23亿
107,688246,嘉和美康,SH,23.92,3.86,4.91,4.95,符合,-,2094.77万,4026.02万,13.08,0.890,24.01,22.88,1.07,681.61万,1.60亿,-57.47,2.5512,32.91亿,32.91亿
108,688667,菱电电控,SH,156.11,3.58,6.86,3.24,符合,新能源车,3441.79万,567.23万,13.07,5.400,157.99,147.65,0.80,170.53万,2.63亿,65.43,4.5158,82.26亿,82.26亿
109,300056,中创环保,SZ,12.26,3.90,7.37,8.90,符合,新能源车,5406.99万,8012.92万,13.06,0.460,12.50,11.63,1.02,3427.64万,4.14亿,-88.42,65.9462,47.26亿,47.23亿
110,000026,飞亚达,SZ,19.90,6.30,10.42,8.34,符合,央国企改革、商业航天,7582.92万,4234.76万,12.97,1.180,20.20,18.25,2.00,3040.23万,5.85亿,31.02,2.3763,80.75亿,72.55亿
111,300552,万集科技,SZ,28.35,1.94,3.38,4.74,符合,华为概念,2332.12万,2040.17万,12.94,0.540,28.51,27.57,1.28,640.32万,1.80亿,-57.95,3.4806,60.42亿,38.30亿
112,300755,华致酒行,SZ,15.15,9.70,13.11,4.19,符合,-,3313.43万,3369.31万,12.87,1.340,15.55,13.74,3.97,1743.46万,2.57亿,29.76,2.2501,63.14亿,63.11亿
113,688448,磁谷科技,SH,72.99,4.93,7.19,3.27,符合,-,2153.63万,492.84万,12.82,3.430,73.50,68.50,1.38,234.05万,1.68亿,-271.04,5.1794,52.30亿,52.30亿
114,301212,联盛化学,SZ,30.30,3.77,6.06,2.60,符合,-,936.22万,1213.29万,12.78,1.100,30.77,29.00,1.56,243.47万,7323.69万,134.31,2.4250,32.72亿,28.41亿
115,002979,雷赛智能,SZ,49.51,10.00,6.64,14.70,符合,华为概念,2.03亿,1.66亿,12.70,4.500,49.51,46.52,4.04,3246.89万,15.97亿,54.08,8.3283,156.02亿,109.39亿
116,000906,浙商中拓,SZ,6.71,2.13,4.26,3.77,符合,央国企改革,2241.06万,2449.54万,12.68,0.140,6.80,6.52,0.85,2640.82万,1.77亿,6.37,0.9618,47.62亿,47.05亿
117,002536,飞龙股份,SZ,43.34,10.00,13.20,9.07,符合,国产芯片、新能源车,2.61亿,6.22亿,12.61,3.940,43.34,38.14,1.46,4939.52万,20.71亿,107.68,7.0932,249.11亿,235.94亿
118,688007,光峰科技,SH,15.80,2.00,3.55,1.32,符合,-,1199.23万,864.79万,12.61,0.310,15.85,15.30,0.82,608.24万,9512.84万,-48.70,3.0126,72.62亿,72.62亿
119,300421,力星股份,SZ,27.25,6.65,9.35,15.07,符合,新能源车、商业航天,1.17亿,1.69亿,12.57,1.700,27.60,25.21,3.31,3470.40万,9.28亿,283.94,6.1996,80.12亿,62.76亿
120,603721,*ST天择,SH,25.94,3.35,4.22,3.37,符合,央国企改革,1418.71万,3475.69万,12.57,0.840,26.18,25.12,1.07,438.59万,1.13亿,-111.81,6.8766,33.72亿,33.72亿
121,301028,鼎熔岩,SZ,17.75,20.01,15.01,14.83,符合,-,7667.60万,8073.80万,12.56,2.960,17.75,15.53,10.12,3682.72万,6.10亿,29.24,3.9797,68.17亿,44.08亿
122,603637,镇海股份,SH,18.53,7.98,10.08,7.06,符合,央国企改革,3815.87万,3058.11万,12.53,1.370,18.75,17.02,1.41,1685.02万,3.05亿,-587.27,4.2371,44.23亿,44.23亿
123,920475,三友科技,BJ,14.99,3.09,4.68,3.42,符合,-,354.55万,405.93万,12.46,0.450,15.06,14.38,0.97,192.35万,2845.91万,108.99,4.2948,15.15亿,8.42亿
124,000929,*ST兰黄,SZ,11.11,4.22,5.82,2.47,符合,-,615.82万,764.14万,12.42,0.450,11.13,10.51,1.46,458.54万,4956.75万,-30.94,5.9173,20.64亿,20.64亿
125,688432,有研硅,SH,17.86,5.43,9.39,2.66,符合,-,7208.90万,8021.69万,12.39,0.920,18.21,16.62,1.89,3327.87万,5.82亿,111.25,4.9494,223.30亿,223.30亿
126,300257,开山股份,SZ,34.70,1.52,4.48,1.92,符合,-,7792.61万,3.49亿,12.38,0.520,34.98,33.45,1.10,1828.43万,6.29亿,108.21,5.1937,344.79亿,331.28亿
127,000977,浪潮信息,SZ,76.48,4.42,11.46,8.53,符合,国产芯片、央国企改革,11.80亿,5.36亿,12.35,3.240,79.49,71.10,1.58,1.25亿,95.51亿,46.42,5.0357,1123.09亿,1121.83亿
128,688818,电科蓝天,SH,85.64,19.99,21.66,33.96,符合,商业航天,4.49亿,5.97亿,12.35,14.270,85.64,70.18,2.37,4482.94万,36.34亿,2495.25,27.2407,1487.50亿,113.06亿
129,301225,恒勃股份,SZ,118.99,5.57,10.52,12.73,符合,新能源车,5549.18万,7881.05万,12.32,6.280,122.98,111.12,1.75,380.35万,4.50亿,115.63,7.6776,123.01亿,35.56亿
130,688658,悦康药业,SH,21.51,1.41,5.28,3.15,符合,华为概念,3808.23万,7219.38万,12.31,0.300,22.48,21.36,1.26,1419.02万,3.09亿,-73.09,2.9492,96.80亿,96.80亿
131,688119,中钢洛耐,SH,5.45,2.64,4.52,1.59,符合,央国企改革,1179.47万,1142.28万,12.28,0.140,5.45,5.21,1.12,1785.14万,9602.73万,537.93,2.1763,61.31亿,61.31亿
132,300255,常山药业,SZ,46.09,0.48,2.59,2.20,符合,-,1.14亿,2.11亿,12.25,0.220,47.00,45.81,0.84,2016.56万,9.34亿,1803.75,35.0036,423.60亿,422.93亿
133,301191,菲菱科思,SZ,159.32,2.92,6.26,10.70,符合,华为概念、通信技术,1.08亿,-122.72万,12.25,4.520,161.70,152.01,1.13,558.27万,8.82亿,144.03,6.4890,110.48亿,83.16亿
134,600489,中金黄金,SH,28.22,1.69,3.71,1.57,符合,央国企改革,2.60亿,4.58亿,12.25,0.470,28.48,27.45,1.14,7588.78万,21.24亿,14.37,4.1708,1367.91亿,1367.91亿
135,603267,鸿远电子,SH,56.91,4.21,5.95,5.62,符合,商业航天,8836.69万,7673.27万,12.23,2.300,57.02,53.77,1.54,1298.96万,7.22亿,34.13,2.9108,131.51亿,131.51亿
136,688399,硕世生物,SH,64.08,0.02,4.48,2.57,符合,-,1687.32万,-1814.85万,12.14,0.010,65.88,63.01,1.29,215.47万,1.39亿,63.61,1.8234,53.74亿,53.74亿
137,000520,凤凰航运,SZ,4.18,1.95,5.12,2.51,符合,-,1286.32万,1686.20万,12.13,0.080,4.27,4.06,1.41,2539.89万,1.06亿,320.30,10.0459,42.31亿,42.31亿
138,002580,圣阳股份,SZ,32.90,10.00,8.69,18.99,符合,央国企改革,3.34亿,92.16万,12.03,2.990,32.90,30.30,0.70,8584.47万,27.79亿,61.25,6.1901,149.32亿,148.71亿
139,301600,慧翰股份,SZ,123.49,3.07,4.85,5.59,符合,新能源车,2656.33万,6075.57万,12.03,3.680,124.58,118.77,1.23,180.42万,2.21亿,78.70,10.1652,129.08亿,39.84亿
140,301183,东田微,SZ,240.40,20.00,23.49,23.27,符合,光通信模块、华为概念、通信技术,3.49亿,5.64亿,11.98,40.070,240.40,193.35,2.07,1366.00万,29.11亿,171.48,19.5261,192.50亿,141.11亿
141,301196,唯科科技,SZ,125.00,4.78,9.98,7.09,符合,新能源车、光纤概念,8574.45万,-529.29万,11.93,5.700,127.44,115.53,1.38,581.37万,7.19亿,54.88,4.6858,156.64亿,102.45亿
142,002823,凯中精密,SZ,17.07,1.19,2.19,4.17,符合,新能源车,1841.09万,7242.29万,11.92,0.200,17.07,16.70,0.98,912.52万,1.54亿,26.80,2.6590,56.05亿,37.36亿
143,300860,锋尚文化,SZ,25.78,2.96,4.23,2.93,符合,-,978.84万,755.34万,11.89,0.740,26.06,25.00,1.54,320.39万,8233.80万,250.35,1.5533,48.58亿,28.21亿
144,002244,滨江集团,SZ,10.80,8.00,10.50,2.58,符合,-,8901.24万,1.37亿,11.88,0.800,10.96,9.91,1.89,7122.26万,7.49亿,10.36,1.1096,336.04亿,297.82亿
145,688085,三友医疗,SH,19.34,5.51,8.73,3.26,符合,-,2362.08万,3056.69万,11.80,1.010,19.89,18.29,1.86,1040.62万,2.00亿,228.50,3.0418,64.49亿,61.64亿
146,688083,中望软件,SH,58.78,1.92,5.03,2.98,符合,-,3523.63万,6610.37万,11.74,1.110,60.57,57.67,1.29,506.05万,3.00亿,-65.08,3.7753,99.72亿,99.72亿
147,600501,航天晨光,SH,24.92,4.36,5.78,4.04,符合,央国企改革、商业航天,4958.70万,2368.34万,11.73,1.040,24.98,23.60,2.20,1727.40万,4.23亿,-43.01,7.2933,106.61亿,106.61亿
148,002872,ST天圣,SZ,5.59,2.95,4.60,2.10,符合,-,291.18万,-247.37万,11.64,0.160,5.65,5.40,0.76,451.84万,2501.95万,-45.42,0.9157,17.78亿,12.01亿
149,601086,国芳集团,SH,9.08,3.30,4.66,3.82,符合,-,2663.24万,1.11亿,11.64,0.290,9.16,8.75,1.51,2545.61万,2.29亿,36.36,3.7107,60.47亿,60.47亿
150,605055,迎丰股份,SH,13.64,10.00,12.26,4.57,符合,-,3071.05万,4318.08万,11.62,1.240,13.64,12.12,2.44,2011.67万,2.64亿,-82.04,6.1098,60.02亿,60.02亿
151,300774,倍杰特,SZ,17.66,1.44,3.27,5.11,符合,-,2020.66万,4981.68万,11.61,0.250,17.72,17.15,0.85,996.78万,1.74亿,-60.34,4.9586,72.19亿,34.42亿
152,002148,北纬科技,SZ,8.19,1.36,2.23,2.58,符合,国产芯片、5G概念、通信技术,1094.34万,-1415.34万,11.57,0.110,8.23,8.05,0.94,1158.52万,9458.65万,473.81,3.7529,45.78亿,36.80亿
153,301093,华兰股份,SZ,96.66,2.29,7.15,2.67,符合,-,4689.76万,3947.56万,11.55,2.160,99.80,93.04,0.87,418.87万,4.06亿,6508.56,7.2019,158.72亿,151.75亿
154,301687,新广益,SZ,64.31,7.56,12.44,25.05,符合,新能源车,5293.46万,409.86万,11.45,4.520,65.54,58.10,2.23,739.94万,4.63亿,89.59,6.1585,94.45亿,18.99亿
155,300489,光智科技,SZ,115.20,1.41,7.64,8.51,符合,-,1.57亿,1.68亿,11.44,1.600,118.99,110.31,0.87,1180.49万,13.71亿,260.53,21.0415,160.31亿,159.72亿
156,002512,ST达华,SZ,4.50,4.17,4.86,5.25,符合,华为概念,2906.61万,3239.49万,11.42,0.180,4.52,4.31,0.96,5746.75万,2.55亿,34.35,15.3881,50.06亿,49.25亿
157,603012,创力集团,SH,9.55,10.02,10.83,7.80,符合,5G概念、华为概念、通信技术,5299.76万,-277.83万,11.40,0.870,9.55,8.61,3.32,5040.43万,4.65亿,66.35,1.6070,61.74亿,61.74亿
158,002273,水晶光电,SZ,36.17,3.17,6.53,5.52,符合,-,3.02亿,9.51亿,11.38,1.110,36.17,33.88,1.14,7515.10万,26.49亿,50.98,4.9330,502.99亿,492.66亿
159,603093,南华期货,SH,21.74,2.21,4.37,1.69,符合,-,2532.78万,2823.19万,11.31,0.470,21.98,21.05,1.45,1030.63万,2.24亿,19.05,2.7103,156.03亿,132.63亿
160,300429,强力新材,SZ,14.96,1.77,3.95,7.38,符合,-,4972.79万,1464.39万,11.30,0.260,15.08,14.50,1.78,2955.94万,4.40亿,-69.85,4.8256,80.50亿,59.91亿
161,603915,国茂股份,SH,17.65,7.43,9.25,3.28,符合,-,4207.42万,4544.65万,11.30,1.220,17.87,16.35,2.22,2152.51万,3.72亿,52.66,3.0559,115.90亿,115.90亿
162,688165,埃夫特-U,SH,19.74,4.22,7.39,3.45,符合,新能源车、央国企改革,3981.93万,2362.32万,11.29,0.800,20.20,18.80,1.61,1800.89万,3.53亿,-263.13,8.5215,103.00亿,103.00亿
163,688239,航宇科技,SH,71.58,1.97,5.33,5.89,符合,商业航天,8981.13万,1.93亿,11.27,1.380,72.20,68.46,1.17,1121.91万,7.97亿,60.49,6.5935,136.45亿,136.45亿
164,600610,中毅达,SH,10.80,4.45,7.93,14.45,符合,-,1.25亿,2.72亿,11.26,0.460,11.22,10.40,3.49,1.02亿,11.10亿,156.38,83.2040,115.70亿,76.54亿
165,688656,浩欧博,SH,143.99,4.06,9.05,1.68,符合,-,1685.59万,1580.89万,11.23,5.620,147.77,135.25,1.97,106.53万,1.50亿,1.29万,11.0565,91.40亿,91.40亿
166,600751,海航科技,SH,3.98,5.85,7.98,3.83,符合,-,4300.80万,845.47万,11.21,0.220,4.03,3.73,2.16,9847.16万,3.84亿,221.19,1.5263,115.39亿,102.41亿
167,688698,伟创电气,SH,74.24,1.73,4.97,4.28,符合,-,7604.05万,1.60亿,11.15,1.260,75.84,72.21,1.80,916.33万,6.82亿,82.23,6.6372,158.89亿,158.89亿
168,003032,*ST传智,SZ,7.12,5.01,5.60,3.29,符合,华为概念,705.68万,542.29万,11.14,0.340,7.12,6.74,1.67,908.43万,6332.64万,491.35,2.4487,28.65亿,19.67亿
169,603179,新泉股份,SH,71.15,3.15,7.49,10.09,符合,新能源车,4.08亿,4.53亿,11.14,2.170,72.95,67.78,1.82,5149.44万,36.65亿,44.59,4.8017,362.97亿,362.97亿
170,688485,九州一轨,SH,63.99,6.72,10.37,12.38,符合,-,7503.78万,1.16亿,11.12,4.030,64.71,58.49,0.78,1099.00万,6.75亿,-552.36,7.6894,96.17亿,56.80亿
171,688693,锴威特,SH,107.46,12.64,19.92,24.05,符合,-,1.07亿,2.63亿,11.09,12.060,112.00,93.00,1.28,935.54万,9.67亿,-109.88,10.1951,79.18亿,41.81亿
172,301085,亚康股份,SZ,78.96,1.00,4.41,7.95,符合,华为概念,4032.34万,54.47万,11.07,0.780,79.20,75.75,0.93,468.36万,3.64亿,72.20,7.1721,68.52亿,46.52亿
173,300668,杰恩股份,SZ,66.00,4.40,9.35,6.21,符合,华为概念,4502.69万,6425.97万,11.05,2.780,68.19,62.28,0.78,618.76万,4.07亿,-305.49,10.1890,79.45亿,65.80亿
174,688096,京源环保,SH,9.66,13.92,21.34,17.51,符合,-,4432.79万,2010.52万,11.04,1.180,10.18,8.37,6.37,4132.48万,4.02亿,-122.48,2.7583,22.80亿,22.80亿
175,300751,迈为股份,SZ,269.51,1.98,5.85,6.40,符合,-,3.61亿,10.54亿,10.96,5.230,272.52,257.06,0.96,1237.64万,32.95亿,159.51,9.3567,753.02亿,521.10亿
176,688095,福昕软件,SH,84.35,0.81,4.64,4.37,符合,-,3677.80万,6284.80万,10.91,0.680,86.60,82.72,1.08,399.12万,3.37亿,171.00,2.9318,77.06亿,77.06亿
177,688358,祥生医疗,SH,33.86,3.80,4.48,2.64,符合,-,1071.73万,2201.10万,10.89,1.240,33.88,32.42,1.29,295.35万,9841.04万,20.62,2.6744,37.97亿,37.91亿
178,688359,三孚新科,SH,110.12,2.36,4.35,3.67,符合,-,4326.32万,1.69亿,10.81,2.540,112.29,107.61,0.88,362.81万,4.00亿,488.11,16.4359,108.74亿,108.74亿
179,300077,国民技术,SZ,25.59,3.44,5.82,14.76,符合,国产芯片、华为概念、新能源车,2.27亿,1.93亿,10.80,0.850,25.60,24.16,1.42,8357.70万,21.00亿,-236.94,9.9636,149.22亿,144.92亿
180,600372,中航机载,SH,13.66,3.02,3.77,1.45,符合,央国企改革、商业航天,1.02亿,5339.49万,10.77,0.400,13.67,13.17,1.74,6994.67万,9.43亿,91.78,1.7429,660.99亿,660.99亿
181,300607,拓斯达,SZ,31.61,3.81,10.05,12.42,符合,华为概念,1.43亿,1.39亿,10.75,1.160,33.06,30.00,2.29,4192.40万,13.30亿,78.39,5.1665,150.77亿,106.68亿
182,688722,同益中,SH,18.98,2.48,4.32,2.72,符合,商业航天、央国企改革,1234.91万,1950.19万,10.73,0.460,19.11,18.31,1.78,609.48万,1.15亿,29.42,2.9140,42.64亿,42.54亿
183,002008,大族激光,SZ,122.06,8.58,9.54,6.79,符合,华为概念、光纤概念,8.12亿,2.71亿,10.72,9.650,122.92,112.20,1.28,6495.24万,75.78亿,88.74,6.0805,1256.73亿,1167.78亿
184,600368,五洲交通,SH,4.11,5.66,7.20,4.41,符合,央国企改革,3086.20万,3121.90万,10.72,0.220,4.16,3.88,8.63,7104.21万,2.88亿,8.39,0.8924,66.16亿,66.16亿
185,603025,大豪科技,SH,17.14,2.63,4.31,1.96,符合,央国企改革,3937.95万,-572.06万,10.64,0.440,17.30,16.58,1.48,2172.29万,3.70亿,20.11,7.7725,191.39亿,190.11亿
186,300234,开尔新材,SZ,7.14,5.31,9.88,10.49,符合,-,2717.43万,3330.37万,10.63,0.360,7.36,6.69,2.17,3609.70万,2.56亿,231.09,3.1817,35.93亿,24.56亿
187,002303,美盈森,SZ,3.52,2.03,2.90,2.40,符合,-,860.20万,3196.99万,10.62,0.070,3.53,3.43,1.13,2321.81万,8102.01万,21.96,1.2000,53.90亿,34.03亿
188,920076,国亮新材,BJ,21.96,3.68,6.19,7.38,符合,-,452.26万,830.74万,10.62,0.780,22.36,21.05,1.93,194.25万,4260.45万,20.15,1.8404,18.37亿,5.78亿
189,300833,浩洋股份,SZ,38.98,2.28,3.94,2.79,符合,-,925.80万,6817.38万,10.55,0.870,39.32,37.82,0.64,226.43万,8775.88万,29.65,1.9828,49.31亿,31.67亿
190,600877,电科芯片,SH,17.76,1.25,3.19,2.36,符合,央国企改革、国产芯片、商业航天,5170.02万,1.52亿,10.52,0.220,17.86,17.30,1.10,2794.91万,4.91亿,-4350.19,8.4000,210.29亿,210.29亿
191,603400,华之杰,SH,83.00,10.01,9.54,18.24,符合,-,3069.45万,5049.46万,10.52,7.550,83.00,75.80,2.13,364.78万,2.92亿,66.63,6.7682,83.00亿,16.60亿
192,600658,电子城,SH,5.31,2.51,4.44,3.15,符合,央国企改革,1933.77万,1901.13万,10.42,0.130,5.39,5.16,2.38,3523.53万,1.86亿,-12.68,1.4659,59.40亿,59.40亿
193,600714,金瑞矿业,SH,23.10,2.99,5.93,9.21,符合,-,6369.80万,4.03亿,10.40,0.670,23.53,22.20,0.90,2655.40万,6.12亿,-1537.45,8.8411,66.57亿,66.57亿
194,300671,富满微,SZ,53.80,11.76,16.85,14.41,符合,国产芯片、5G概念、通信技术,1.69亿,1.82亿,10.39,5.660,55.34,47.23,2.04,3180.91万,16.30亿,145.10,7.5062,119.11亿,118.76亿
195,920003,中诚咨询,BJ,32.19,3.17,4.29,7.96,符合,-,350.43万,177.99万,10.37,0.990,32.35,31.01,1.12,106.03万,3378.47万,12.40,3.1810,20.83亿,4.29亿
196,688315,诺禾致源,SH,15.12,4.78,5.75,1.71,符合,-,1096.94万,-240.04万,10.36,0.690,15.20,14.37,2.52,710.04万,1.06亿,53.42,2.3507,62.93亿,62.93亿
197,688590,新致软件,SH,15.98,1.91,5.04,4.65,符合,新能源车,2173.16万,1753.01万,10.34,0.300,16.44,15.65,1.26,1308.57万,2.10亿,647.56,3.0147,44.99亿,44.99亿
198,003001,中岩大地,SZ,19.33,8.29,10.14,12.21,符合,-,2565.66万,2918.63万,10.31,1.480,19.57,17.76,3.34,1313.10万,2.49亿,127.39,2.8186,33.70亿,20.78亿
199,300916,朗特智能,SZ,38.38,0.16,3.05,4.65,符合,-,1711.12万,1.26亿,10.31,0.060,38.76,37.59,0.87,434.55万,1.66亿,1159.02,4.0576,55.51亿,35.85亿
200,600743,华远控股,SH,2.78,6.92,11.92,8.87,符合,央国企改革,5900.08万,7289.69万,10.31,0.180,2.86,2.55,2.07,2.08亿,5.72亿,-168.33,11.7767,65.22亿,65.22亿
201,920108,宏海科技,BJ,11.87,0.59,2.63,2.13,符合,-,188.39万,796.07万,10.29,0.070,11.94,11.63,0.70,155.56万,1831.21万,53.65,4.2625,20.44亿,8.66亿
202,300676,华大基因,SZ,43.08,4.36,7.58,3.82,符合,-,7067.38万,7907.87万,10.25,1.800,44.45,41.32,2.61,1590.01万,6.90亿,-473.22,2.1384,180.21亿,179.23亿
203,300518,新迅达,SZ,29.71,7.33,14.34,13.54,符合,-,7858.37万,8331.97万,10.24,2.030,30.67,26.70,1.56,2699.33万,7.67亿,-108.08,8.9617,59.25亿,59.23亿
204,300911,亿田智能,SZ,36.00,1.55,5.50,6.64,符合,-,4187.62万,4320.06万,10.24,0.550,36.60,34.65,1.11,1137.68万,4.09亿,-46.60,6.0894,66.00亿,61.68亿
205,300581,晨曦航空,SZ,13.50,4.65,5.43,3.99,符合,-,2997.61万,-254.52万,10.23,0.600,13.56,12.86,2.22,2197.62万,2.93亿,-174.15,8.1111,74.26亿,74.26亿
206,300354,东华测试,SZ,39.22,4.53,6.85,7.21,符合,华为概念、商业航天,2320.31万,2131.06万,10.18,1.700,39.80,37.23,2.67,585.90万,2.28亿,49.77,6.1239,54.25亿,31.89亿
207,688001,华兴源创,SH,63.90,12.38,12.98,5.58,符合,国产芯片、5G概念、通信技术,1.55亿,2.57亿,10.18,7.040,64.33,56.95,1.15,2478.63万,15.21亿,2432.00,7.6401,284.03亿,284.03亿
208,002519,银河电子,SZ,8.84,4.99,9.86,17.33,符合,新能源车,1.71亿,2.79亿,10.12,0.420,9.11,8.28,3.02,1.94亿,16.94亿,1552.57,4.4899,99.58亿,98.80亿
209,300688,创业黑马,SZ,28.04,0.25,3.22,5.88,符合,-,2431.08万,8793.40万,10.12,0.070,28.04,27.14,1.06,872.04万,2.40亿,-262.14,12.8021,46.93亿,41.61亿
210,000503,国新健康,SZ,8.04,2.03,4.70,2.08,符合,华为概念、央国企改革,1655.64万,4343.12万,10.07,0.160,8.25,7.88,1.19,2032.27万,1.64亿,-40.47,8.2083,78.73亿,78.73亿
211,300938,信测标准,SZ,63.55,2.52,8.36,10.39,符合,华为概念,1.38亿,6945.32万,10.05,1.560,65.17,59.99,0.97,2195.91万,13.76亿,86.31,8.0653,154.74亿,134.31亿
212,002132,恒星科技,SZ,5.72,10.00,13.08,13.65,符合,-,1.06亿,1.96亿,10.01,0.520,5.72,5.04,1.87,1.91亿,10.57亿,35.38,2.2680,80.17亿,80.03亿
213,002930,宏川智慧,SZ,16.04,10.01,6.38,4.68,符合,-,3172.40万,5022.28万,9.99,1.460,16.04,15.11,0.81,2029.40万,3.18亿,99.74,3.7491,73.38亿,69.51亿
214,600845,宝信软件,SH,24.34,1.50,3.71,1.69,符合,央国企改革、华为概念,8743.46万,1.28亿,9.97,0.360,24.59,23.70,1.44,3613.21万,8.77亿,45.82,6.4928,698.75亿,519.43亿
215,601689,拓普集团,SH,66.89,3.75,7.68,4.15,符合,新能源车,4.82亿,12.73亿,9.97,2.420,68.83,63.88,1.92,7210.31万,48.39亿,52.67,4.7276,1162.44亿,1162.44亿
216,000791,甘肃能源,SZ,9.20,5.75,10.80,7.68,符合,央国企改革,1.38亿,1.35亿,9.93,0.500,9.57,8.63,2.32,1.49亿,13.87亿,15.31,1.9188,298.43亿,178.08亿
217,605287,德才股份,SH,63.20,2.93,6.79,7.10,符合,-,6312.15万,1.75亿,9.93,1.800,66.17,62.00,0.83,994.46万,6.36亿,65.44,5.5954,88.48亿,88.48亿
218,600203,福日电子,SH,13.26,2.00,3.69,6.10,符合,华为概念、央国企改革,4757.18万,6775.78万,9.91,0.260,13.43,12.95,1.18,3616.59万,4.80亿,42.35,4.7654,78.63亿,78.63亿
219,600319,亚星化学,SH,8.37,5.42,10.58,3.85,符合,央国企改革,1235.08万,1584.78万,9.91,0.430,8.71,7.87,3.00,1492.51万,1.25亿,-15.28,9.6116,32.45亿,32.45亿
220,688126,沪硅产业,SH,22.99,2.00,7.32,4.11,符合,国产芯片,2.55亿,4.00亿,9.89,0.450,23.55,21.90,1.39,1.12亿,25.77亿,-39.32,4.5139,759.82亿,628.01亿
221,688179,阿拉丁,SH,22.85,2.93,5.86,4.79,符合,-,3924.88万,1.92亿,9.89,0.650,23.50,22.20,1.09,1733.28万,3.97亿,71.01,6.2845,82.64亿,82.64亿
222,603030,全筑股份,SH,3.06,6.62,9.41,9.86,符合,-,3873.41万,1787.65万,9.85,0.190,3.15,2.88,1.84,1.30亿,3.93亿,448.27,5.7638,40.30亿,40.30亿
223,000426,兴业银锡,SZ,49.75,3.34,7.04,6.28,符合,-,5.41亿,12.12亿,9.78,1.610,50.92,47.53,1.52,1.11亿,55.34亿,16.51,8.1602,883.38亿,883.16亿
224,603598,引力传媒,SH,24.90,3.66,6.95,25.67,符合,-,1.75亿,2.93亿,9.78,0.880,26.42,24.75,4.74,6915.08万,17.84亿,161.60,29.8900,67.15亿,67.08亿
225,605376,博迁新材,SH,134.30,3.28,7.54,3.72,符合,-,1.26亿,1.09亿,9.76,4.260,137.60,127.80,0.74,972.89万,12.94亿,122.63,19.9584,351.33亿,351.33亿
226,002040,南 京 港,SZ,10.71,4.79,7.73,7.06,符合,央国企改革,3519.43万,5049.98万,9.68,0.490,10.90,10.11,4.04,3433.02万,3.63亿,25.48,1.5058,52.26亿,52.06亿
227,002803,吉宏股份,SZ,21.84,2.06,3.55,6.03,符合,华为概念,3667.96万,467.43万,9.68,0.440,22.02,21.26,0.94,1742.14万,3.79亿,33.98,3.5524,98.37亿,63.05亿
228,600730,*ST高科,SH,10.38,4.95,2.83,5.23,符合,-,3064.06万,8513.78万,9.64,0.490,10.38,10.10,2.33,3068.46万,3.18亿,-790.04,3.6306,60.89亿,60.89亿
229,920510,丰光精密,BJ,17.80,9.40,12.72,7.76,符合,-,1199.53万,1277.16万,9.62,1.530,17.97,15.90,3.60,728.53万,1.25亿,-836.26,8.3965,32.79亿,16.71亿
230,601799,星宇股份,SH,137.96,4.75,7.04,2.91,符合,-,1.09亿,9477.04万,9.59,6.250,140.30,131.03,2.25,830.62万,11.40亿,27.74,3.5631,394.12亿,394.12亿
231,000546,金圆股份,SZ,7.83,4.12,9.04,22.79,符合,-,1.20亿,1.22亿,9.54,0.310,8.27,7.59,1.59,1.59亿,12.55亿,-26.19,1.5858,60.89亿,54.55亿
232,001267,汇绿生态,SZ,62.38,10.00,13.70,9.56,符合,光通信模块、CPO概念、通信技术,3.31亿,2.75亿,9.54,5.670,62.38,54.61,0.88,5796.60万,34.66亿,823.58,30.7620,489.79亿,378.42亿
233,300053,航宇微,SZ,19.98,2.57,5.08,9.11,符合,国产芯片、商业航天、央国企改革,1.11亿,3669.82万,9.53,0.500,20.06,19.07,1.21,5929.80万,11.67亿,-186.03,9.8454,139.24亿,130.03亿
234,002913,奥士康,SZ,58.45,4.60,7.21,3.22,符合,5G概念、华为概念、通信技术,5336.21万,7574.97万,9.50,2.570,59.01,54.98,0.94,972.60万,5.62亿,265.75,4.1873,185.50亿,176.33亿
235,002222,福晶科技,SZ,108.24,10.00,14.45,12.28,符合,央国企改革、华为概念、光纤概念,5.44亿,15.65亿,9.47,9.840,108.24,94.02,1.55,5750.45万,57.46亿,195.05,27.8422,509.00亿,506.73亿
236,603150,万朗磁塑,SH,66.80,2.66,9.48,3.60,符合,-,1935.09万,-1141.88万,9.46,1.730,68.50,62.33,1.44,307.67万,2.05亿,53.14,3.2808,57.10亿,57.10亿
237,688727,恒坤新材,SH,54.56,2.19,5.19,11.02,符合,-,2796.23万,-436.82万,9.45,1.170,54.68,51.91,1.41,553.89万,2.96亿,239.64,9.6937,245.15亿,27.41亿
238,300095,华伍股份,SZ,11.05,10.72,14.83,15.91,符合,商业航天,5162.59万,6378.73万,9.43,1.070,11.47,9.99,4.84,5054.88万,5.47亿,64.45,2.9806,43.58亿,35.10亿
239,605111,新洁能,SH,44.52,6.43,11.00,9.46,符合,国产芯片、新能源车,1.60亿,1.77亿,9.41,2.690,45.46,40.86,1.74,3928.30万,16.97亿,48.89,4.2588,184.91亿,184.91亿
240,688322,奥比中光-W,SH,87.92,1.64,5.28,4.58,符合,国产芯片,1.21亿,1.08亿,9.39,1.420,90.02,85.45,1.88,1458.76万,12.87亿,284.46,11.7781,352.69亿,280.18亿
241,301499,维科精密,SZ,38.14,4.78,9.07,21.83,符合,-,2667.80万,2183.64万,9.33,1.740,39.18,35.88,2.26,754.60万,2.86亿,101.20,4.0364,52.73亿,13.18亿
242,300247,融捷健康,SZ,4.78,13.27,14.69,8.39,符合,-,2863.04万,421.02万,9.32,0.560,4.82,4.20,4.37,6737.16万,3.07亿,40.48,3.3223,38.43亿,38.38亿
243,300767,震安科技,SZ,25.94,3.31,5.18,6.59,符合,-,3737.16万,-152.81万,9.31,0.830,26.06,24.76,1.45,1581.14万,4.01亿,-942.43,4.7170,71.67亿,62.23亿
244,301066,万事利,SZ,16.31,5.29,8.91,6.19,符合,-,2166.31万,6183.05万,9.30,0.820,16.73,15.35,1.77,1442.63万,2.33亿,64.25,2.9737,38.32亿,38.02亿
245,605222,起帆电缆,SH,37.88,7.31,10.68,6.29,符合,-,8819.30万,2.81亿,9.29,2.580,38.57,34.80,1.04,2597.26万,9.49亿,41.01,3.3231,156.41亿,156.41亿
246,600892,*ST大晟,SH,3.98,5.01,5.28,2.41,符合,央国企改革,488.35万,-53.51万,9.25,0.190,3.98,3.78,1.07,1346.11万,5277.16万,-32.64,253.8880,22.27亿,22.26亿
247,300397,天和防务,SZ,13.88,3.50,7.61,9.86,符合,华为概念、5G概念、国产芯片、通信技术,5090.25万,9642.88万,9.24,0.470,14.21,13.19,1.94,3990.78万,5.51亿,169.00,5.0136,71.85亿,56.16亿
248,688418,震有科技,SH,54.20,6.67,8.48,6.60,符合,5G概念、商业航天、光通信模块、通信技术,6157.39万,8982.97万,9.24,3.390,54.48,50.17,1.30,1270.83万,6.67亿,-58.10,12.7771,104.36亿,104.36亿
249,301088,戎美股份,SZ,15.76,7.50,8.80,3.39,符合,-,902.68万,972.04万,9.20,1.100,15.96,14.67,4.01,637.21万,9812.14万,65.53,1.4209,35.92亿,29.63亿
250,603223,恒通股份,SH,9.56,5.64,7.96,3.04,符合,-,1873.71万,1301.40万,9.20,0.510,9.74,9.02,2.71,2143.79万,2.04亿,18.11,1.6507,67.48亿,67.48亿
251,300918,南山智尚,SZ,15.69,4.11,6.37,3.70,符合,商业航天,2666.07万,2507.94万,9.18,0.620,15.83,14.87,2.20,1873.67万,2.90亿,64.48,2.0488,79.41亿,79.41亿
252,688090,瑞松科技,SH,86.97,1.72,5.50,4.37,符合,新能源车,4211.20万,2662.54万,9.18,1.470,87.70,83.00,0.79,533.48万,4.59亿,129.27,11.5009,106.43亿,106.19亿
253,300840,酷特智能,SZ,24.51,12.12,15.69,30.74,符合,华为概念,1.24亿,1.45亿,9.17,2.650,26.23,22.80,4.38,5443.75万,13.56亿,118.53,4.5793,58.82亿,43.40亿
254,301302,华如科技,SZ,27.05,3.96,5.27,7.80,符合,-,2636.29万,3727.11万,9.08,1.030,27.19,25.82,1.41,1083.59万,2.90亿,-63.65,2.8738,42.16亿,37.60亿
255,002611,东方精工,SZ,18.88,3.79,7.53,8.57,符合,华为概念,1.47亿,2.64亿,9.07,0.690,19.35,17.98,2.35,8581.92万,16.24亿,-609.76,4.0631,229.82亿,189.16亿
256,603867,新化股份,SH,36.43,1.82,6.88,4.54,符合,-,3249.46万,9116.20万,9.06,0.650,38.10,35.64,1.47,978.29万,3.59亿,24.37,2.5246,79.23亿,78.57亿
257,301273,瑞晨环保,SZ,41.10,3.37,5.84,2.82,符合,-,569.18万,787.74万,9.04,1.340,41.50,39.18,0.82,155.07万,6295.06万,-40.31,3.3680,29.44亿,22.60亿
258,300806,斯迪克,SZ,85.00,2.37,7.65,6.73,符合,华为概念、新能源车,1.60亿,3.76亿,9.03,1.970,85.88,79.53,1.12,2128.39万,17.70亿,632.56,16.5035,385.31亿,268.95亿
259,605006,山东玻纤,SH,14.87,9.99,11.61,5.46,符合,央国企改革,4232.22万,4.00亿,9.03,1.350,14.87,13.30,0.55,3278.97万,4.69亿,221.25,3.5605,89.23亿,89.23亿
260,688568,中科星图,SH,66.80,7.93,9.81,3.80,符合,央国企改革、华为概念、商业航天,1.78亿,1.88亿,9.01,4.910,67.06,60.99,2.07,3074.53万,19.77亿,-90.68,14.8450,539.80亿,539.80亿
261,603897,长城科技,SH,56.99,2.00,7.93,7.24,符合,新能源车,7756.39万,3.83亿,8.97,1.120,59.78,55.35,1.40,1494.05万,8.65亿,65.93,4.6396,117.65亿,117.65亿
262,600058,五矿发展,SH,11.78,3.51,7.47,2.22,符合,央国企改革,2503.15万,4098.04万,8.95,0.400,12.15,11.30,1.96,2376.22万,2.80亿,185.70,2.5891,126.27亿,126.27亿
263,603305,旭升集团,SH,16.66,3.35,4.59,4.77,符合,新能源车、央国企改革、商业航天,8065.57万,6924.64万,8.84,0.540,16.70,15.96,1.70,5514.91万,9.13亿,38.46,2.0580,192.54亿,192.54亿
264,300466,赛摩智能,SZ,9.42,2.95,3.83,3.03,符合,央国企改革,1113.47万,-349.72万,8.83,0.270,9.43,9.08,1.64,1359.49万,1.26亿,242.51,7.2782,50.45亿,42.28亿
265,603083,剑桥科技,SH,189.84,3.13,8.42,10.54,符合,5G概念、华为概念、CPO概念、光通信模块、通信技术,4.85亿,12.51亿,8.83,5.770,194.50,179.00,0.84,2905.41万,54.92亿,141.44,8.8523,669.47亿,523.18亿
266,600088,中视传媒,SH,16.01,4.23,5.27,3.43,符合,央国企改革,1892.89万,3893.94万,8.82,0.650,16.12,15.31,2.14,1362.23万,2.15亿,2351.90,5.0744,63.67亿,63.67亿
267,300977,深圳瑞捷,SZ,22.39,2.99,4.92,4.35,符合,-,808.19万,1743.23万,8.80,0.650,22.67,21.60,1.35,412.85万,9183.75万,-246.13,2.4654,34.08亿,21.23亿
268,300002,神州泰岳,SZ,10.15,1.91,3.51,2.82,符合,华为概念、5G概念、通信技术,4634.15万,5164.04万,8.79,0.190,10.23,9.88,1.28,5209.02万,5.27亿,29.17,2.5549,199.67亿,187.45亿
269,301197,工大科雅,SZ,33.02,2.83,10.81,5.48,符合,-,1735.83万,1969.87万,8.77,0.910,34.67,31.20,1.20,595.89万,1.98亿,-139.93,3.0127,39.80亿,35.91亿
270,600889,*ST京化,SH,15.87,4.20,5.38,1.87,符合,央国企改革,940.31万,291.92万,8.72,0.640,15.99,15.17,1.61,685.85万,1.08亿,182.21,7.9138,88.56亿,58.14亿
271,605336,*ST帅电,SH,18.18,5.03,6.59,2.00,符合,-,573.54万,795.92万,8.72,0.870,18.18,17.04,0.62,365.99万,6579.40万,-115.76,1.8484,33.34亿,33.34亿
272,301023,奕帆传动,SZ,44.33,3.45,5.44,8.52,符合,-,1415.06万,2128.42万,8.68,1.480,44.73,42.40,2.57,371.11万,1.63亿,66.00,4.1832,34.65亿,19.30亿
273,600331,宏达股份,SH,18.28,5.66,7.92,4.17,符合,央国企改革,1.30亿,-3478.34万,8.67,0.980,18.42,17.05,1.02,8465.94万,15.05亿,-358.18,15.5030,482.88亿,371.45亿
274,920527,夜光明,BJ,18.12,2.84,3.92,3.10,符合,-,175.28万,214.30万,8.67,0.500,18.18,17.49,2.41,112.68万,2022.65万,49.42,2.7295,10.88亿,6.59亿
275,605377,华旺科技,SH,10.06,3.93,5.06,1.66,符合,-,790.06万,-2399.52万,8.59,0.380,10.15,9.66,1.05,925.72万,9200.25万,21.52,1.4101,56.00亿,56.00亿
276,605488,福莱新材,SH,36.78,2.62,4.91,4.71,符合,华为概念,4085.43万,7572.50万,8.59,0.940,37.26,35.50,1.81,1301.47万,4.76亿,147.37,4.9061,111.03亿,101.59亿
277,688091,上海谊众,SH,60.60,0.02,4.72,2.78,符合,-,2959.23万,1.20亿,8.56,0.010,61.86,59.00,0.99,574.83万,3.46亿,172.37,8.6479,125.26亿,125.26亿
278,688781,视涯科技-UW,SH,46.99,6.55,9.25,17.55,符合,-,2819.98万,1633.53万,8.56,2.890,47.66,43.58,1.24,716.57万,3.30亿,-258.09,11.5850,469.90亿,19.19亿
279,300414,中光防雷,SZ,14.94,2.82,4.20,4.64,符合,5G概念、华为概念、商业航天、通信技术,1825.86万,-1909.59万,8.52,0.410,14.94,14.33,1.72,1455.35万,2.14亿,148.79,4.8668,48.71亿,46.84亿
280,688259,创耀科技,SH,39.21,0.90,2.80,2.01,符合,国产芯片,738.36万,1595.88万,8.46,0.350,39.30,38.21,0.92,224.65万,8724.68万,105.42,2.7768,43.80亿,43.80亿
281,688545,兴福电子,SH,63.00,6.78,14.49,11.33,符合,央国企改革,1.10亿,6159.43万,8.45,4.000,66.66,58.11,2.19,2065.01万,13.01亿,88.57,7.5148,226.80亿,114.82亿
282,300984,金沃股份,SZ,69.90,3.43,8.26,6.77,符合,-,3564.49万,1.56亿,8.43,2.320,72.93,67.35,1.56,600.02万,4.23亿,147.29,8.0055,86.31亿,61.93亿
283,300378,鼎捷数智,SZ,43.40,0.37,3.79,7.58,符合,华为概念,7489.21万,1.24亿,8.41,0.160,44.48,42.84,1.58,2042.39万,8.90亿,-366.68,5.0760,117.85亿,116.97亿
284,301060,兰卫医学,SZ,10.91,2.35,3.38,4.13,符合,-,1362.01万,1386.39万,8.40,0.250,11.03,10.67,0.94,1489.16万,1.62亿,29.59,2.7555,43.70亿,39.29亿
285,301680,固德电材,SZ,120.81,7.74,10.43,28.98,符合,新能源车,4762.50万,4933.42万,8.38,8.680,122.22,110.53,1.81,486.89万,5.69亿,50.94,5.2560,100.03亿,20.30亿
286,002522,浙江众成,SZ,6.99,4.95,7.51,11.12,符合,5G概念、央国企改革、通信技术、光纤概念,5769.02万,1.11亿,8.37,0.330,7.02,6.52,1.75,1.01亿,6.89亿,103.55,2.7168,63.31亿,63.26亿
287,603489,八方股份,SH,38.79,1.46,2.90,2.75,符合,-,2082.97万,3995.15万,8.35,0.560,39.20,38.09,0.79,644.89万,2.50亿,50.84,3.2852,91.01亿,91.01亿
288,001396,誉帆科技,SZ,50.71,4.60,6.02,13.77,符合,-,1270.11万,5336.59万,8.30,2.230,51.03,48.11,1.08,305.76万,1.53亿,750.88,3.7889,54.21亿,11.26亿
289,300968,格林精密,SZ,12.31,1.07,3.20,1.41,符合,华为概念、商业航天,591.04万,1267.39万,8.29,0.130,12.42,12.03,1.23,581.28万,7131.68万,-28.23,2.8521,50.89亿,50.89亿
290,688339,亿华通-U,SH,26.29,1.55,3.24,2.35,符合,新能源车,995.81万,-511.89万,8.26,0.400,26.62,25.78,0.64,459.40万,1.21亿,-30.97,3.2810,63.24亿,51.47亿
291,300469,信息发展,SZ,61.39,5.94,9.40,5.32,符合,-,6639.03万,1.03亿,8.25,3.440,63.00,57.55,1.13,1320.68万,8.05亿,-121.35,65.1063,152.39亿,152.32亿
292,603773,沃格光电,SH,72.75,6.05,13.12,15.19,符合,5G概念、华为概念、CPO概念、商业航天、通信技术,2.00亿,5.62亿,8.25,4.150,74.00,65.00,1.18,3413.26万,24.22亿,-79.98,15.4583,163.50亿,163.44亿
293,300716,*ST泉为,SZ,15.40,17.83,22.04,8.04,符合,-,1527.50万,-1671.93万,8.24,2.330,15.60,12.72,2.16,1285.93万,1.85亿,-40.81,-13.8055,24.64亿,24.64亿
294,301392,汇成真空,SZ,170.71,2.89,9.64,15.29,符合,国产芯片,8821.66万,-2307.34万,8.23,4.800,178.00,162.00,1.21,623.79万,10.72亿,155.23,22.5433,170.71亿,69.64亿
295,688584,上海合晶,SH,26.10,4.86,10.53,8.60,符合,-,6210.67万,1.99亿,8.17,1.210,26.69,24.07,1.87,2952.08万,7.60亿,347.91,4.1973,174.66亿,89.60亿
296,300780,德恩精工,SZ,29.12,4.52,7.07,14.70,符合,商业航天、新能源车,3635.66万,1.53亿,8.16,1.260,29.25,27.28,1.02,1580.21万,4.45亿,-99.77,4.2646,42.71亿,31.31亿
297,920571,国航远洋,BJ,12.42,10.40,21.07,16.37,符合,-,4577.94万,6685.61万,8.16,1.170,13.38,11.01,2.38,4629.18万,5.61亿,58.92,5.0009,68.98亿,35.11亿
298,002878,元隆雅图,SZ,19.80,2.11,6.09,9.64,符合,华为概念,3686.07万,3066.38万,8.15,0.410,20.50,19.32,1.37,2273.52万,4.52亿,-428.99,4.1508,51.87亿,46.71亿
299,002969,嘉美包装,SZ,23.30,3.51,7.55,7.14,符合,-,1.47亿,2.74亿,8.14,0.790,23.90,22.20,1.22,7780.69万,18.06亿,95.41,7.8597,255.46亿,254.03亿
300,688790,昂瑞微-UW,SH,152.74,3.93,6.57,13.25,符合,5G概念、国产芯片、通信技术,1951.83万,-703.37万,8.14,5.770,153.86,144.21,1.77,159.76万,2.40亿,-56.62,5.5942,152.02亿,18.42亿
301,301213,观想科技,SZ,78.43,5.19,6.64,7.32,符合,-,2361.85万,613.59万,8.11,3.870,78.96,74.01,2.13,378.74万,2.91亿,224.56,7.8025,62.74亿,40.56亿
302,600497,驰宏锌锗,SH,10.01,3.52,5.89,4.37,符合,央国企改革、光纤概念,1.77亿,2.65亿,8.10,0.340,10.08,9.51,1.61,2.20亿,21.80亿,19.06,2.9350,504.54亿,504.54亿
303,600606,绿地控股,SH,1.57,3.29,7.24,1.42,符合,-,2549.86万,509.33万,8.09,0.050,1.62,1.51,0.93,2.00亿,3.15亿,27.02,0.5723,220.65亿,220.65亿
304,300863,卡倍亿,SZ,63.95,5.67,9.88,6.96,符合,新能源车,6376.79万,9375.98万,8.06,3.430,65.44,59.46,3.17,1259.47万,7.92亿,29.90,8.0834,120.34亿,115.67亿
305,600135,乐凯胶片,SH,11.82,1.98,4.75,4.88,符合,央国企改革,2562.40万,2354.88万,8.05,0.230,12.02,11.47,0.93,2699.18万,3.18亿,-68.92,2.7769,65.40亿,65.40亿
306,600362,江西铜业,SH,48.76,2.44,5.86,3.38,符合,央国企改革,2.69亿,7.07亿,8.03,1.160,49.30,46.51,1.48,7011.11万,33.53亿,14.98,2.0074,1688.43亿,1011.89亿
307,002295,精艺股份,SZ,11.83,3.86,5.18,3.56,符合,央国企改革,827.62万,93.99万,8.00,0.440,11.88,11.29,1.73,891.95万,1.04亿,102.88,2.2824,29.65亿,29.63亿
308,002472,双环传动,SZ,42.45,4.53,6.43,5.68,符合,新能源车,1.43亿,2.47亿,8.00,1.840,42.79,40.18,2.43,4254.10万,17.83亿,31.75,3.5011,360.80亿,317.75亿
309,688167,炬光科技,SH,434.64,2.91,8.20,10.05,符合,CPO概念、通信技术,3.05亿,6.09亿,7.96,12.290,436.98,402.35,1.62,902.84万,38.35亿,-739.56,17.4654,390.57亿,390.57亿
310,301000,肇民科技,SZ,35.86,8.73,16.04,13.14,符合,新能源车,8476.83万,1.84亿,7.93,2.880,38.86,33.57,5.07,3012.33万,10.69亿,81.26,6.6195,87.10亿,82.22亿
311,920642,通易航天,BJ,13.03,2.52,4.56,3.34,符合,-,340.53万,611.49万,7.90,0.320,13.10,12.52,1.64,333.59万,4309.01万,48.80,5.9206,13.51亿,13.02亿
312,920768,拾比佰,BJ,12.73,2.50,4.27,2.97,符合,华为概念,227.01万,94.96万,7.89,0.310,12.87,12.34,1.18,227.56万,2876.28万,22.59,1.9584,14.13亿,9.74亿
313,300549,优德精密,SZ,18.80,1.62,3.51,2.70,符合,新能源车,398.13万,428.12万,7.85,0.300,18.87,18.22,1.19,272.85万,5070.36万,910.08,4.5448,25.07亿,19.00亿
314,002943,宇晶股份,SZ,74.50,6.75,10.32,8.84,符合,-,7373.78万,2.83亿,7.82,4.710,75.20,68.00,0.85,1288.25万,9.43亿,-196.46,17.6717,153.19亿,108.56亿
315,603596,伯特利,SH,48.41,1.92,3.03,2.14,符合,新能源车,4861.54万,-611.54万,7.80,0.910,48.57,47.13,1.02,1296.47万,6.23亿,27.32,3.7495,293.61亿,293.61亿
316,920055,隆源股份,BJ,37.55,6.25,7.78,25.87,符合,新能源车,1140.28万,2061.07万,7.78,2.210,38.10,35.35,2.04,395.80万,1.46亿,18.19,2.0854,25.53亿,5.75亿
317,688788,科思科技,SH,59.70,2.40,7.24,2.35,符合,国产芯片,1703.36万,4211.83万,7.71,1.400,61.33,57.11,1.89,368.70万,2.21亿,-32.26,5.3263,93.65亿,93.65亿
318,600769,祥龙电业,SH,17.80,2.89,5.55,4.73,符合,央国企改革,2383.57万,7207.24万,7.69,0.500,17.86,16.90,0.75,1775.36万,3.10亿,351.26,52.6636,66.75亿,66.75亿
319,000826,*ST启环,SZ,2.08,5.05,4.04,5.33,符合,新能源车,1189.85万,9455.80万,7.62,0.100,2.08,2.00,1.06,7599.97万,1.56亿,-4.09,-1.1852,29.65亿,29.64亿
320,603051,鹿山新材,SH,24.77,4.25,5.13,5.62,符合,-,1678.51万,-1739.29万,7.62,1.010,24.92,23.70,1.48,909.13万,2.20亿,50.07,2.3520,40.04亿,40.04亿
321,600207,安彩高科,SH,6.55,5.14,6.58,9.34,符合,央国企改革,4966.55万,5281.35万,7.60,0.320,6.64,6.23,4.41,1.02亿,6.53亿,-12.06,3.7995,71.35亿,71.35亿
322,688588,凌志软件,SH,12.40,1.22,3.59,1.52,符合,-,572.73万,-318.03万,7.59,0.150,12.69,12.25,1.31,606.17万,7548.43万,-625.48,4.0395,49.60亿,49.60亿
323,600336,澳柯玛,SH,8.18,5.14,6.56,2.75,符合,央国企改革,1337.26万,3932.06万,7.57,0.400,8.24,7.73,1.74,2194.07万,1.77亿,43.55,2.8840,65.28亿,65.28亿
324,301348,蓝箭电子,SZ,26.88,2.36,6.05,16.22,符合,国产芯片,5071.72万,1.04亿,7.53,0.620,27.40,25.81,1.69,2515.81万,6.73亿,-200.72,4.3907,64.51亿,41.70亿
325,000560,我爱我家,SZ,3.14,2.28,5.54,6.21,符合,华为概念,3440.65万,1.39亿,7.51,0.070,3.22,3.05,1.49,1.45亿,4.58亿,339.22,0.7969,73.96亿,73.43亿
326,002975,博杰股份,SZ,124.45,0.04,6.86,10.31,符合,5G概念、华为概念、通信技术,1.02亿,2.48亿,7.51,0.050,127.64,119.10,0.98,1091.85万,13.53亿,75.68,8.4769,199.50亿,131.74亿
327,600737,中粮糖业,SH,15.54,1.37,3.91,1.75,符合,央国企改革,4358.51万,8014.70万,7.50,0.210,15.85,15.25,1.02,3739.50万,5.81亿,38.48,2.8575,332.38亿,332.38亿
328,002693,*ST双成,SZ,9.58,5.04,5.70,3.88,符合,-,1119.62万,2628.12万,7.47,0.460,9.58,9.06,0.97,1595.06万,1.50亿,288.03,9.5520,39.73亿,39.37亿
329,300211,*ST亿通,SZ,9.28,2.88,3.55,1.74,符合,国产芯片,356.15万,331.29万,7.45,0.260,9.28,8.96,1.17,520.57万,4777.78万,-59.48,6.4012,28.20亿,27.70亿
330,301529,福赛科技,SZ,154.30,3.10,7.86,11.74,符合,新能源车、5G概念、通信技术,6083.87万,1.83亿,7.45,4.640,159.77,148.00,1.12,531.31万,8.16亿,106.48,9.2957,130.90亿,69.80亿
331,002645,华宏科技,SZ,27.38,1.63,5.86,7.85,符合,-,8795.43万,1.76亿,7.43,0.440,27.58,26.00,0.98,4387.82万,11.84亿,19.85,4.0268,171.84亿,153.03亿
332,300907,康平科技,SZ,32.15,4.05,5.37,3.68,符合,新能源车,829.22万,-48.13万,7.41,1.250,32.32,30.66,1.73,353.41万,1.12亿,56.12,3.8279,30.86亿,30.86亿
333,603119,浙江荣泰,SH,92.62,4.75,6.49,16.65,符合,新能源车,2.31亿,5.62亿,7.38,4.200,94.48,88.74,1.70,3395.18万,31.33亿,117.32,15.9738,336.90亿,188.83亿
334,688333,铂力特,SH,93.40,1.25,4.38,4.34,符合,商业航天,8077.06万,1.16亿,7.34,1.150,94.48,90.44,1.15,1189.39万,11.01亿,381.83,5.1232,256.22亿,256.22亿
335,000921,海信家电,SZ,24.61,1.53,2.81,1.30,符合,-,2150.11万,-2299.65万,7.33,0.370,24.78,24.10,0.91,1193.49万,2.93亿,8.23,1.8423,340.81亿,225.95亿
336,000509,华塑控股,SZ,4.04,2.80,8.14,12.09,符合,央国企改革,3795.57万,8196.22万,7.30,0.110,4.23,3.91,5.06,1.30亿,5.20亿,-432.21,35.8563,43.35亿,43.35亿
337,300969,恒帅股份,SZ,142.87,3.55,6.07,8.71,符合,新能源车,4777.26万,5429.49万,7.28,4.900,144.38,136.00,1.59,464.42万,6.56亿,101.95,9.2811,163.77亿,76.16亿
338,301260,格力博,SZ,17.69,4.12,5.30,5.63,符合,-,1485.00万,381.74万,7.27,0.700,17.95,17.05,1.37,1156.22万,2.04亿,15.76,1.9818,85.50亿,36.32亿
339,301338,凯格精机,SZ,211.08,1.00,5.06,7.71,符合,华为概念、光通信模块、通信技术,6254.45万,2.10亿,7.27,2.080,215.37,204.80,0.78,408.98万,8.60亿,86.41,13.2253,224.59亿,111.93亿
340,300956,英力股份,SZ,16.26,2.72,5.12,3.09,符合,-,762.47万,906.78万,7.26,0.430,16.44,15.63,1.55,650.95万,1.05亿,-154.12,2.6019,35.03亿,34.22亿
341,002786,银宝山新,SZ,8.10,1.76,3.02,3.76,符合,新能源车、央国企改革、华为概念、5G概念、通信技术,1082.56万,5699.59万,7.22,0.140,8.17,7.93,0.75,1855.76万,1.50亿,69.84,20.1486,40.14亿,40.02亿
342,002970,锐明技术,SZ,75.83,0.34,5.07,6.51,符合,华为概念,4429.06万,1.19亿,7.22,0.260,77.00,73.17,0.61,814.58万,6.14亿,79.70,6.8346,138.55亿,94.92亿
343,300828,锐新科技,SZ,24.80,6.26,6.90,17.92,符合,新能源车、5G概念、央国企改革、通信技术,2630.69万,-479.81万,7.21,1.460,24.96,23.35,2.12,1512.43万,3.65亿,160.60,5.2274,41.27亿,20.93亿
344,300115,长盈精密,SZ,36.36,4.18,7.48,7.26,符合,新能源车、5G概念、国产芯片、通信技术,2.55亿,5.47亿,7.15,1.460,37.20,34.59,2.13,9853.45万,35.72亿,98.81,5.8259,494.98亿,493.52亿
345,603278,大业股份,SH,14.91,10.04,11.07,18.04,符合,-,6206.26万,2.78亿,7.15,1.360,14.91,13.41,2.49,6164.36万,8.68亿,-51.87,2.6318,50.96亿,50.96亿
346,300680,隆盛科技,SZ,43.54,3.27,6.62,8.60,符合,新能源车、商业航天,4680.03万,5933.54万,7.14,1.380,44.44,41.65,1.46,1512.85万,6.56亿,42.63,4.7770,99.15亿,76.56亿
347,603728,鸣志电器,SH,63.48,3.49,5.85,3.34,符合,华为概念、5G概念、通信技术,6327.28万,1.10亿,7.14,2.140,64.59,61.00,2.31,1398.93万,8.87亿,481.12,8.9424,265.91亿,265.91亿
348,688661,和林微纳,SH,128.30,2.10,9.14,4.06,符合,国产芯片、华为概念,5646.16万,-971.96万,7.13,2.640,133.48,121.99,0.78,616.68万,7.92亿,-379.81,16.0405,194.87亿,194.87亿
349,603380,易德龙,SH,39.22,5.60,9.02,3.51,符合,新能源车、5G概念、通信技术,1539.22万,1259.14万,7.10,2.080,39.85,36.50,3.05,563.27万,2.17亿,51.53,3.9002,62.93亿,62.93亿
350,688035,德邦科技,SH,79.41,0.52,5.14,5.14,符合,新能源车,4096.14万,1.43亿,7.09,0.410,80.60,76.54,0.84,731.02万,5.78亿,82.06,4.7798,112.95亿,112.95亿
351,300253,卫宁健康,SZ,9.54,2.80,8.41,10.94,符合,-,1.36亿,1.47亿,7.06,0.260,10.13,9.35,2.72,1.98亿,19.23亿,374.18,3.8122,210.00亿,172.72亿
352,300302,同有科技,SZ,35.50,5.56,10.53,19.40,符合,国产芯片,1.76亿,1.64亿,7.05,1.870,36.04,32.50,1.04,7154.77万,24.97亿,48.79,15.4482,170.14亿,130.93亿
353,300460,ST惠伦,SZ,10.11,2.43,2.74,3.43,符合,华为概念、商业航天,679.98万,167.97万,7.05,0.240,10.15,9.88,1.47,963.34万,9649.41万,-84.91,6.1778,28.39亿,28.39亿
354,300672,国科微,SZ,214.56,6.75,12.43,8.02,符合,国产芯片,2.51亿,3601.10万,7.05,13.560,220.00,195.01,0.94,1686.50万,35.64亿,211.96,12.0791,465.82亿,451.30亿
355,300024,机器人,SZ,15.75,2.14,5.25,3.18,符合,央国企改革,5483.10万,7934.14万,6.99,0.330,16.05,15.24,2.08,4984.21万,7.84亿,-66.64,6.0943,246.59亿,246.52亿
356,688712,北芯生命,SH,45.22,5.26,7.98,19.89,符合,-,2284.76万,393.22万,6.94,2.260,45.95,42.52,2.04,738.18万,3.29亿,103.13,10.6849,188.57亿,16.78亿
357,001337,四川黄金,SZ,59.19,1.44,6.92,4.49,符合,央国企改革,7813.18万,3.96亿,6.93,0.840,61.04,57.00,1.03,1885.92万,11.27亿,23.41,13.1363,248.60亿,248.60亿
358,600609,金杯汽车,SH,4.17,0.97,2.91,1.30,符合,央国企改革、新能源车,486.31万,3504.40万,6.93,0.040,4.21,4.09,0.78,1689.72万,7020.84万,26.24,3.2108,54.40亿,54.40亿
359,300822,贝仕达克,SZ,15.72,2.08,4.29,1.34,符合,-,419.85万,450.07万,6.92,0.320,15.91,15.25,0.86,387.73万,6070.78万,55.50,3.9319,48.97亿,45.43亿
360,300816,艾可蓝,SZ,83.41,3.74,5.39,6.73,符合,-,2159.32万,9513.90万,6.89,3.010,83.99,79.66,0.97,381.29万,3.13亿,83.99,6.9789,66.73亿,47.27亿
361,920509,同惠电子,BJ,33.32,0.66,4.05,3.06,符合,华为概念,587.28万,1672.18万,6.89,0.220,33.74,32.40,1.29,257.31万,8527.12万,116.58,14.0089,53.41亿,27.98亿
362,688719,爱科赛博,SH,69.45,3.23,7.86,4.82,符合,华为概念、新能源车,1997.03万,7098.48万,6.88,2.170,69.50,64.21,1.22,432.51万,2.90亿,-114.04,4.7636,80.14亿,62.31亿
363,301328,维峰电子,SZ,70.05,7.64,20.31,3.92,符合,新能源车,2063.73万,3953.38万,6.85,4.970,77.80,64.58,2.34,431.17万,3.01亿,103.61,3.8616,76.98亿,76.98亿
364,000815,美利云,SZ,22.96,3.75,8.36,24.25,符合,央国企改革,2.59亿,5.56亿,6.82,0.830,23.45,21.60,1.49,1.69亿,38.01亿,179.78,11.3462,159.63亿,159.63亿
365,301203,国泰环保,SZ,48.68,0.02,3.06,2.60,符合,-,375.56万,1457.10万,6.82,0.010,49.09,47.60,0.67,114.04万,5506.37万,52.35,2.7905,38.94亿,21.34亿
366,603738,泰晶科技,SH,47.01,9.99,3.18,5.15,符合,5G概念、CPO概念、光通信模块、华为概念、通信技术,6346.23万,6.98亿,6.82,4.270,47.01,45.65,0.39,1989.21万,9.30亿,196.80,9.9761,181.41亿,181.41亿
367,002496,*ST辉丰,SZ,2.29,2.23,4.91,3.50,符合,-,634.33万,58.25万,6.81,0.050,2.31,2.20,1.36,4134.71万,9310.72万,1493.00,3.0979,34.52亿,27.05亿
368,301363,美好医疗,SZ,29.71,2.48,6.52,5.92,符合,-,4470.12万,7449.28万,6.80,0.720,30.42,28.53,1.40,2210.77万,6.57亿,74.54,4.4659,169.01亿,110.88亿
369,603063,禾望电气,SH,51.50,1.48,5.75,7.65,符合,-,1.21亿,11.79亿,6.79,0.750,52.42,49.50,0.92,3509.32万,17.81亿,115.55,4.5810,236.28亿,236.28亿
370,603110,东方材料,SH,24.38,3.26,8.09,9.25,符合,-,3058.12万,4624.04万,6.79,0.770,24.69,22.78,0.55,1862.06万,4.50亿,117.63,7.0398,49.06亿,49.06亿
371,601106,中国一重,SH,4.63,1.09,3.49,1.83,符合,央国企改革、商业航天,3908.36万,1.14亿,6.77,0.050,4.66,4.50,0.98,1.26亿,5.78亿,4088.07,6.1472,317.52亿,317.52亿
372,300635,中达安,SZ,15.58,2.70,5.08,6.31,符合,5G概念、央国企改革、华为概念、通信技术,786.28万,-1882.91万,6.73,0.410,15.84,15.07,1.11,759.61万,1.17亿,365.72,7.0935,21.81亿,18.76亿
373,601069,西部黄金,SH,35.58,4.10,6.09,3.97,符合,央国企改革,8333.01万,1.49亿,6.72,1.400,35.93,33.85,1.79,3520.17万,12.40亿,15.51,6.1661,324.13亿,315.66亿
374,002708,光洋股份,SZ,14.33,2.72,4.66,5.28,符合,新能源车、央国企改革,2597.77万,5725.88万,6.71,0.380,14.41,13.76,1.70,2728.44万,3.87亿,62.82,4.5537,80.55亿,74.04亿
375,920069,普昂医疗,BJ,41.88,2.85,5.57,14.43,符合,-,601.05万,1024.86万,6.69,1.160,43.36,41.09,1.37,213.29万,8991.08万,23.41,2.7997,22.16亿,6.19亿
376,300244,迪安诊断,SZ,21.09,2.88,7.32,14.79,符合,华为概念,1.06亿,1.83亿,6.67,0.590,22.40,20.90,2.23,7417.22万,15.91亿,51.19,2.0195,131.81亿,105.76亿
377,300815,玉禾田,SZ,22.25,1.92,2.89,2.06,符合,-,1183.61万,406.34万,6.67,0.420,22.28,21.65,1.34,803.05万,1.77亿,13.50,1.8860,88.69亿,86.86亿
378,688307,中润光学,SH,107.30,8.69,10.29,7.79,符合,华为概念,4696.72万,5627.06万,6.67,8.580,107.30,97.14,1.26,691.43万,7.05亿,159.83,10.3751,95.25亿,95.25亿
379,300570,太辰光,SZ,162.10,8.03,15.10,21.74,符合,5G概念、国产芯片、CPO概念、光通信模块、通信技术、光纤概念,4.44亿,4.09亿,6.66,12.050,167.99,145.33,1.69,4179.18万,66.74亿,139.93,20.8128,368.17亿,311.54亿
380,600119,*ST长投,SH,6.44,4.38,5.02,2.53,符合,央国企改革,385.36万,544.55万,6.59,0.270,6.44,6.13,0.52,925.88万,5847.90万,-217.06,31.6917,23.52亿,23.52亿
381,600416,湘电股份,SH,12.99,1.56,2.81,1.93,符合,央国企改革、商业航天,2426.22万,-2441.06万,6.59,0.200,13.04,12.68,1.21,2848.86万,3.68亿,94.24,1.9692,191.70亿,191.70亿
382,000901,航天科技,SZ,24.66,2.66,4.70,8.50,符合,央国企改革、商业航天,1.09亿,3.83亿,6.57,0.640,24.83,23.70,1.40,6787.86万,16.54亿,327.42,4.6341,196.84亿,196.83亿
383,002249,大洋电机,SZ,9.80,2.08,5.21,5.14,符合,新能源车,6167.79万,1.02亿,6.57,0.200,10.01,9.51,1.88,9574.53万,9.39亿,20.20,2.3812,241.60亿,182.43亿
384,000008,神州高铁,SZ,2.81,2.93,4.40,4.08,符合,央国企改革,2009.39万,3196.31万,6.50,0.080,2.83,2.71,2.50,1.11亿,3.09亿,-62.77,3.5367,76.33亿,76.33亿
385,300455,航天智装,SZ,28.89,2.85,4.88,3.35,符合,央国企改革、商业航天、国产芯片,4399.50万,8314.51万,6.50,0.800,29.00,27.63,1.75,2374.40万,6.77亿,1708.01,12.4223,207.36亿,204.72亿
386,301479,弘景光电,SZ,131.48,4.43,10.31,8.53,符合,新能源车,3720.53万,6623.19万,6.49,5.580,138.00,125.02,1.37,434.32万,5.73亿,114.63,8.9428,116.97亿,66.96亿
387,920821,则成电子,BJ,25.11,5.64,10.94,6.97,符合,-,814.44万,1359.23万,6.47,1.340,25.80,23.20,2.14,507.91万,1.26亿,-319.86,6.6406,34.74亿,18.29亿
388,300591,万里马,SZ,8.39,4.22,6.21,8.69,符合,-,1638.55万,5335.77万,6.46,0.340,8.45,7.95,1.02,3046.92万,2.53亿,302.06,19.9080,34.04亿,29.40亿
389,920751,惠同新材,BJ,26.07,2.24,5.18,1.95,符合,-,271.59万,950.01万,6.45,0.570,26.46,25.14,1.35,162.34万,4210.00万,48.34,5.4725,22.62亿,21.66亿
390,002831,裕同科技,SZ,40.60,3.89,6.22,3.15,符合,-,4125.05万,1.99亿,6.43,1.520,40.60,38.17,1.13,1610.13万,6.42亿,38.01,3.0299,373.73亿,207.46亿
391,603519,立霸股份,SH,14.78,1.72,2.06,1.37,符合,国产芯片,344.43万,457.04万,6.43,0.250,14.78,14.48,0.69,365.91万,5360.55万,29.11,3.1204,39.36亿,39.36亿
392,603530,神马电力,SH,65.25,1.46,4.37,1.73,符合,-,3051.54万,6842.54万,6.40,0.940,65.65,62.84,1.29,739.19万,4.77亿,71.65,14.8092,281.67亿,278.92亿
393,300155,安居宝,SZ,5.19,1.76,2.55,3.02,符合,-,328.26万,-926.50万,6.39,0.090,5.20,5.07,0.97,995.31万,5137.06万,-85.47,2.4376,29.13亿,17.10亿
394,300283,温州宏丰,SZ,16.98,20.00,21.34,29.53,符合,新能源车、5G概念、通信技术,1.07亿,2.92亿,6.39,2.830,16.98,13.96,1.04,1.08亿,16.81亿,37.48,7.2029,84.39亿,62.35亿
395,603881,数据港,SH,40.20,1.64,4.55,9.25,符合,央国企改革,1.67亿,3.22亿,6.36,0.650,40.50,38.70,1.61,6647.00万,26.26亿,161.23,8.5820,288.79亿,288.79亿
396,600500,中化国际,SH,4.96,2.90,5.81,2.30,符合,央国企改革,2575.95万,9493.25万,6.35,0.140,5.05,4.77,1.32,8261.04万,4.06亿,-20.62,1.7513,177.98亿,177.98亿
397,300660,江苏雷利,SZ,45.52,2.75,5.55,3.50,符合,新能源车,4495.75万,4571.26万,6.32,1.220,46.36,43.90,2.35,1563.14万,7.11亿,77.43,5.6848,203.54亿,203.37亿
398,601698,中国卫通,SH,39.80,5.21,9.25,3.29,符合,商业航天、央国企改革,3.42亿,5.87亿,6.32,1.970,40.88,37.38,2.24,1.39亿,54.17亿,1565.96,10.5249,1681.31亿,1681.31亿
399,002569,*ST步森,SZ,15.11,5.00,4.66,3.15,符合,央国企改革,413.69万,-1502.57万,6.31,0.720,15.11,14.44,0.98,440.73万,6560.07万,-130.41,54.7926,21.76亿,21.16亿
400,300868,杰美特,SZ,90.26,3.46,9.65,10.30,符合,华为概念,4696.85万,2.25亿,6.31,3.020,94.01,85.59,2.05,831.90万,7.44亿,-358.20,7.8660,115.49亿,72.90亿
401,301368,丰立智能,SZ,54.53,5.25,7.91,8.62,符合,-,1884.30万,1978.82万,6.30,2.720,55.35,51.25,2.68,552.72万,2.99亿,6241.78,6.9479,65.49亿,34.97亿
402,600463,空港股份,SH,11.31,3.19,4.93,1.75,符合,央国企改革,369.81万,-1713.78万,6.29,0.350,11.42,10.88,1.10,523.96万,5875.21万,131.04,3.8225,33.93亿,33.93亿
403,688515,裕太微-U,SH,188.06,2.60,9.22,13.39,符合,国产芯片、华为概念,7598.39万,2.76亿,6.28,4.770,190.00,173.10,0.88,667.25万,12.10亿,-86.95,10.2565,150.45亿,93.69亿
404,920121,江天科技,BJ,37.76,2.53,4.62,5.71,符合,-,160.29万,338.33万,6.27,0.930,38.00,36.30,2.74,67.95万,2557.21万,20.86,3.0759,24.95亿,4.49亿
405,603257,中国瑞林,SH,66.14,5.15,7.33,15.56,符合,-,1574.83万,1897.39万,6.26,3.240,66.68,62.07,1.84,387.32万,2.51亿,38.53,3.0918,79.37亿,16.47亿
406,002716,湖南白银,SZ,12.68,1.52,3.28,7.44,符合,央国企改革,1.36亿,3.98亿,6.23,0.190,12.85,12.44,1.17,1.73亿,21.89亿,57.54,8.8170,357.97亿,294.79亿
407,300075,数字政通,SZ,14.53,5.37,8.19,6.68,符合,华为概念,3098.91万,3568.31万,6.21,0.740,15.08,13.95,2.71,3443.92万,4.99亿,211.84,2.8475,90.25亿,74.89亿
408,600816,建元信托,SH,3.08,1.99,6.29,2.95,符合,-,3112.65万,1.46亿,6.21,0.060,3.19,3.00,0.86,1.61亿,5.01亿,7.45,1.9825,303.21亿,168.45亿
409,300864,南大环境,SZ,24.85,9.47,13.48,5.24,符合,-,1251.55万,1538.74万,6.20,2.150,25.80,22.74,3.15,827.69万,2.02亿,21.32,2.8008,39.24亿,39.24亿
410,688396,华润微,SH,58.14,1.95,5.66,2.32,符合,国产芯片、央国企改革,1.09亿,1.22亿,6.18,1.110,58.61,55.38,0.93,3086.38万,17.64亿,58.50,3.3360,772.22亿,772.22亿
411,300732,设研院,SZ,7.92,3.39,4.44,3.99,符合,-,712.42万,2629.00万,6.17,0.260,7.94,7.60,1.22,1475.19万,1.15亿,-107.64,1.0485,29.35亿,29.32亿
412,920036,觅睿科技,BJ,51.85,17.18,26.49,45.65,符合,-,1906.41万,1757.91万,6.17,7.600,56.80,45.08,2.99,596.28万,3.09亿,185.94,4.8400,28.22亿,6.77亿
413,000042,中洲控股,SZ,10.16,5.72,6.56,2.18,符合,-,895.65万,4395.17万,6.16,0.550,10.23,9.60,0.83,1449.06万,1.45亿,-25.50,2.9804,67.55亿,67.47亿
414,002048,宁波华翔,SZ,30.40,5.08,7.02,5.69,符合,-,7443.13万,6713.00万,6.16,1.470,30.58,28.55,2.10,4035.89万,12.09亿,22.66,2.0630,247.41亿,215.78亿
415,301096,百诚医药,SZ,60.48,0.08,3.04,3.69,符合,-,1141.14万,-934.33万,6.15,0.050,61.39,59.55,0.97,306.19万,1.86亿,128.90,2.6406,66.06亿,50.25亿
416,002331,皖通科技,SZ,9.72,2.53,5.27,7.98,符合,华为概念,1849.48万,-326.24万,6.14,0.240,9.77,9.27,1.18,3159.18万,3.01亿,-36.09,2.8851,41.64亿,38.48亿
417,002428,云南锗业,SZ,86.07,7.32,10.87,17.29,符合,华为概念、光通信模块、商业航天、通信技术、光纤概念,5.91亿,17.29亿,6.10,5.870,88.22,79.50,1.15,1.13亿,96.99亿,1543.14,38.2618,562.14亿,562.07亿
418,301682,宏明电子,SZ,143.82,7.17,9.28,21.68,符合,央国企改革、商业航天,4785.33万,-258.59万,6.09,9.620,144.91,132.45,1.50,556.77万,7.86亿,31.35,3.4940,174.81亿,36.94亿
419,600580,卧龙电驱,SH,41.06,3.87,8.30,6.46,符合,新能源车、华为概念,2.52亿,3.57亿,6.09,1.530,42.42,39.14,3.05,1.01亿,41.40亿,58.10,5.8952,641.41亿,639.56亿
420,301041,金百泽,SZ,31.50,2.17,4.54,6.79,符合,5G概念、通信技术,1013.88万,292.17万,6.08,0.670,31.70,30.30,1.42,536.06万,1.67亿,-4694.40,4.9402,33.60亿,24.88亿
421,002117,东港股份,SZ,10.63,1.92,3.26,2.76,符合,-,925.67万,-3501.50万,6.07,0.200,10.66,10.32,1.47,1446.86万,1.52亿,28.05,3.7576,55.67亿,55.65亿
422,300753,爱朋医疗,SZ,28.89,1.73,2.50,5.21,符合,-,795.71万,2314.12万,6.06,0.490,28.92,28.21,1.32,457.72万,1.31亿,-207.33,5.4920,36.42亿,25.39亿
423,603369,今世缘,SH,28.13,2.11,5.05,1.40,符合,央国企改革,2965.48万,7547.78万,6.04,0.580,28.75,27.36,1.23,1744.36万,4.91亿,6.33,1.9542,350.72亿,350.72亿
424,301228,实朴检测,SZ,62.41,2.35,6.17,3.99,符合,-,1783.09万,3633.51万,6.03,1.430,63.97,60.21,1.16,476.07万,2.96亿,-430.85,12.4991,74.89亿,74.54亿
425,688757,胜科纳米,SH,31.68,6.85,12.14,9.86,符合,-,3366.16万,8007.62万,6.03,2.030,32.73,29.13,2.32,1787.67万,5.58亿,430.87,14.2689,127.77亿,57.41亿
426,920078,族兴新材,BJ,32.60,11.61,26.74,46.76,符合,-,1841.36万,5051.31万,6.03,3.390,36.18,28.37,1.84,967.91万,3.05亿,103.00,3.9538,39.12亿,6.75亿
427,688669,聚石化学,SH,35.98,1.78,3.71,4.71,符合,新能源车,1234.73万,2444.51万,6.02,0.630,36.63,35.32,0.63,570.95万,2.05亿,-18.26,4.0179,43.66亿,43.66亿
428,600215,派斯林,SH,7.14,2.15,4.58,2.67,符合,-,521.55万,-3359.68万,6.01,0.150,7.23,6.91,0.83,1220.95万,8673.72万,-36.27,1.3301,32.62亿,32.62亿
429,603686,福龙马,SH,20.08,1.41,2.63,7.45,符合,新能源车、华为概念,3730.28万,1.33亿,6.01,0.280,20.28,19.76,1.99,3095.24万,6.21亿,31.94,2.3829,83.42亿,83.42亿
430,301387,光大同创,SZ,83.68,13.96,17.02,22.51,符合,-,4600.37万,1.07亿,6.00,10.250,85.00,72.50,2.21,960.70万,7.66亿,-1415.57,5.4735,89.33亿,35.72亿
431,603927,中科软,SH,17.16,1.60,3.85,1.86,符合,央国企改革、华为概念,1592.07万,-2683.31万,6.00,0.270,17.50,16.85,1.50,1543.43万,2.66亿,-225.04,4.4910,142.61亿,142.61亿
432,603662,柯力传感,SH,61.30,3.99,5.29,3.69,符合,华为概念,3764.32万,4128.98万,5.99,2.350,61.84,58.72,2.35,1035.53万,6.29亿,104.66,6.1709,172.15亿,172.15亿
433,002927,泰永长征,SZ,19.20,4.29,6.25,4.77,符合,5G概念、商业航天、通信技术,1188.15万,1766.64万,5.98,0.790,19.35,18.20,1.64,1052.50万,1.99亿,100.00,4.2555,42.85亿,42.38亿
434,002403,爱仕达,SZ,11.67,2.46,5.27,2.64,符合,-,544.23万,421.71万,5.97,0.280,11.81,11.21,1.03,784.29万,9118.78万,-94.80,2.8741,39.75亿,34.68亿
435,920212,智新电子,BJ,12.81,2.64,5.45,3.89,符合,新能源车,151.02万,319.79万,5.95,0.330,12.95,12.27,1.42,200.56万,2539.98万,356.77,3.1850,13.59亿,6.61亿
436,002439,启明星辰,SZ,16.63,2.84,7.11,11.18,符合,央国企改革、华为概念,8096.94万,7240.67万,5.92,0.460,17.15,16.00,1.47,8149.23万,13.67亿,103.39,1.8498,201.46亿,121.17亿
437,603916,苏博特,SH,12.59,5.09,8.26,5.31,符合,-,1651.09万,5822.01万,5.92,0.610,12.87,11.88,1.04,2232.19万,2.79亿,44.45,1.2595,53.67亿,52.92亿
438,301487,盟固利,SZ,25.26,0.08,4.08,7.14,符合,-,2926.41万,7145.83万,5.91,0.020,25.93,24.90,0.90,1948.46万,4.96亿,146.11,6.0134,116.10亿,68.91亿
439,300996,普联软件,SZ,13.10,0.31,3.83,4.04,符合,华为概念,1038.30万,1077.65万,5.86,0.040,13.40,12.90,1.11,1346.25万,1.77亿,220.27,4.0050,51.85亿,43.64亿
440,000823,超声电子,SZ,17.58,1.56,4.85,12.79,符合,5G概念、央国企改革、光通信模块、通信技术,6934.15万,2.98亿,5.83,0.270,17.65,16.81,2.35,6867.14万,11.89亿,71.53,1.9702,94.40亿,94.40亿
441,301095,广立微,SZ,94.66,2.27,6.47,6.30,符合,国产芯片、CPO概念,5967.56万,1.26亿,5.80,2.100,96.32,90.33,1.38,1090.14万,10.28亿,-442.27,6.0349,189.59亿,163.78亿
442,688563,航材股份,SH,62.02,3.25,4.44,4.20,符合,央国企改革、商业航天,1735.19万,5581.31万,5.77,1.950,62.28,59.61,1.68,491.12万,3.01亿,57.99,2.6735,279.09亿,72.56亿
443,300270,中威电子,SZ,15.22,5.92,8.84,8.40,符合,华为概念,1855.46万,4320.18万,5.75,0.850,15.40,14.13,1.34,2190.95万,3.23亿,568.13,8.3727,46.09亿,39.71亿
444,300476,胜宏科技,SZ,358.66,6.09,10.05,6.47,符合,新能源车、5G概念、通信技术,11.50亿,18.75亿,5.74,20.600,367.01,333.03,1.21,5596.82万,200.51亿,68.39,22.5030,3524.86亿,3103.11亿
445,300007,汉威科技,SZ,47.30,3.50,5.84,9.62,符合,新能源车、华为概念、国产芯片,7301.36万,2.31亿,5.71,1.600,47.88,45.21,2.03,2722.30万,12.79亿,156.51,5.2421,154.88亿,133.83亿
446,300983,尤安设计,SZ,41.15,10.14,11.11,4.22,符合,-,999.21万,2383.35万,5.64,3.790,41.33,37.18,1.72,450.93万,1.77亿,-2119.81,2.5709,71.11亿,43.94亿
447,603936,博敏电子,SH,18.38,2.17,6.89,12.09,符合,5G概念、新能源车、商业航天、华为概念、光通信模块、通信技术,7763.15万,1.53亿,5.64,0.390,18.54,17.30,1.45,7619.56万,13.76亿,-266.87,2.6945,115.87亿,115.87亿
448,300777,中简科技,SZ,40.42,1.99,4.06,4.72,符合,商业航天,4537.46万,2.95亿,5.62,0.790,41.16,39.55,1.18,1993.22万,8.07亿,232.86,3.8737,177.73亿,170.73亿
449,920454,同心传动,BJ,15.09,2.65,3.54,3.58,符合,新能源车,147.52万,252.53万,5.59,0.390,15.13,14.61,1.83,176.22万,2639.88万,52.99,4.7173,15.86亿,7.43亿
450,300845,捷安高科,SZ,14.99,6.16,11.83,13.39,符合,-,1575.42万,2565.50万,5.57,0.870,15.53,13.86,2.36,1924.84万,2.83亿,-55.31,3.7499,30.83亿,21.55亿
451,002491,通鼎互联,SZ,20.66,10.01,3.35,9.80,符合,5G概念、光通信模块、通信技术、光纤概念,1.31亿,4.00亿,5.55,1.880,20.66,20.03,0.96,1.15亿,23.62亿,123.90,10.0827,254.12亿,243.06亿
452,002881,美格智能,SZ,41.31,1.45,3.59,2.97,符合,5G概念、华为概念、通信技术,1230.67万,220.91万,5.55,0.590,41.73,40.27,1.37,540.42万,2.22亿,66.85,4.5764,124.76亿,75.15亿
453,003009,中天火箭,SZ,66.28,6.18,10.16,6.91,符合,商业航天、央国企改革,3856.26万,2873.33万,5.54,3.860,68.00,61.66,2.71,1073.68万,6.96亿,543.72,5.4190,103.02亿,103.00亿
454,300465,高伟达,SZ,15.25,3.88,11.10,6.59,符合,华为概念,2485.94万,-587.23万,5.53,0.570,16.15,14.52,3.23,2924.99万,4.49亿,-119.13,10.1255,67.67亿,67.67亿
455,603165,荣晟环保,SH,18.61,2.99,6.75,4.01,符合,-,1315.67万,6.73万,5.52,0.540,19.13,17.91,1.22,1285.12万,2.38亿,19.66,2.2181,59.63亿,59.63亿
456,002043,兔 宝 宝,SZ,15.45,1.58,2.83,1.28,符合,-,880.54万,5101.59万,5.51,0.240,15.65,15.22,0.80,1033.22万,1.60亿,21.65,3.7178,128.20亿,124.76亿
457,002189,中光学,SZ,24.05,6.23,8.61,5.50,符合,华为概念、央国企改革,1872.36万,5808.74万,5.49,1.410,24.32,22.37,3.06,1437.67万,3.41亿,-25.07,15.0350,62.82亿,62.81亿
458,300687,赛意信息,SZ,29.40,1.94,7.59,11.05,符合,华为概念,5714.54万,2.94亿,5.45,0.560,29.99,27.80,1.45,3612.63万,10.48亿,95.09,4.4858,120.07亿,96.11亿
459,688523,航天环宇,SH,82.89,14.89,17.95,19.24,符合,商业航天,8009.68万,9732.59万,5.45,10.740,83.93,70.98,2.48,1857.44万,14.69亿,5525.67,20.0642,337.26亿,80.00亿
460,301592,六九一二,SZ,136.29,1.81,6.61,10.32,符合,-,1790.07万,2559.83万,5.40,2.420,140.00,131.15,1.69,241.14万,3.31亿,-176.77,10.1603,95.40亿,31.84亿
461,688058,宝兰德,SH,30.26,0.50,3.06,1.66,符合,华为概念,205.66万,-1009.03万,5.37,0.150,30.88,29.96,0.85,126.15万,3829.46万,-16.63,3.7239,22.95亿,22.95亿
462,601126,四方股份,SH,64.20,5.94,10.13,4.51,符合,-,1.23亿,3.59亿,5.36,3.600,64.20,58.06,1.14,3721.77万,22.84亿,49.41,10.3454,534.89亿,529.70亿
463,603031,安孚科技,SH,48.98,5.04,9.35,8.99,符合,国产芯片,7225.36万,1.35亿,5.36,2.350,49.36,45.00,1.52,2827.57万,13.47亿,34.25,6.5002,183.11亿,153.99亿
464,688255,凯尔达,SH,32.31,1.80,3.72,3.71,符合,-,707.35万,-641.80万,5.36,0.570,32.88,31.70,1.68,407.78万,1.32亿,80.47,3.3202,35.50亿,35.50亿
465,300564,筑博设计,SZ,16.85,3.69,5.42,3.65,符合,-,367.70万,1085.97万,5.35,0.600,16.98,16.10,0.78,413.37万,6870.82万,-122.90,2.1897,27.18亿,19.07亿
466,601168,西部矿业,SH,32.47,2.85,6.05,2.91,符合,央国企改革,1.18亿,5.59亿,5.34,0.900,32.80,30.89,1.02,6932.07万,22.04亿,12.20,3.8774,773.76亿,773.76亿
467,601858,中国科传,SH,25.28,1.44,5.62,1.83,符合,央国企改革,1965.88万,3501.27万,5.32,0.360,26.15,24.75,1.01,1446.74万,3.69亿,133.20,3.5018,199.84亿,199.84亿
468,603567,珍宝岛,SH,7.26,2.40,3.24,1.64,符合,-,594.19万,2768.78万,5.31,0.170,7.35,7.12,0.72,1542.38万,1.12亿,-9.49,1.1195,68.31亿,68.20亿
469,688387,信科移动-U,SH,21.77,5.17,7.39,5.05,符合,5G概念、央国企改革、商业航天、通信技术,1.15亿,4.19亿,5.29,1.070,21.94,20.41,1.00,1.02亿,21.75亿,-145.19,12.6790,744.26亿,439.05亿
470,603800,洪田股份,SH,55.12,2.24,5.23,3.45,符合,-,2071.23万,4597.32万,5.27,1.210,55.88,53.06,0.76,718.05万,3.93亿,-178.91,14.4944,114.65亿,114.65亿
471,301563,云汉芯城,SZ,174.58,1.54,5.04,16.90,符合,-,2263.52万,5138.28万,5.26,2.650,176.99,168.33,1.55,248.72万,4.30亿,55.05,8.9843,113.68亿,25.70亿
472,688371,菲沃泰,SH,31.72,2.32,10.00,3.88,符合,华为概念,2172.35万,2574.92万,5.26,0.720,32.70,29.60,1.17,1302.56万,4.13亿,-125.42,5.4441,106.41亿,106.41亿
473,002277,友阿股份,SZ,6.26,1.46,2.59,1.48,符合,-,667.76万,-244.34万,5.20,0.090,6.32,6.16,0.71,2058.62万,1.28亿,51.47,1.3651,87.28亿,87.28亿
474,002138,顺络电子,SZ,37.09,1.23,3.98,4.68,符合,华为概念、5G概念、通信技术,6757.99万,6023.46万,5.14,0.450,37.54,36.08,0.99,3542.66万,13.15亿,42.03,4.7070,299.06亿,280.59亿
475,002265,建设工业,SZ,23.92,3.37,5.06,1.71,符合,央国企改革、新能源车,2150.90万,2272.56万,5.13,0.780,24.10,22.93,2.19,1767.52万,4.20亿,179.13,6.3367,247.10亿,247.10亿
476,600962,国投中鲁,SH,23.32,2.91,5.08,2.36,符合,央国企改革,735.81万,2168.14万,5.12,0.660,23.60,22.45,1.11,619.85万,1.44亿,358.92,6.4570,61.15亿,61.15亿
477,300568,星源材质,SZ,17.38,1.05,6.28,10.17,符合,新能源车,1.11亿,2.59亿,5.11,0.180,18.04,16.96,1.30,1.23亿,21.62亿,199.74,2.3974,233.88亿,210.05亿
478,600879,航天电子,SH,26.65,5.29,8.26,9.29,符合,央国企改革、国产芯片、商业航天,4.10亿,13.30亿,5.11,1.340,26.97,24.88,1.99,3.06亿,80.13亿,702.78,4.2109,879.26亿,879.26亿
479,300365,恒华科技,SZ,6.06,1.17,2.50,2.77,符合,华为概念,437.26万,-769.77万,5.09,0.070,6.11,5.96,0.81,1417.19万,8587.70万,-69.81,2.2741,36.35亿,31.01亿
480,301207,华兰疫苗,SZ,21.19,7.95,6.62,3.47,符合,-,2210.71万,4824.27万,5.08,1.560,21.30,20.00,4.46,2081.34万,4.35亿,85.21,2.2181,127.36亿,127.28亿
481,002768,国恩股份,SZ,57.82,2.08,7.61,3.52,符合,新能源车、华为概念,1836.60万,3884.57万,5.07,1.180,59.95,55.64,1.13,621.47万,3.63亿,16.97,2.5257,174.18亿,102.20亿
482,300917,特发服务,SZ,34.69,1.34,2.57,3.31,符合,央国企改革,978.10万,1755.91万,5.06,0.460,34.92,34.04,0.99,558.73万,1.93亿,44.67,4.7729,58.63亿,58.63亿
483,920080,奥美森,BJ,26.06,5.17,5.29,6.15,符合,-,182.68万,283.77万,5.05,1.280,26.07,24.76,1.58,141.37万,3614.55万,24.43,3.7033,21.63亿,5.99亿
484,603344,星德胜,SH,29.36,1.84,2.98,4.21,符合,新能源车,333.79万,464.32万,5.03,0.530,29.49,28.63,1.25,227.42万,6641.71万,42.53,2.6325,57.11亿,15.86亿
485,300718,长盛轴承,SZ,79.01,6.65,14.89,8.92,符合,-,6880.66万,1.12亿,4.98,4.930,84.22,73.19,3.43,1754.09万,13.82亿,96.68,13.0923,236.07亿,155.38亿
486,300976,达瑞电子,SZ,68.25,1.80,3.94,3.54,符合,华为概念,1029.96万,5339.81万,4.98,1.210,68.88,66.24,1.16,306.06万,2.07亿,31.79,2.4962,91.53亿,58.98亿
487,300557,理工光科,SZ,38.83,2.37,4.82,5.89,符合,光纤概念、央国企改革,1331.66万,2987.37万,4.97,0.900,38.85,37.02,1.85,703.34万,2.68亿,134.34,4.6299,46.93亿,46.36亿
488,300046,台基股份,SZ,33.28,1.00,2.88,3.29,符合,国产芯片、央国企改革,1273.28万,-1753.09万,4.95,0.330,33.45,32.50,1.20,779.26万,2.57亿,144.19,6.8484,78.72亿,78.72亿
489,600326,西藏天路,SH,9.58,1.05,3.27,2.24,符合,央国企改革,1443.50万,6922.75万,4.94,0.100,9.72,9.41,1.06,3046.63万,2.92亿,-87.84,3.3310,130.52亿,130.52亿
490,002747,埃斯顿,SZ,24.08,2.64,5.92,5.75,符合,-,5318.77万,1.24亿,4.92,0.620,24.51,23.12,1.86,4495.39万,10.80亿,59.55,7.1977,233.05亿,188.40亿
491,300246,宝莱特,SZ,18.71,2.75,4.67,7.04,符合,-,1348.06万,6823.72万,4.89,0.500,18.88,18.03,1.06,1487.36万,2.76亿,-169.11,4.5996,49.51亿,39.54亿
492,001316,润贝航科,SZ,60.70,1.22,7.40,6.90,符合,-,2197.24万,1.32亿,4.87,0.730,61.32,56.88,1.71,767.62万,4.51亿,28.82,5.1227,69.88亿,67.55亿
493,002682,龙洲股份,SZ,6.27,3.13,3.13,5.70,符合,新能源车、央国企改革,974.62万,500.40万,4.87,0.190,6.30,6.11,1.73,3207.40万,2.00亿,-19.14,6.6917,35.26亿,35.26亿
494,002357,富临运业,SZ,12.36,5.55,8.03,5.59,符合,-,1044.41万,2911.04万,4.86,0.650,12.56,11.62,1.36,1753.15万,2.15亿,14.78,2.1893,38.75亿,38.75亿
495,301219,腾远钴业,SZ,91.00,1.63,6.11,8.31,符合,新能源车,7709.45万,4.12亿,4.82,1.460,93.98,88.51,0.99,1747.77万,16.00亿,12.63,2.7176,268.19亿,191.48亿
496,688416,恒烁股份,SH,113.50,1.50,6.35,6.43,符合,国产芯片,2864.76万,4079.40万,4.79,1.680,115.00,107.90,0.86,533.40万,5.98亿,48.43,7.0804,94.21亿,94.21亿
497,603767,中马传动,SH,20.68,2.83,5.12,4.69,符合,新能源车,1418.94万,2685.64万,4.78,0.570,20.85,19.82,1.16,1445.98万,2.97亿,262.86,4.6702,63.82亿,63.82亿
498,920033,康普化学,BJ,17.45,0.58,2.77,1.55,符合,-,105.66万,-323.84万,4.78,0.100,17.52,17.04,0.66,128.11万,2212.48万,19.98,2.6954,20.79亿,14.44亿
499,300196,长海股份,SZ,21.82,2.78,6.12,13.30,符合,-,3392.51万,1.22亿,4.77,0.590,22.10,20.80,1.12,3284.99万,7.11亿,27.51,1.9093,89.18亿,53.88亿
500,603211,晋拓股份,SH,28.15,1.59,4.98,3.15,符合,-,1148.66万,-2084.08万,4.76,0.440,28.68,27.30,0.71,856.45万,2.42亿,168.85,6.1075,76.51亿,76.51亿
501,002194,武汉凡谷,SZ,12.73,1.84,3.44,16.27,符合,5G概念、华为概念、通信技术,5014.29万,2.02亿,4.75,0.230,12.85,12.42,2.60,8312.84万,10.56亿,-1481.52,3.5114,86.98亿,65.03亿
502,300477,ST合纵,SZ,2.80,0.72,3.60,4.76,符合,-,622.25万,3525.47万,4.75,0.020,2.82,2.72,0.55,4717.99万,1.31亿,-20.36,36.1981,30.02亿,27.75亿
503,688313,仕佳光子,SH,176.60,4.36,9.88,7.74,符合,5G概念、国产芯片、CPO概念、光通信模块、通信技术、光纤概念,2.85亿,2.25亿,4.74,7.380,179.90,163.18,0.86,3497.47万,60.05亿,171.77,48.1290,798.21亿,798.21亿
504,688290,景业智能,SH,64.25,4.18,6.73,2.23,符合,-,683.65万,-245.90万,4.72,2.580,64.88,60.73,1.22,227.82万,1.45亿,-211.88,4.8991,65.66亿,65.66亿
505,301359,东南电子,SZ,23.99,2.65,3.59,3.47,符合,新能源车,274.41万,-355.42万,4.70,0.620,24.01,23.17,0.95,246.79万,5835.38万,139.75,3.3537,28.83亿,17.07亿
506,300912,凯龙高科,SZ,31.43,2.24,12.78,22.41,符合,新能源车,2846.51万,7033.58万,4.69,0.690,33.65,29.72,3.05,1926.07万,6.06亿,89.26,8.0646,36.11亿,27.01亿
507,603091,众鑫股份,SH,86.33,3.99,5.19,2.56,符合,-,322.09万,195.81万,4.69,3.310,86.88,82.57,1.23,80.35万,6863.14万,23.52,3.8659,88.26亿,27.14亿
508,605598,上海港湾,SH,58.68,8.27,11.20,7.25,符合,商业航天,4742.29万,1.85亿,4.67,4.480,59.62,53.55,3.07,1761.50万,10.16亿,893.13,8.3226,142.60亿,142.60亿
509,688051,佳华科技,SH,47.98,1.98,5.59,3.00,符合,华为概念,519.75万,25.24万,4.67,0.930,48.96,46.33,0.65,231.79万,1.11亿,-45.71,6.4106,37.10亿,37.10亿
510,920100,三协电机,BJ,56.26,8.71,15.63,19.97,符合,-,1016.97万,1606.77万,4.67,4.510,59.00,50.91,4.77,390.81万,2.18亿,64.15,8.7193,41.53亿,11.01亿
511,603681,永冠新材,SH,19.59,5.32,8.23,6.22,符合,-,1343.06万,4789.07万,4.66,0.990,19.93,18.40,1.51,1478.82万,2.88亿,43.48,1.3752,46.57亿,46.57亿
512,300154,瑞凌股份,SZ,10.05,1.11,5.23,5.41,符合,-,782.98万,2537.88万,4.63,0.110,10.19,9.67,1.26,1706.16万,1.69亿,40.52,2.5098,45.18亿,31.67亿
513,600605,汇通能源,SH,34.23,2.12,6.24,3.84,符合,-,1255.97万,2207.25万,4.62,0.710,35.10,33.01,1.17,791.62万,2.72亿,203.23,4.9730,70.61亿,70.61亿
514,688517,金冠电气,SH,23.88,3.33,4.63,3.81,符合,-,567.37万,-853.22万,4.62,0.770,23.95,22.88,1.10,521.18万,1.23亿,57.09,4.0335,32.62亿,32.62亿
515,688697,纽威数控,SH,21.29,2.31,6.15,4.99,符合,-,2253.06万,3544.16万,4.62,0.480,21.87,20.59,1.65,2280.28万,4.87亿,36.52,5.0865,97.37亿,97.37亿
516,920046,亿能电力,BJ,29.65,4.62,8.89,22.33,符合,-,1705.11万,6769.24万,4.62,1.310,30.50,27.98,2.25,1248.87万,3.69亿,115.38,11.6092,29.99亿,16.58亿
517,301115,联检科技,SZ,25.22,6.28,6.32,5.41,符合,-,957.65万,2863.64万,4.61,1.490,25.38,23.88,1.04,837.89万,2.08亿,-35.99,1.8677,46.28亿,39.03亿
518,688127,蓝特光学,SH,84.78,5.74,9.37,2.97,符合,华为概念,4553.00万,-720.72万,4.61,4.600,85.28,77.77,1.19,1206.37万,9.87亿,66.41,14.7362,344.12亿,344.12亿
519,301429,森泰股份,SZ,22.66,3.23,4.10,6.08,符合,-,276.99万,-901.93万,4.60,0.710,22.74,21.84,1.03,267.55万,6018.31万,42.18,1.9749,26.79亿,9.98亿
520,600570,恒生电子,SH,27.66,0.73,2.59,1.78,符合,-,4270.76万,2.00亿,4.58,0.200,27.96,27.25,1.00,3372.63万,9.33亿,94.36,5.2521,523.78亿,523.78亿
521,600712,南宁百货,SH,6.52,3.49,5.71,3.14,符合,央国企改革,504.24万,1185.04万,4.58,0.220,6.61,6.25,1.58,1691.31万,1.10亿,323.64,4.6842,35.51亿,35.12亿
522,002023,海特高新,SZ,13.25,2.24,4.24,6.22,符合,国产芯片、5G概念、通信技术,2767.23万,4490.42万,4.54,0.290,13.39,12.84,1.27,4611.16万,6.10亿,96.21,2.6374,98.16亿,98.16亿
523,300793,佳禾智能,SZ,14.68,1.59,2.01,2.13,符合,华为概念、通信技术,528.63万,-2037.56万,4.53,0.230,14.88,14.59,1.26,794.07万,1.17亿,-161.12,1.9998,55.86亿,54.62亿
524,002174,游族网络,SZ,10.76,0.84,4.40,6.25,符合,华为概念,3001.86万,1.89亿,4.52,0.090,11.07,10.60,1.56,6121.59万,6.65亿,25.40,2.3232,105.43亿,105.37亿
525,003021,兆威机电,SZ,103.35,2.73,6.36,3.80,符合,5G概念、新能源车、华为概念、通信技术,3648.30万,5151.13万,4.48,2.750,105.20,98.80,1.64,787.61万,8.14亿,168.80,5.3844,276.51亿,214.31亿
526,603298,杭叉集团,SH,29.06,5.60,8.21,1.48,符合,新能源车、5G概念、通信技术,2478.10万,1471.24万,4.48,1.540,29.46,27.20,2.68,1934.16万,5.53亿,20.18,3.1623,380.63亿,380.63亿
527,688152,麒麟信安,SH,38.25,1.06,4.41,2.32,符合,商业航天,406.31万,2172.17万,4.47,0.400,39.16,37.49,1.62,236.40万,9093.60万,-112.94,3.2195,38.98亿,38.98亿
528,688061,灿瑞科技,SH,39.15,6.50,9.22,3.12,符合,国产芯片,606.93万,-586.76万,4.43,2.390,39.59,36.20,2.26,358.09万,1.37亿,-53.55,1.9589,44.98亿,44.98亿
529,002037,保利联合,SZ,8.68,2.24,3.42,2.24,符合,央国企改革,412.25万,5421.89万,4.42,0.190,8.71,8.42,0.79,1085.37万,9332.48万,-12.85,4.0892,42.00亿,42.00亿
530,920183,海菲曼,BJ,41.98,7.56,8.92,19.72,符合,-,400.37万,1208.60万,4.42,2.950,41.98,38.50,2.88,221.82万,9054.01万,27.32,4.2864,20.55亿,4.72亿
531,002396,星网锐捷,SZ,28.92,5.86,11.31,7.49,符合,光通信模块、华为概念、5G概念、央国企改革、通信技术、CPO概念,5423.54万,-1406.23万,4.37,1.600,29.84,26.75,2.29,4366.34万,12.41亿,113.75,2.4130,169.38亿,168.68亿
532,688458,美芯晟,SH,38.90,2.10,3.73,2.89,符合,-,409.48万,-1291.68万,4.35,0.800,39.00,37.58,0.88,245.61万,9422.73万,-201.11,2.3829,43.39亿,33.09亿
533,603226,菲林格尔,SH,46.20,3.36,8.17,2.08,符合,-,1468.60万,3096.07万,4.32,1.500,48.67,45.02,1.87,741.15万,3.40亿,-287.16,19.2860,164.24亿,164.24亿
534,002153,石基信息,SZ,10.70,3.58,4.55,3.64,符合,-,2657.47万,4515.44万,4.31,0.370,10.75,10.28,1.64,5828.51万,6.16亿,308.79,4.3806,292.02亿,171.17亿
535,002755,奥赛康,SZ,17.73,5.91,8.54,3.47,符合,-,2411.80万,5227.78万,4.31,0.990,18.10,16.67,1.71,3218.39万,5.59亿,48.71,4.9854,164.56亿,164.56亿
536,301618,长联科技,SZ,51.38,2.03,4.21,3.42,符合,-,251.51万,398.85万,4.31,1.020,52.18,50.06,1.67,113.49万,5833.75万,185.04,4.8894,46.35亿,17.03亿
537,688386,泛亚微透,SH,88.56,1.39,5.23,2.19,符合,商业航天、新能源车、通信技术,755.26万,6886.07万,4.30,1.210,90.24,85.67,0.78,199.64万,1.76亿,110.94,5.8130,80.59亿,80.59亿
538,603901,永创智能,SH,12.99,1.25,2.73,3.34,符合,-,936.79万,-1446.80万,4.29,0.160,12.99,12.64,0.97,1698.77万,2.19亿,24.85,2.1406,70.88亿,66.15亿
539,301580,爱迪特,SZ,78.71,0.43,4.47,6.33,符合,-,1551.55万,-2962.60万,4.28,0.340,81.50,78.00,0.93,456.00万,3.63亿,54.81,3.8668,83.88亿,56.68亿
540,688516,奥特维,SH,88.61,1.78,6.58,4.36,符合,-,5185.13万,1.47亿,4.28,1.550,91.00,85.27,0.95,1372.30万,12.10亿,82.08,7.6002,279.41亿,278.91亿
541,600221,海航控股,SH,1.60,5.26,9.87,3.31,符合,-,9561.20万,1.64亿,4.26,0.080,1.65,1.50,2.71,14.16亿,22.45亿,10.02,9.9429,691.45亿,685.53亿
542,000716,黑芝麻,SZ,5.28,2.33,2.71,3.20,符合,央国企改革,523.98万,6164.25万,4.24,0.120,5.28,5.14,0.67,2361.54万,1.23亿,30.21,1.5718,39.75亿,39.00亿
543,688048,长光华芯,SH,438.88,11.71,18.61,10.22,符合,国产芯片、商业航天、光通信模块、通信技术、光纤概念,3.19亿,2.25亿,4.24,46.010,449.99,376.87,1.08,1801.97万,75.16亿,4317.64,25.6714,773.66亿,773.66亿
544,002664,信质集团,SZ,23.63,5.54,6.21,9.44,符合,新能源车,3769.87万,9387.33万,4.22,1.240,24.05,22.66,4.18,3800.43万,8.94亿,86.60,2.7058,96.46亿,95.13亿
545,000878,云南铜业,SZ,20.50,1.84,4.27,3.14,符合,央国企改革,5331.67万,-53.02万,4.20,0.370,20.66,19.80,1.23,6283.91万,12.70亿,18.40,2.6978,497.16亿,410.74亿
546,600756,浪潮软件,SH,17.48,3.55,9.48,8.11,符合,央国企改革,1920.81万,2898.07万,4.16,0.600,18.40,16.80,2.96,2627.51万,4.62亿,-17.70,2.7340,61.12亿,56.65亿
547,688783,西安奕材-U,SH,30.66,11.29,15.90,25.43,符合,-,5768.19万,1.81亿,4.12,3.110,31.24,26.86,2.11,4709.39万,13.98亿,-195.48,10.0914,1237.99亿,56.78亿
548,600509,天富能源,SH,8.63,1.29,3.05,3.21,符合,央国企改革,1554.93万,6441.73万,4.11,0.110,8.69,8.43,1.42,4407.95万,3.78亿,16.93,1.5261,118.61亿,118.61亿
549,603938,三孚股份,SH,33.97,4.11,5.76,10.16,符合,光纤概念,5408.18万,6884.62万,4.11,1.340,34.68,32.80,2.65,3886.95万,13.14亿,83.64,5.1166,129.98亿,129.98亿
550,002925,盈趣科技,SZ,21.24,0.81,2.80,1.59,符合,-,1007.00万,5518.74万,4.10,0.170,21.29,20.70,0.78,1162.57万,2.46亿,43.94,3.1721,163.90亿,155.27亿
551,002213,大为股份,SZ,43.15,7.98,12.34,22.45,符合,国产芯片、新能源车,7897.54万,1.15亿,4.05,3.190,43.43,38.50,1.12,4636.91万,19.49亿,163.95,18.5725,102.47亿,89.14亿
552,301391,卡莱特,SZ,85.02,1.21,5.51,2.62,符合,国产芯片,837.11万,-1437.65万,4.05,1.020,86.77,82.14,0.63,243.31万,2.06亿,275.30,3.8557,80.78亿,78.93亿
553,002347,泰尔股份,SZ,8.55,2.76,4.09,5.65,符合,-,953.70万,-486.89万,4.04,0.230,8.58,8.24,1.70,2785.60万,2.36亿,-141.30,3.9085,43.15亿,42.18亿
554,301024,霍普股份,SZ,44.70,2.81,7.45,3.98,符合,-,436.03万,892.02万,4.04,1.220,45.60,42.36,1.69,244.92万,1.08亿,-37.10,8.4084,28.42亿,27.52亿
555,603307,扬州金泉,SH,45.19,1.19,3.31,1.55,符合,-,186.45万,270.89万,4.04,0.530,45.48,44.00,0.96,103.54万,4610.62万,23.12,2.1282,30.76亿,30.28亿
556,688391,钜泉科技,SH,32.84,1.30,2.96,1.95,符合,国产芯片,295.02万,678.91万,4.04,0.420,33.04,32.08,1.29,224.20万,7307.37万,242.46,2.0295,37.83亿,37.83亿
557,300326,ST凯利,SZ,7.22,1.83,3.95,2.19,符合,-,457.64万,-192.72万,4.03,0.130,7.33,7.05,1.48,1568.65万,1.13亿,19.58,1.7752,51.77亿,51.75亿
558,300597,吉大通信,SZ,10.08,2.02,2.43,2.28,符合,5G概念、通信技术,249.72万,-1549.95万,4.03,0.200,10.09,9.85,0.89,618.47万,6198.96万,-130.67,2.9331,27.48亿,27.35亿
559,002896,中大力德,SZ,76.00,3.83,13.25,8.61,符合,-,5158.65万,3991.45万,4.02,2.800,80.47,70.77,3.29,1692.85万,12.85亿,337.55,12.3967,149.36亿,149.36亿
560,603166,福达股份,SH,14.60,2.96,4.44,1.96,符合,新能源车,732.29万,1231.42万,4.02,0.420,14.69,14.06,1.92,1256.81万,1.82亿,31.38,3.6164,94.26亿,93.54亿
561,688203,海正生材,SH,14.54,7.15,7.74,4.31,符合,央国企改革,488.66万,448.01万,3.97,0.970,14.58,13.53,1.58,873.08万,1.23亿,704.39,1.9980,29.47亿,29.47亿
562,600184,光电股份,SH,24.80,3.46,6.63,7.52,符合,央国企改革、光通信模块、通信技术、光纤概念,4172.86万,2.21亿,3.94,0.830,24.84,23.25,1.15,4382.90万,10.58亿,3221.12,4.2281,144.52亿,144.52亿
563,688017,绿的谐波,SH,262.99,14.11,18.40,8.99,符合,-,1.65亿,2.59亿,3.93,32.510,270.99,228.58,2.33,1648.01万,41.89亿,369.35,13.5098,482.14亿,482.14亿
564,002488,金固股份,SZ,13.03,1.96,4.15,2.57,符合,新能源车,1203.79万,3587.06万,3.92,0.250,13.21,12.68,0.89,2364.51万,3.07亿,139.73,3.7390,129.71亿,119.89亿
565,000922,佳电股份,SZ,15.53,0.52,2.72,2.65,符合,新能源车、央国企改革、商业航天,938.86万,-2515.26万,3.90,0.080,15.64,15.22,0.89,1558.77万,2.41亿,33.54,2.3009,107.93亿,91.23亿
566,002065,东华软件,SZ,8.80,2.21,4.99,3.25,符合,华为概念,3194.38万,9927.36万,3.83,0.190,9.03,8.60,2.17,9445.60万,8.34亿,113.82,2.2781,282.08亿,255.90亿
567,920971,天马新材,BJ,30.39,1.57,4.24,4.31,符合,-,424.61万,787.06万,3.83,0.470,30.59,29.32,1.28,369.68万,1.11亿,151.19,7.0750,31.94亿,26.05亿
568,603353,和顺石油,SH,52.31,6.08,11.70,7.69,符合,华为概念、国产芯片,2511.47万,8510.63万,3.74,3.000,53.58,47.81,0.78,1309.80万,6.71亿,101.86,5.5953,89.92亿,89.15亿
569,688420,美腾科技,SH,28.48,2.12,3.01,2.66,符合,-,116.79万,-1311.79万,3.72,0.590,28.57,27.73,0.66,111.03万,3139.43万,162.67,1.7651,25.18亿,11.89亿
570,300536,农尚环境,SZ,11.18,5.37,9.90,9.05,符合,国产芯片,1099.25万,-1931.39万,3.71,0.570,11.55,10.50,1.36,2655.25万,2.96亿,-55.64,11.6406,32.79亿,32.79亿
571,600776,东方通信,SH,18.51,4.52,11.29,8.24,符合,央国企改革、5G概念、通信技术,5305.31万,-2228.09万,3.68,0.800,19.41,17.41,1.85,7882.00万,14.42亿,134.70,6.0871,232.49亿,176.96亿
572,688571,杭华股份,SH,9.21,2.91,8.27,3.22,符合,-,460.62万,-1035.70万,3.67,0.260,9.49,8.75,0.92,1367.77万,1.25亿,34.91,2.2938,39.07亿,39.07亿
573,301089,拓新药业,SZ,29.91,7.78,6.92,9.25,符合,-,887.31万,3619.89万,3.63,2.160,29.97,28.05,3.04,836.70万,2.44亿,-90.03,2.5662,37.85亿,27.06亿
574,603017,中衡设计,SH,16.69,3.15,12.98,19.17,符合,商业航天,3210.71万,1.58亿,3.62,0.510,17.80,15.70,1.51,5293.52万,8.86亿,55.00,3.0876,46.10亿,46.10亿
575,002448,中原内配,SZ,16.30,0.99,4.58,7.58,符合,华为概念,1999.36万,3861.30万,3.61,0.160,16.35,15.61,1.21,3454.48万,5.54亿,12.09,2.4378,95.91亿,74.25亿
576,920027,交大铁发,BJ,19.11,1.65,3.40,5.00,符合,-,141.67万,368.99万,3.55,0.310,19.25,18.61,1.34,210.89万,3993.22万,65.81,3.2642,15.14亿,8.07亿
577,001313,粤海饲料,SZ,9.59,6.79,9.58,6.01,符合,-,1393.57万,-1176.11万,3.52,0.610,9.76,8.90,2.44,4198.83万,3.96亿,149.07,2.6193,67.13亿,67.05亿
578,603926,铁流股份,SH,22.72,1.66,4.92,4.83,符合,新能源车,897.00万,7483.16万,3.52,0.370,23.25,22.15,1.02,1115.95万,2.55亿,44.97,3.0477,53.33亿,52.45亿
579,300496,中科创达,SZ,66.80,1.03,3.42,4.64,符合,华为概念、5G概念、通信技术,4011.89万,411.72万,3.50,0.680,67.89,65.63,1.28,1712.04万,11.46亿,75.16,2.9570,307.80亿,246.24亿
580,300366,ST创意,SZ,5.84,0.86,1.90,1.32,符合,5G概念、华为概念、商业航天、通信技术,142.02万,1558.52万,3.48,0.050,5.88,5.77,0.58,701.31万,4084.80万,-16.65,3.0839,35.48亿,30.98亿
581,688728,格科微,SH,14.50,2.84,5.25,1.35,符合,国产芯片,1677.30万,-3567.81万,3.48,0.400,14.67,13.93,1.41,3369.58万,4.82亿,6685.31,4.7908,377.09亿,362.34亿
582,001268,联合精密,SZ,39.61,0.76,3.61,5.72,符合,-,523.91万,4264.81万,3.46,0.300,39.92,38.50,0.90,385.99万,1.51亿,-609.84,4.1983,42.75亿,26.71亿
583,002527,新时达,SZ,13.90,2.81,5.33,3.48,符合,-,867.10万,1869.33万,3.41,0.380,14.07,13.35,1.80,1838.47万,2.55亿,-306.70,7.4097,92.17亿,73.52亿
584,300551,古鳌科技,SZ,14.89,1.15,2.79,2.35,符合,-,402.76万,-973.22万,3.41,0.170,14.95,14.54,0.76,797.98万,1.18亿,-36.71,16.5248,50.64亿,50.49亿
585,002068,黑猫股份,SZ,9.62,0.94,2.73,2.03,符合,央国企改革,485.28万,-362.98万,3.38,0.090,9.74,9.48,0.61,1493.25万,1.44亿,-18.60,3.0333,70.74亿,70.71亿
586,300578,会畅科技,SZ,22.49,0.81,6.36,9.21,符合,华为概念、5G概念、通信技术,1389.76万,2786.13万,3.37,0.180,23.70,22.28,2.62,1825.12万,4.13亿,-93.18,3.8674,44.59亿,44.58亿
587,300854,中兰环保,SZ,36.10,6.30,11.93,9.28,符合,-,907.79万,4586.38万,3.35,2.140,37.77,33.72,1.13,754.51万,2.71亿,37.69,3.9482,36.12亿,29.36亿
588,301369,联动科技,SZ,215.88,17.76,21.27,7.60,符合,-,1944.18万,6064.24万,3.34,32.560,219.00,180.00,2.03,276.28万,5.81亿,1115.56,10.0409,152.36亿,78.50亿
589,605123,派克新材,SH,116.51,3.64,5.60,5.14,符合,商业航天,2386.90万,5824.19万,3.32,4.090,117.30,111.00,1.32,622.56万,7.19亿,41.20,3.0520,141.18亿,141.18亿
590,688211,中科微至,SH,37.67,1.84,4.68,1.61,符合,-,261.22万,813.78万,3.31,0.680,38.09,36.36,1.11,210.41万,7881.92万,417.92,1.4137,49.38亿,49.38亿
591,002164,宁波东力,SZ,13.65,4.36,5.35,5.92,符合,-,1254.90万,1315.47万,3.29,0.570,13.69,12.99,2.24,2838.97万,3.82亿,83.39,4.5689,72.64亿,65.49亿
592,300106,西部牧业,SZ,14.03,13.42,16.98,15.93,符合,央国企改革,1471.60万,5028.75万,3.27,1.660,14.26,12.16,2.08,3365.87万,4.50亿,149.51,7.8694,29.65亿,29.65亿
593,603032,德新科技,SH,24.63,1.86,11.33,9.37,符合,-,1764.25万,5290.11万,3.26,0.450,26.48,23.74,1.41,2171.48万,5.42亿,57.20,4.9114,57.44亿,57.06亿
594,605100,华丰股份,SH,51.30,3.70,5.52,2.09,符合,-,583.30万,133.85万,3.25,1.830,51.43,48.70,1.24,354.59万,1.79亿,169.82,4.8608,87.58亿,87.18亿
595,301525,儒竞科技,SZ,78.30,7.64,11.88,8.75,符合,新能源车,1078.23万,1075.97万,3.21,5.560,80.80,72.16,2.45,432.12万,3.35亿,176.25,2.2676,73.85亿,38.68亿
596,300219,鸿利智汇,SZ,8.03,1.01,3.02,2.99,符合,新能源车、央国企改革,534.79万,1156.58万,3.20,0.080,8.04,7.80,0.96,2110.34万,1.67亿,140.84,2.1798,56.85亿,56.74亿
597,688626,翔宇医疗,SH,62.00,1.34,4.51,1.32,符合,国产芯片,415.54万,1505.57万,3.19,0.820,62.26,59.50,1.12,211.72万,1.30亿,97.94,4.7144,99.20亿,99.20亿
598,002199,*ST东晶,SZ,12.02,4.98,5.07,3.46,符合,-,298.49万,437.24万,3.16,0.570,12.02,11.44,0.82,798.76万,9459.53万,-407.31,16.1567,29.26亿,27.76亿
599,600052,东望时代,SH,4.60,1.32,4.19,6.21,符合,央国企改革,759.41万,3357.41万,3.14,0.060,4.69,4.50,0.82,5242.29万,2.42亿,-49.80,1.7985,38.83亿,38.83亿
600,300838,浙江力诺,SZ,18.28,2.41,6.05,6.29,符合,-,359.82万,250.35万,3.13,0.430,18.44,17.36,1.00,640.19万,1.15亿,485.47,2.6518,25.22亿,18.60亿
601,300034,钢研高纳,SZ,20.80,2.26,4.03,3.01,符合,央国企改革、商业航天,1480.25万,5546.68万,3.11,0.460,20.87,20.05,1.43,2307.25万,4.75亿,61.49,4.3003,165.77亿,159.55亿
602,600708,光明地产,SH,3.91,1.82,3.91,1.32,符合,央国企改革,355.47万,7284.58万,3.11,0.070,3.96,3.81,0.62,2928.31万,1.14亿,-9.30,1.4612,87.14亿,87.01亿
603,002355,兴民智通,SZ,6.68,1.21,3.48,5.64,符合,新能源车、5G概念、华为概念、通信技术,717.59万,8019.95万,3.10,0.080,6.72,6.49,1.11,3484.78万,2.32亿,-6.68,5.4562,44.65亿,41.29亿
604,000751,锌业股份,SZ,6.45,1.74,4.89,9.93,符合,-,2769.00万,1644.80万,3.09,0.110,6.54,6.23,1.28,1.40亿,8.96亿,35.34,2.8202,104.21亿,90.94亿
605,002830,名雕股份,SZ,23.74,0.94,4.68,8.04,符合,-,393.47万,2136.86万,3.07,0.220,24.50,23.40,1.27,537.67万,1.28亿,234.97,4.6307,31.65亿,15.87亿
606,688785,恒运昌,SH,343.60,4.19,8.62,10.92,符合,-,1416.97万,-2346.82万,3.06,13.820,347.55,319.12,1.09,139.04万,4.63亿,330.75,10.4219,232.62亿,43.73亿
607,001210,金房能源,SZ,22.61,0.22,2.53,4.25,符合,-,276.46万,146.19万,3.02,0.050,22.89,22.32,0.90,405.25万,9159.71万,6.68,2.4049,35.46亿,21.55亿
608,600577,精达股份,SH,13.70,0.96,3.54,2.77,符合,新能源车,2434.19万,1.61亿,3.02,0.130,13.71,13.23,1.13,5947.95万,8.05亿,53.92,4.8314,294.70亿,294.70亿
609,000738,航发控制,SZ,23.03,5.79,7.07,4.14,符合,央国企改革、商业航天,3701.56万,7283.96万,3.01,1.260,23.10,21.56,2.54,5443.03万,12.31亿,59.81,2.4047,302.89亿,302.89亿
610,688556,高测股份,SH,14.98,3.81,7.00,6.64,符合,-,2447.72万,1.15亿,3.01,0.550,15.17,14.16,1.43,5515.27万,8.12亿,-61.94,3.1960,124.45亿,124.45亿
611,300467,迅游科技,SZ,41.98,0.50,4.48,5.00,符合,华为概念,1066.41万,-2289.98万,3.00,0.210,42.89,41.02,0.66,851.85万,3.56亿,351.01,13.1304,85.31亿,71.46亿
612,300083,创世纪,SZ,10.41,1.36,7.21,14.49,符合,5G概念、通信技术,6685.55万,10.33亿,2.96,0.140,10.69,9.95,1.07,2.16亿,22.55亿,60.05,3.2636,173.31亿,155.37亿
613,688350,富淼科技,SH,32.57,7.53,10.23,5.00,符合,-,682.27万,-3170.10万,2.95,2.280,33.10,30.00,1.73,716.93万,2.31亿,61.16,2.5099,46.65亿,46.65亿
614,600522,中天科技,SH,40.90,6.57,7.71,9.15,符合,新能源车、5G概念、华为概念、CPO概念、光通信模块、通信技术、光纤概念,3.66亿,10.42亿,2.94,2.520,41.16,38.20,1.32,3.12亿,124.49亿,37.98,3.6722,1395.90亿,1395.90亿
615,301013,利和兴,SZ,28.25,1.80,5.08,12.44,符合,5G概念、华为概念、通信技术,1922.53万,4575.37万,2.91,0.500,28.50,27.09,1.74,2354.58万,6.60亿,512.04,9.8661,66.03亿,53.46亿
616,000700,模塑科技,SZ,14.50,6.93,9.07,14.69,符合,-,5605.42万,3.82亿,2.90,0.940,14.85,13.62,2.48,1.35亿,19.34亿,20.47,3.3575,133.11亿,133.11亿
617,300560,中富通,SZ,16.98,4.04,6.25,10.52,符合,华为概念、5G概念、通信技术,963.28万,15.27万,2.90,0.660,17.24,16.22,1.37,1966.46万,3.32亿,120.65,4.3897,39.01亿,31.75亿
618,002205,国统股份,SZ,14.06,2.93,3.66,1.87,符合,央国企改革,138.83万,-12.84万,2.89,0.400,14.06,13.56,0.95,347.94万,4801.10万,-19.11,10.1843,26.13亿,26.13亿
619,300885,海昌新材,SZ,30.30,0.56,13.84,19.51,符合,商业航天,2857.46万,1.96亿,2.88,0.170,32.78,28.61,1.50,3257.79万,9.93亿,78.04,8.2195,75.19亿,50.61亿
620,605303,园林股份,SH,25.42,0.39,3.12,5.23,符合,-,618.73万,2226.57万,2.87,0.100,25.99,25.20,1.22,843.27万,2.16亿,-88.47,4.8438,40.99亿,40.99亿
621,920418,苏轴股份,BJ,26.45,6.18,11.12,3.99,符合,新能源车、央国企改革、商业航天,470.39万,418.19万,2.87,1.540,27.29,24.52,3.36,625.91万,1.64亿,35.82,4.5181,42.98亿,41.50亿
622,300709,精研科技,SZ,43.41,0.53,2.94,4.02,符合,-,742.67万,4326.19万,2.86,0.230,43.70,42.43,0.64,600.66万,2.60亿,-40.62,3.7473,80.78亿,64.80亿
623,600791,京能置业,SH,14.33,3.77,7.24,3.71,符合,央国企改革,688.57万,33.02万,2.86,0.520,14.68,13.68,0.87,1677.15万,2.41亿,-21.80,-10.7030,64.90亿,64.82亿
624,002079,苏州固锝,SZ,12.39,2.31,5.45,8.66,符合,国产芯片、华为概念、5G概念、通信技术,2472.06万,1.15亿,2.85,0.280,12.56,11.90,0.93,7022.51万,8.67亿,33.11,2.7640,112.52亿,100.43亿
625,002729,好利科技,SZ,20.85,3.06,5.88,14.40,符合,新能源车,1464.37万,3775.37万,2.84,0.620,21.13,19.94,2.54,2525.84万,5.16亿,99.40,6.7327,38.15亿,36.58亿
626,300351,永贵电器,SZ,25.01,3.78,6.97,6.72,符合,新能源车、华为概念、5G概念、通信技术,1252.42万,2.22亿,2.83,0.910,25.48,23.80,0.87,1769.98万,4.43亿,-111.84,3.9968,97.27亿,65.88亿
627,000737,北方铜业,SZ,15.05,0.74,3.75,2.97,符合,央国企改革,2357.44万,-373.46万,2.80,0.110,15.22,14.66,1.16,5648.84万,8.42亿,11.65,3.8553,286.66亿,286.63亿
628,300737,科顺股份,SZ,7.38,0.82,3.28,2.41,符合,-,435.60万,-698.50万,2.78,0.060,7.44,7.20,0.75,2141.63万,1.56亿,32.22,2.0455,81.92亿,65.45亿
629,605060,联德股份,SH,65.05,1.40,6.19,4.76,符合,-,2014.11万,1.39亿,2.78,0.900,65.70,61.73,1.02,1136.65万,7.24亿,62.75,6.1919,156.51亿,155.43亿
630,688102,斯瑞新材,SH,46.55,5.87,8.32,5.46,符合,CPO概念、商业航天、通信技术,5380.13万,-2821.12万,2.78,2.580,46.90,43.24,1.57,4246.82万,19.34亿,210.07,18.5317,361.97亿,361.97亿
631,605299,舒华体育,SH,27.13,3.71,8.72,12.37,符合,华为概念,3724.97万,1.97亿,2.77,0.970,27.66,25.38,1.20,5062.57万,13.44亿,114.10,9.2300,111.02亿,111.02亿
632,002167,东方锆业,SZ,13.49,0.52,2.98,3.87,符合,-,1088.47万,2232.88万,2.74,0.070,13.69,13.29,1.03,2937.63万,3.97亿,129.04,5.8730,104.50亿,102.35亿
633,001306,夏厦精密,SZ,73.16,1.23,3.99,7.84,符合,新能源车,240.37万,1339.06万,2.70,0.890,74.39,71.51,1.29,121.54万,8899.03万,-52.13,3.5807,45.98亿,11.34亿
634,603696,安记食品,SH,16.22,1.31,2.12,2.25,符合,-,228.06万,268.33万,2.67,0.210,16.25,15.91,0.92,528.29万,8534.27万,85.21,6.5952,38.15亿,38.15亿
635,001300,三柏硕,SZ,18.86,0.37,2.77,1.47,符合,-,177.44万,-228.08万,2.66,0.070,18.88,18.36,0.72,358.67万,6670.92万,-178.66,4.7766,45.98亿,45.98亿
636,300333,兆日科技,SZ,9.45,1.61,2.15,2.24,符合,国产芯片,185.93万,-542.94万,2.64,0.150,9.46,9.26,0.97,749.43万,7050.51万,-178.69,5.6315,31.75亿,31.64亿
637,300849,锦盛新材,SZ,25.53,8.13,9.61,4.54,符合,-,359.47万,-441.61万,2.58,1.920,25.95,23.68,1.73,550.86万,1.39亿,-153.61,7.1055,38.30亿,31.01亿
638,600156,XD华升股,SH,11.93,1.53,6.98,12.53,符合,央国企改革,1549.44万,2257.13万,2.58,0.180,12.43,11.61,0.76,5039.45万,6.01亿,-207.12,13.1298,47.97亿,47.97亿
639,002887,绿茵生态,SZ,13.58,3.11,5.77,3.12,符合,-,232.28万,667.33万,2.56,0.410,13.68,12.92,0.82,678.20万,9080.24万,25.80,1.7447,41.55亿,29.50亿
640,603618,杭电股份,SH,37.62,10.00,9.18,13.92,符合,5G概念、光通信模块、通信技术、光纤概念,9066.49万,4.30亿,2.56,3.420,37.62,34.48,1.61,9623.89万,35.38亿,80.43,9.6139,260.10亿,260.10亿
641,000899,赣能股份,SZ,13.65,1.64,3.95,3.94,符合,央国企改革,1328.23万,2557.73万,2.53,0.220,13.86,13.33,1.39,3846.79万,5.25亿,16.48,2.0013,133.18亿,133.18亿
642,002052,同洲电子,SZ,11.58,3.12,6.14,5.60,符合,-,1127.15万,1.66亿,2.53,0.350,11.76,11.07,1.02,3860.37万,4.45亿,335.85,31.2807,87.13亿,79.83亿
643,603375,盛景微,SH,47.71,2.62,7.16,13.07,符合,国产芯片、新能源车,1000.98万,5278.24万,2.53,1.220,48.88,45.55,1.43,833.77万,3.96亿,486.83,3.1011,48.03亿,30.43亿
644,605069,正和生态,SH,15.88,3.12,7.21,5.78,符合,-,478.54万,-985.67万,2.52,0.480,16.01,14.90,0.97,1222.59万,1.90亿,-65.14,4.8916,33.62亿,33.62亿
645,300548,长芯博创,SZ,274.71,0.52,6.51,5.96,符合,国产芯片、5G概念、华为概念、CPO概念、光通信模块、通信技术、光纤概念,1.08亿,11.57亿,2.48,1.420,278.80,261.00,0.85,1604.08万,43.53亿,153.96,38.3100,800.98亿,739.74亿
646,300814,中富电路,SZ,119.00,2.32,8.50,4.93,符合,华为概念、5G概念、新能源车、CPO概念、光通信模块、通信技术,2762.03万,2.14亿,2.46,2.700,123.39,113.50,0.82,943.12万,11.21亿,301.33,13.9100,227.80亿,227.80亿
647,300226,上海钢联,SZ,25.48,1.11,2.38,3.11,符合,-,583.73万,2414.07万,2.40,0.280,25.75,25.15,1.00,953.00万,2.43亿,38.29,3.6226,81.21亿,78.08亿
648,301371,敷尔佳,SZ,31.81,4.88,6.07,8.09,符合,-,472.70万,-2846.58万,2.38,1.480,31.98,30.14,0.99,629.52万,1.99亿,24.11,2.8202,165.45亿,24.74亿
649,920593,鼎智科技,BJ,30.22,5.44,10.36,4.45,符合,-,514.29万,883.55万,2.38,1.560,31.20,28.23,3.30,718.51万,2.17亿,203.47,7.8440,57.51亿,48.84亿
650,688360,德马科技,SH,19.80,3.02,4.32,1.96,符合,华为概念,229.49万,-2279.71万,2.37,0.580,19.83,19.00,1.59,494.45万,9677.87万,35.23,3.5072,52.22亿,49.95亿
651,300566,激智科技,SZ,20.49,2.86,4.97,5.27,符合,华为概念,570.50万,692.34万,2.36,0.570,20.73,19.74,1.60,1194.93万,2.42亿,23.57,2.4116,53.71亿,46.45亿
652,603937,丽岛新材,SH,18.88,10.02,13.05,19.19,符合,-,1670.03万,2599.66万,2.36,1.720,18.88,16.64,1.88,4009.47万,7.08亿,38.07,2.5486,39.44亿,39.44亿
653,002050,三花智控,SZ,51.69,2.72,8.29,7.42,符合,新能源车,3.34亿,22.92亿,2.35,1.370,53.88,49.71,2.03,2.74亿,141.99亿,58.62,6.6665,2175.12亿,1904.36亿
654,601118,海南橡胶,SH,7.60,0.53,4.76,1.83,符合,央国企改革,1413.56万,1.10亿,2.35,0.040,7.84,7.48,1.21,7846.43万,6.02亿,-61.34,3.4000,325.24亿,325.24亿
655,300478,杭州高新,SZ,32.56,3.69,6.05,4.19,符合,-,396.12万,-848.46万,2.31,1.160,32.90,31.00,1.65,530.76万,1.72亿,-112.06,131.4377,41.24亿,41.24亿
656,301001,凯淳股份,SZ,31.20,0.16,1.93,3.33,符合,-,118.07万,211.11万,2.26,0.050,31.50,30.90,0.85,167.47万,5220.98万,1410.02,3.2462,24.96亿,15.69亿
657,920118,太湖远大,BJ,21.82,1.39,2.65,2.12,符合,新能源车,32.49万,231.88万,2.25,0.300,21.86,21.29,0.86,66.53万,1442.85万,24.60,1.9154,11.11亿,6.84亿
658,300946,恒而达,SZ,54.18,8.43,13.61,8.96,符合,-,817.67万,-479.10万,2.24,4.210,56.50,49.70,6.16,679.53万,3.65亿,147.11,7.0737,84.53亿,41.07亿
659,601199,江南水务,SH,6.28,3.12,6.57,5.79,符合,央国企改革,758.65万,8879.17万,2.24,0.190,6.41,6.01,2.41,5418.97万,3.39亿,17.02,1.2491,58.73亿,58.73亿
660,002429,兆驰股份,SZ,12.69,5.05,7.62,4.54,符合,央国企改革、光通信模块、通信技术、光纤概念,5676.37万,5777.14万,2.22,0.610,12.82,11.90,1.30,2.05亿,25.59亿,68.51,3.3963,574.47亿,574.14亿
661,300320,海达股份,SZ,9.92,0.61,2.03,1.99,符合,新能源车,212.12万,2091.09万,2.22,0.060,9.97,9.77,0.69,966.96万,9553.68万,23.86,2.3002,59.64亿,48.14亿
662,301076,新瀚新材,SZ,41.30,1.42,5.23,8.51,符合,-,854.13万,3076.78万,2.22,0.580,42.15,40.02,2.23,934.45万,3.85亿,114.71,5.9978,72.23亿,45.35亿
663,002114,罗平锌电,SZ,9.45,1.07,2.57,3.59,符合,央国企改革,240.33万,-701.30万,2.20,0.100,9.50,9.26,1.08,1161.98万,1.09亿,-19.36,4.2288,30.56亿,30.56亿
664,301312,智立方,SZ,127.26,4.74,12.79,16.28,符合,国产芯片、CPO概念、通信技术,2648.34万,1.77亿,2.20,5.760,128.74,113.20,1.56,985.70万,12.02亿,267.60,12.4839,154.21亿,77.06亿
665,688218,江苏北人,SH,39.31,1.08,5.37,5.32,符合,新能源车,534.48万,3369.38万,2.19,0.420,40.59,38.50,0.80,619.28万,2.44亿,301.60,5.3685,45.79亿,45.79亿
666,002197,证通电子,SZ,8.62,2.13,4.38,4.73,符合,华为概念、国产芯片,470.40万,-1549.58万,2.18,0.180,8.71,8.34,1.33,2523.19万,2.16亿,740.34,3.0061,52.96亿,46.03亿
667,301323,新莱福,SZ,72.84,4.46,9.03,6.20,符合,-,663.81万,-883.81万,2.18,3.110,74.85,68.55,2.19,418.75万,3.04亿,47.19,3.4175,76.91亿,49.22亿
668,605369,拱东医疗,SH,22.50,5.49,7.31,3.19,符合,-,340.04万,1800.05万,2.18,1.170,22.68,21.12,1.55,704.07万,1.56亿,38.77,2.8883,49.61亿,49.61亿
669,300084,海默科技,SZ,12.13,1.08,4.50,5.70,符合,-,533.43万,2471.65万,2.17,0.130,12.28,11.74,1.17,2032.08万,2.46亿,-94.44,4.8818,61.67亿,43.27亿
670,300553,集智股份,SZ,55.93,4.93,9.32,10.91,符合,-,1094.72万,3429.09万,2.15,2.630,57.20,52.23,1.78,926.37万,5.09亿,235.07,7.3121,62.10亿,47.48亿
671,300459,汤姆猫,SZ,4.39,0.92,6.21,6.53,符合,华为概念,2051.04万,5371.10万,2.14,0.040,4.57,4.30,1.45,2.15亿,9.57亿,125.49,20.9667,154.34亿,144.31亿
672,600698,湖南天雁,SH,7.61,2.56,3.23,2.87,符合,央国企改革、新能源车,385.27万,-19.61万,2.14,0.190,7.62,7.38,2.56,2381.71万,1.80亿,1099.29,11.0062,81.32亿,63.20亿
673,002463,沪电股份,SZ,108.71,1.24,5.76,2.90,符合,新能源车、5G概念、华为概念、国产芯片、通信技术,1.28亿,5.61亿,2.10,1.330,111.36,105.18,0.97,5583.76万,60.79亿,42.11,13.2172,2091.98亿,2090.29亿
674,300449,汉邦高科,SZ,7.97,4.18,7.06,4.33,符合,华为概念,279.52万,-2992.34万,2.08,0.320,8.24,7.70,1.70,1672.75万,1.34亿,-103.74,11.0579,30.77亿,30.77亿
675,301603,乔锋智能,SZ,133.71,7.94,9.67,15.76,符合,新能源车,1643.85万,1.05亿,2.05,9.840,139.98,128.00,1.06,594.85万,8.03亿,38.13,6.4550,161.47亿,50.45亿
676,301160,翔楼新材,SZ,62.46,0.76,3.68,3.23,符合,新能源车,301.44万,7286.94万,2.02,0.470,63.33,61.05,1.05,239.02万,1.49亿,37.16,3.8068,70.93亿,46.18亿
677,603396,金辰股份,SH,37.50,2.15,3.54,4.25,符合,-,433.32万,2039.34万,1.98,0.790,37.58,36.28,1.29,588.43万,2.19亿,59.58,1.9834,51.95亿,51.95亿
678,002875,安奈儿,SZ,25.30,4.29,7.87,6.01,符合,-,548.94万,4258.91万,1.97,1.040,26.12,24.21,0.90,1096.27万,2.78亿,89.73,8.7243,53.89亿,46.16亿
679,300345,华民股份,SZ,7.32,6.24,10.45,13.93,符合,华为概念,942.45万,7984.30万,1.97,0.430,7.40,6.68,2.91,6680.08万,4.79亿,-17.53,10.5543,42.49亿,35.11亿
680,603458,勘设股份,SH,12.98,2.45,4.10,4.91,符合,-,378.77万,-757.29万,1.97,0.310,13.04,12.52,0.87,1501.65万,1.92亿,-62.27,1.5413,39.73亿,39.73亿
681,600198,大唐电信,SH,8.84,1.73,3.45,2.02,符合,国产芯片、央国企改革、5G概念、商业航天、通信技术,445.15万,2490.53万,1.94,0.150,8.85,8.55,0.81,2630.87万,2.30亿,-44.03,59.8803,115.24亿,115.09亿
682,603256,宏和科技,SH,148.87,3.30,8.60,2.70,符合,5G概念、华为概念、通信技术,6715.30万,11.56亿,1.92,4.760,151.08,138.68,1.04,2377.60万,35.05亿,233.48,48.5880,1309.65亿,1309.65亿
683,688146,中船特气,SH,79.84,2.36,5.94,11.69,符合,央国企改革,2547.10万,1.71亿,1.88,1.840,81.80,77.17,0.71,1694.23万,13.56亿,104.33,7.2035,422.68亿,115.74亿
684,000070,特发信息,SZ,21.07,4.77,7.61,18.10,符合,5G概念、华为概念、央国企改革、通信技术、光纤概念,6173.41万,1.10亿,1.86,0.960,21.22,19.69,1.87,1.61亿,33.27亿,-497.39,18.9589,189.70亿,187.24亿
685,002497,雅化集团,SZ,30.50,1.13,5.77,5.98,符合,-,3607.94万,5122.83万,1.85,0.340,31.68,29.94,0.84,6334.20万,19.48亿,25.94,3.1862,351.53亿,323.17亿
686,002615,哈尔斯,SZ,8.60,3.86,5.43,5.53,符合,华为概念,265.91万,452.69万,1.85,0.320,8.70,8.25,1.36,1689.84万,1.44亿,996.32,2.0196,48.14亿,26.29亿
687,603626,科森科技,SH,27.70,2.10,7.70,9.71,符合,华为概念,2755.56万,2.48亿,1.84,0.570,28.84,26.75,1.12,5389.34万,15.01亿,9.97,6.7492,153.70亿,153.70亿
688,688671,碧兴物联,SH,25.20,1.90,3.56,2.54,符合,-,54.62万,-477.26万,1.84,0.470,25.28,24.40,0.78,118.76万,2963.15万,-28.85,1.9789,19.79亿,11.81亿
689,002929,润建股份,SZ,78.23,10.00,3.30,10.11,符合,5G概念、华为概念、通信技术,3015.34万,2.49亿,1.81,7.110,78.23,75.88,1.20,2129.64万,16.62亿,440.88,3.5056,222.24亿,164.72亿
690,688030,山石网科,SH,16.93,1.50,3.30,1.82,符合,华为概念,99.75万,-210.37万,1.78,0.250,17.45,16.90,1.31,327.88万,5607.02万,-22.12,4.4842,30.51亿,30.51亿
691,603322,超讯通信,SH,36.42,0.89,3.88,6.62,符合,5G概念、国产芯片、华为概念、通信技术,667.07万,-658.75万,1.77,0.320,36.67,35.27,1.02,1043.64万,3.76亿,34.44,21.8133,57.39亿,57.39亿
692,688681,科汇股份,SH,21.20,0.81,2.57,2.35,符合,-,91.78万,-203.07万,1.77,0.170,21.33,20.79,0.81,246.28万,5196.01万,217.07,3.5750,22.19亿,22.19亿
693,000629,钒钛股份,SZ,3.90,0.52,2.84,1.87,符合,央国企改革,1192.49万,8365.55万,1.76,0.020,3.94,3.83,0.95,1.74亿,6.77亿,126.05,2.9305,362.35亿,362.33亿
694,920570,坤博精工,BJ,31.25,1.82,6.16,4.66,符合,-,62.52万,380.87万,1.76,0.560,32.00,30.11,1.42,113.61万,3547.99万,68.65,4.3983,15.68亿,7.61亿
695,002640,跨境通,SZ,4.13,0.49,4.14,16.48,符合,-,1835.39万,2.84亿,1.75,0.020,4.21,4.04,1.86,2.55亿,10.48亿,10.23,9.9920,64.35亿,63.94亿
696,301629,矽电股份,SZ,351.00,7.20,13.99,20.16,符合,华为概念,2347.93万,1052.42万,1.75,23.570,364.00,318.18,1.63,387.03万,13.40亿,-352.11,12.3847,146.46亿,67.38亿
697,603990,麦迪科技,SH,15.94,2.91,3.23,4.92,符合,华为概念、央国企改革,415.34万,-3462.26万,1.75,0.450,15.95,15.45,0.90,1507.89万,2.37亿,317.33,5.8205,48.82亿,48.82亿
698,605151,西上海,SH,22.82,1.69,5.44,2.38,符合,新能源车,123.59万,-843.84万,1.71,0.380,23.23,22.01,0.78,319.76万,7244.06万,38.56,2.2301,30.71亿,30.71亿
699,301575,艾芬达,SZ,47.91,1.38,2.43,4.79,符合,-,67.30万,327.60万,1.69,0.650,48.26,47.11,0.98,83.46万,3984.82万,35.69,2.9226,41.52亿,8.34亿
700,001278,一彬科技,SZ,23.63,7.95,9.32,7.55,符合,新能源车,249.34万,-1233.65万,1.68,1.740,23.80,21.76,1.67,644.22万,1.49亿,-17.15,2.4753,29.24亿,20.16亿
701,002801,微光股份,SZ,33.62,1.45,3.35,2.51,符合,新能源车,162.70万,-590.60万,1.67,0.480,33.89,32.78,1.15,290.80万,9733.08万,13.97,3.7808,77.20亿,38.93亿
702,002196,方正电机,SZ,15.07,3.22,6.64,13.57,符合,新能源车、央国企改革,1622.94万,5111.54万,1.63,0.470,15.37,14.40,2.53,6625.66万,9.95亿,160.66,5.2406,74.73亿,73.60亿
703,002289,*ST宇顺,SZ,42.33,5.01,9.35,3.60,符合,-,644.98万,832.13万,1.62,2.020,42.33,38.56,8.18,987.98万,3.99亿,60.21,44.7120,118.63亿,116.17亿
704,002362,汉王科技,SZ,19.32,1.63,2.74,2.80,符合,国产芯片,181.16万,-842.01万,1.61,0.310,19.46,18.94,1.39,581.85万,1.12亿,-27.94,5.2040,47.23亿,40.11亿
705,301608,博实结,SZ,97.67,1.78,2.89,3.87,符合,-,238.72万,283.25万,1.60,1.710,97.76,94.99,1.07,154.49万,1.50亿,39.43,3.9076,86.92亿,39.01亿
706,920436,大地电气,BJ,15.12,1.75,3.77,1.54,符合,新能源车,32.32万,3.85万,1.57,0.260,15.26,14.70,1.09,136.91万,2063.07万,169.25,3.6839,14.28亿,13.44亿
707,300901,中胤时尚,SZ,18.25,8.50,10.17,3.81,符合,-,255.64万,425.70万,1.55,1.430,18.46,16.75,2.03,915.52万,1.65亿,1487.18,4.5254,43.80亿,43.80亿
708,603315,福鞍股份,SH,19.00,0.53,4.18,9.38,符合,-,886.22万,4554.08万,1.55,0.100,19.39,18.60,1.59,3005.50万,5.72亿,75.81,3.5007,60.87亿,60.87亿
709,301365,矩阵股份,SZ,38.47,3.36,5.64,4.63,符合,-,272.67万,3284.89万,1.53,1.250,38.90,36.80,0.70,469.82万,1.79亿,-111.33,3.9316,69.25亿,39.00亿
710,601991,大唐发电,SH,5.54,9.92,4.37,9.81,符合,央国企改革,9867.85万,4.66亿,1.48,0.500,5.54,5.32,4.37,12.16亿,66.75亿,8.86,2.7841,1025.27亿,686.74亿
711,603139,康惠股份,SH,37.58,1.10,2.93,3.56,符合,-,193.02万,8371.92万,1.45,0.410,37.85,36.76,0.69,355.92万,1.33亿,44.94,6.8770,37.53亿,37.53亿
712,301086,鸿富瀚,SZ,210.59,0.39,3.96,2.70,符合,-,368.35万,1.36亿,1.39,0.810,214.30,206.00,0.60,126.54万,2.65亿,122.03,9.5210,189.53亿,98.81亿
713,600143,金发科技,SH,18.07,1.92,4.29,4.06,符合,5G概念、商业航天、通信技术,2614.06万,2.27亿,1.35,0.340,18.39,17.63,2.12,1.07亿,19.29亿,39.01,2.4133,476.11亿,476.11亿
714,002046,国机精工,SZ,57.47,2.13,5.78,3.63,符合,央国企改革、国产芯片、商业航天,1474.89万,6227.28万,1.34,1.200,58.63,55.38,1.12,1917.14万,11.04亿,-848.35,7.0648,308.15亿,303.90亿
715,300733,西菱动力,SZ,19.92,0.81,6.33,5.59,符合,商业航天,330.44万,-3242.04万,1.32,0.160,20.40,19.15,0.70,1260.11万,2.50亿,138.95,3.5035,60.89亿,44.92亿
716,300872,天阳科技,SZ,20.30,5.95,7.83,10.73,符合,华为概念,1185.27万,8902.23万,1.31,1.140,20.45,18.95,2.28,4527.50万,9.06亿,328.51,2.6684,99.09亿,85.67亿
717,001282,三联锻造,SZ,21.73,2.02,3.29,5.05,符合,新能源车,107.20万,-687.82万,1.26,0.430,21.83,21.13,1.04,394.72万,8520.32万,44.10,2.9208,48.28亿,16.99亿
718,300592,华凯易佰,SZ,14.51,4.39,5.54,4.19,符合,-,258.67万,-1244.80万,1.24,0.610,14.59,13.82,1.17,1461.80万,2.08亿,20.50,2.4496,58.67亿,50.62亿
719,600400,红豆股份,SH,2.83,0.71,6.05,4.75,符合,-,377.18万,1.38亿,1.22,0.020,2.92,2.75,0.69,1.09亿,3.09亿,289.46,4.6750,64.85亿,64.85亿
720,001209,洪兴股份,SZ,22.14,1.75,3.45,5.97,符合,-,152.44万,299.62万,1.20,0.380,22.35,21.60,0.96,573.34万,1.27亿,32.38,2.2209,29.12亿,21.28亿
721,600367,红星发展,SH,23.68,0.04,3.97,10.90,符合,央国企改革,983.09万,8809.60万,1.17,0.010,24.48,23.54,0.95,3509.97万,8.39亿,70.49,3.2451,80.78亿,76.24亿
722,688189,南新制药,SH,8.79,2.09,4.76,4.56,符合,央国企改革,129.43万,611.82万,1.17,0.180,9.07,8.66,0.78,1250.29万,1.11亿,-45.53,3.1439,24.12亿,24.12亿
723,603933,睿能科技,SH,26.44,0.99,4.47,8.01,符合,-,499.73万,5862.75万,1.14,0.260,26.77,25.60,0.99,1663.31万,4.38亿,39.75,4.0984,54.87亿,54.87亿
724,920808,曙光数创,BJ,85.15,0.12,7.96,2.59,符合,央国企改革,485.83万,2644.19万,1.13,0.100,88.88,82.11,1.42,504.69万,4.31亿,-89.45,23.9227,170.30亿,165.68亿
725,002780,三夫户外,SZ,16.89,3.81,4.98,8.51,符合,-,204.99万,710.21万,1.10,0.620,17.01,16.20,0.81,1111.75万,1.87亿,22.77,3.4031,27.93亿,22.07亿
726,300678,中科信息,SZ,29.60,0.51,2.11,2.43,符合,央国企改革、华为概念,219.96万,-1271.73万,1.05,0.150,29.92,29.30,1.28,708.31万,2.10亿,472.49,10.1934,87.73亿,86.19亿
727,300731,科创新源,SZ,77.15,2.14,4.90,5.20,符合,5G概念、华为概念、新能源车、通信技术,498.81万,9568.77万,1.05,1.620,77.70,74.00,0.71,624.52万,4.77亿,-814.66,15.8000,97.70亿,92.72亿
728,688456,有研粉材,SH,77.95,8.17,11.12,7.50,符合,央国企改革、商业航天,602.33万,1.39亿,1.02,5.890,79.00,70.99,1.39,777.31万,5.91亿,66.69,6.2769,80.80亿,80.80亿
729,300950,德固特,SZ,22.41,1.96,3.55,3.61,符合,-,72.23万,2.07万,0.98,0.430,22.68,21.90,1.23,328.35万,7357.03万,158.34,4.1386,34.30亿,20.38亿
730,300820,英杰电气,SZ,50.44,0.42,3.38,4.61,符合,-,252.56万,3751.26万,0.97,0.210,51.50,49.80,0.75,514.80万,2.60亿,77.13,4.3434,112.10亿,56.38亿
731,603297,永新光学,SH,130.28,3.70,6.34,2.94,符合,-,405.13万,-1132.11万,0.96,4.650,131.98,124.02,1.45,325.61万,4.21亿,78.32,6.8690,144.53亿,144.26亿
732,688775,影石创新,SH,200.21,0.76,2.85,4.51,符合,-,284.26万,1194.79万,0.96,1.510,201.08,195.41,1.05,147.96万,2.95亿,237.19,13.8400,802.84亿,65.67亿
733,300665,飞鹿股份,SZ,9.04,0.11,3.21,4.36,符合,-,80.93万,2433.47万,0.95,0.010,9.13,8.84,0.74,951.76万,8559.85万,-82.73,5.0169,19.79亿,19.71亿
734,603809,豪能股份,SH,11.65,2.64,3.26,2.30,符合,新能源车、商业航天,232.80万,2080.52万,0.95,0.300,11.67,11.30,1.86,2115.70万,2.44亿,25.87,2.8422,107.21亿,107.21亿
735,300241,瑞丰光电,SZ,7.18,0.28,2.23,6.57,符合,-,256.47万,1901.18万,0.93,0.020,7.19,7.03,0.97,3864.14万,2.76亿,43.33,2.2090,50.39亿,42.21亿
736,920111,聚星科技,BJ,36.35,6.82,11.17,18.23,符合,新能源车,452.74万,-271.62万,0.93,2.320,37.30,33.50,1.54,1372.40万,4.86亿,15.39,5.4997,56.40亿,27.37亿
737,300966,共同药业,SZ,28.00,0.47,6.21,7.70,符合,-,151.33万,-3419.64万,0.92,0.130,29.00,27.27,0.49,589.99万,1.64亿,252.29,4.4032,32.28亿,21.47亿
738,300324,旋极信息,SZ,5.13,0.39,2.15,2.53,符合,商业航天、国产芯片、华为概念,200.29万,4284.46万,0.91,0.020,5.16,5.05,0.77,4327.44万,2.21亿,-72.71,3.5817,88.63亿,87.72亿
739,600118,中国卫星,SH,114.18,6.41,11.60,7.52,符合,央国企改革、国产芯片、商业航天,8792.12万,5.31亿,0.90,6.880,118.00,105.55,1.45,8888.02万,98.19亿,-790.68,21.3467,1350.17亿,1350.17亿
740,600641,先导基电,SH,28.63,1.45,5.56,5.46,符合,国产芯片,1305.50万,-1182.64万,0.90,0.410,29.23,27.66,0.85,5082.17万,14.51亿,-400.97,3.2703,271.09亿,266.44亿
741,920221,易实精密,BJ,15.75,3.21,4.19,2.44,符合,新能源车,21.10万,-181.29万,0.90,0.490,15.84,15.20,2.16,150.47万,2351.19万,29.90,4.2216,18.28亿,9.73亿
742,920578,巨能股份,BJ,20.49,6.72,15.89,13.89,符合,新能源车,59.00万,248.45万,0.90,1.290,21.98,18.93,4.54,319.57万,6570.46万,-369.80,5.9272,15.67亿,4.71亿
743,002316,亚联发展,SZ,5.64,0.18,2.13,3.77,符合,华为概念,62.94万,-1322.80万,0.87,0.010,5.69,5.57,0.66,1285.92万,7237.34万,388.07,28.3161,22.17亿,19.22亿
744,603657,春光科技,SH,33.00,5.87,6.90,4.27,符合,-,163.87万,775.42万,0.87,1.830,33.33,31.18,0.96,577.58万,1.88亿,-31.50,5.1142,44.61亿,44.61亿
745,601519,大智慧,SH,11.14,1.46,3.73,1.74,符合,华为概念,331.44万,-2020.46万,0.86,0.160,11.23,10.82,0.98,3454.09万,3.83亿,-187.25,17.0820,221.59亿,221.59亿
746,600703,三安光电,SH,15.28,0.92,4.49,4.92,符合,国产芯片、商业航天、光通信模块、通信技术,3086.44万,1.15亿,0.83,0.140,15.45,14.77,1.02,2.46亿,37.26亿,282.37,2.1843,762.32亿,762.32亿
747,301133,金钟股份,SZ,49.19,2.97,7.54,3.31,符合,-,142.76万,-713.98万,0.81,1.420,50.79,47.19,1.15,356.04万,1.75亿,216.21,4.3494,58.03亿,52.95亿
748,603505,金石资源,SH,19.00,1.77,4.66,2.53,符合,-,321.93万,2847.38万,0.80,0.330,19.37,18.50,1.10,2133.60万,4.02亿,65.26,8.4322,159.92亿,159.92亿
749,688184,ST帕瓦,SH,14.31,6.32,11.22,5.81,符合,-,65.71万,-2764.69万,0.79,0.850,14.92,13.41,0.82,584.09万,8342.83万,28.22,2.1183,22.76亿,14.38亿
750,301280,珠城科技,SZ,46.88,0.82,3.59,4.97,符合,新能源车,100.10万,495.86万,0.77,0.380,47.47,45.80,0.95,279.42万,1.30亿,39.80,4.6057,89.77亿,26.34亿
751,300599,雄塑科技,SZ,13.46,9.16,15.82,17.68,符合,-,333.03万,300.73万,0.75,1.130,14.30,12.35,1.61,3323.54万,4.47亿,37.36,2.4656,48.20亿,25.31亿
752,301278,快可电子,SZ,41.78,2.75,5.80,9.92,符合,-,155.47万,-1435.98万,0.73,1.120,42.48,40.12,1.97,509.70万,2.12亿,166.06,2.6321,37.48亿,21.48亿
753,920533,骏创科技,BJ,26.18,9.08,18.92,11.82,符合,新能源车,162.97万,22.21万,0.72,2.180,28.19,23.65,6.16,864.55万,2.27亿,108.52,8.9756,34.23亿,19.15亿
754,603062,麦加芯彩,SH,56.96,0.74,4.86,5.71,符合,-,84.37万,1735.08万,0.69,0.420,58.50,55.75,1.00,211.69万,1.21亿,152.77,2.9242,61.52亿,21.12亿
755,603665,康隆达,SH,30.76,5.16,8.24,3.54,符合,-,117.59万,1350.65万,0.68,1.510,31.31,28.90,1.57,567.49万,1.74亿,77.52,7.4674,49.56亿,49.27亿
756,920086,科马材料,BJ,31.74,4.27,5.32,11.41,符合,新能源车,65.34万,300.67万,0.68,1.300,31.86,30.24,2.03,305.18万,9547.20万,27.24,3.0221,26.56亿,8.49亿
757,688171,纬德信息,SH,57.25,0.90,3.81,3.10,符合,-,100.01万,-2073.47万,0.67,0.510,58.17,56.01,1.09,260.10万,1.49亿,-8046.51,5.8024,47.96亿,47.96亿
758,301319,唯特偶,SZ,94.67,7.38,17.03,11.78,符合,华为概念,668.88万,1.62亿,0.64,6.510,100.88,85.87,1.40,1101.85万,10.49亿,99.02,9.6806,117.85亿,88.56亿
759,002819,东方中科,SZ,28.06,0.86,2.91,1.56,符合,新能源车、央国企改革、华为概念,64.84万,1299.76万,0.63,0.240,28.27,27.46,1.21,369.39万,1.03亿,-58.64,2.1445,84.07亿,66.39亿
760,688718,唯赛勃,SH,18.07,2.79,8.76,3.99,符合,-,79.40万,-381.31万,0.63,0.490,18.78,17.24,1.42,692.74万,1.25亿,78.86,3.8919,31.40亿,31.40亿
761,002017,东信和平,SZ,20.18,1.31,2.71,2.45,符合,央国企改革、5G概念、通信技术,175.46万,1474.58万,0.61,0.260,20.27,19.73,1.16,1421.47万,2.86亿,59.26,6.2675,117.13亿,117.06亿
762,300615,欣天科技,SZ,14.61,0.76,2.41,3.93,符合,5G概念、新能源车、通信技术,50.59万,-1521.24万,0.59,0.110,14.70,14.35,0.93,594.52万,8625.16万,-20.99,6.1161,28.23亿,22.10亿
763,301193,家联科技,SZ,25.87,0.35,4.07,3.78,符合,-,96.27万,1.27亿,0.57,0.090,26.38,25.33,0.37,649.17万,1.68亿,-14.98,3.0412,59.09亿,44.42亿
764,603048,浙江黎明,SH,23.82,2.28,4.08,1.71,符合,新能源车,34.15万,-1265.64万,0.57,0.530,23.98,23.03,0.76,250.76万,5944.99万,55.19,2.7360,34.99亿,34.99亿
765,300406,九强生物,SZ,13.08,1.40,2.48,1.39,符合,-,42.70万,1777.22万,0.55,0.180,13.15,12.83,0.69,588.53万,7699.46万,18.15,2.0489,76.69亿,55.50亿
766,000595,*ST宝实,SZ,6.84,2.86,5.86,1.95,符合,央国企改革,81.77万,-1542.79万,0.54,0.190,6.98,6.59,1.83,2216.17万,1.51亿,988.09,16.0906,77.88亿,77.88亿
767,603506,南都物业,SH,13.55,1.57,2.17,1.38,符合,-,18.34万,275.26万,0.53,0.210,13.64,13.35,0.62,258.84万,3486.82万,13.33,2.0544,25.44亿,25.44亿
768,688655,迅捷兴,SH,53.34,14.71,15.01,18.99,符合,-,720.12万,3.08亿,0.53,6.840,55.80,48.82,1.33,2532.95万,13.62亿,-332.43,10.9036,71.15亿,71.15亿
769,002976,瑞玛精密,SZ,32.70,5.11,7.46,8.77,符合,新能源车、5G概念、通信技术,97.66万,1111.49万,0.52,1.590,33.13,30.81,2.19,585.01万,1.87亿,-88.63,3.4007,48.95亿,21.80亿
770,301589,诺瓦星云,SZ,177.80,1.31,3.64,1.98,符合,国产芯片,61.81万,-800.46万,0.51,2.300,178.49,172.10,1.02,68.26万,1.21亿,43.11,4.2928,164.37亿,61.28亿
771,300381,溢多利,SZ,7.37,6.20,6.92,4.78,符合,-,83.90万,-1619.87万,0.50,0.430,7.37,6.89,1.23,2338.13万,1.69亿,54.88,1.4103,36.19亿,36.06亿
772,603022,新通联,SH,11.69,1.74,2.26,2.60,符合,-,28.14万,-1708.02万,0.47,0.200,11.69,11.43,0.76,519.79万,6013.60万,47.27,2.7381,23.38亿,23.38亿
773,688678,福立旺,SH,26.11,2.96,7.29,7.87,符合,-,392.59万,7116.26万,0.47,0.750,26.90,25.05,1.24,3172.11万,8.36亿,57.80,4.5582,105.25亿,105.25亿
774,002281,光迅科技,SZ,180.72,10.00,13.44,10.54,符合,央国企改革、5G概念、华为概念、CPO概念、国产芯片、光通信模块、通信技术、光纤概念,6389.69万,7.08亿,0.46,16.430,180.72,158.64,1.21,8218.24万,137.62亿,151.90,14.0984,1457.82亿,1408.71亿
775,300697,电工合金,SZ,17.01,1.98,3.06,2.74,符合,央国企改革、新能源车,70.91万,1039.68万,0.46,0.330,17.07,16.56,1.38,909.25万,1.53亿,29.48,5.6115,73.59亿,56.34亿
776,300579,数字认证,SZ,27.74,0.69,3.41,1.55,符合,华为概念、国产芯片、央国企改革,47.24万,-207.89万,0.42,0.190,28.44,27.50,1.26,403.70万,1.13亿,-178.09,9.4635,74.90亿,72.26亿
777,301326,捷邦科技,SZ,192.30,3.14,6.33,3.25,符合,-,188.55万,1.79亿,0.42,5.850,196.68,184.88,1.03,234.27万,4.50亿,-234.11,11.3221,139.82亿,138.57亿
778,603819,神力股份,SH,15.30,1.73,4.06,5.30,符合,-,72.52万,2428.67万,0.41,0.260,15.60,14.99,0.84,1153.52万,1.76亿,120.87,4.1016,33.31亿,33.31亿
779,601700,风范股份,SH,5.59,1.27,2.36,1.61,符合,央国企改革,39.88万,-2672.37万,0.39,0.070,5.60,5.47,0.69,1828.77万,1.01亿,56.03,2.9594,63.66亿,63.66亿
780,003007,直真科技,SZ,51.73,1.83,4.96,13.03,符合,5G概念、华为概念、通信技术,175.29万,2008.71万,0.36,0.930,52.30,49.78,1.37,945.64万,4.84亿,-55.82,6.0372,52.67亿,37.55亿
781,002026,山东威达,SZ,13.50,1.81,2.79,2.31,符合,新能源车,47.75万,-1939.23万,0.35,0.240,13.54,13.17,1.63,1018.36万,1.37亿,23.19,1.5393,59.47亿,59.47亿
782,605133,嵘泰股份,SH,37.30,2.75,5.73,5.76,符合,新能源车,198.91万,1.04亿,0.33,1.000,37.88,35.80,1.45,1624.01万,6.05亿,59.03,2.7607,105.47亿,105.23亿
783,920179,凯德石英,BJ,55.11,3.69,11.14,10.87,符合,光通信模块、通信技术,115.36万,2265.54万,0.33,1.960,56.42,50.50,1.77,649.04万,3.50亿,213.49,5.4581,41.32亿,32.91亿
784,603162,海通发展,SH,18.11,6.53,6.47,13.00,符合,-,203.52万,8967.02万,0.32,1.110,18.20,17.10,1.61,3634.06万,6.46亿,19.97,3.6185,168.03亿,50.61亿
785,002291,遥望科技,SZ,6.91,1.32,2.64,4.93,符合,-,78.05万,-3669.90万,0.26,0.090,6.95,6.77,0.91,4286.70万,2.96亿,7.10,2.1719,64.62亿,60.06亿
786,603536,惠发食品,SH,10.55,1.34,2.11,1.48,符合,-,9.77万,-1263.85万,0.26,0.140,10.60,10.38,0.48,356.67万,3749.47万,912.07,7.3050,25.57亿,25.38亿
787,688479,友车科技,SH,42.57,1.84,4.76,3.16,符合,-,20.78万,2532.02万,0.25,0.770,42.99,41.00,0.72,197.17万,8325.60万,143.46,3.2614,61.44亿,26.53亿
788,301163,宏德股份,SZ,32.84,4.02,4.75,5.47,符合,-,23.05万,-992.37万,0.24,1.270,32.88,31.38,1.42,299.42万,9644.98万,198.27,2.3381,26.80亿,17.97亿
789,002647,仁东控股,SZ,13.80,0.36,4.00,7.48,符合,-,214.97万,1.64亿,0.21,0.050,14.00,13.45,1.03,7593.11万,10.47亿,82.93,25.0628,155.98亿,140.11亿
790,300830,金现代,SZ,11.25,0.90,3.05,4.95,符合,华为概念,37.44万,-3626.63万,0.20,0.100,11.40,11.06,1.03,1669.81万,1.88亿,-161.44,3.8639,50.81亿,37.92亿
791,300839,博汇股份,SZ,17.34,12.60,16.23,9.99,符合,-,97.10万,-799.38万,0.20,1.940,18.00,15.50,3.49,2893.61万,4.91亿,27.35,6.3462,51.15亿,50.23亿
792,603158,腾龙股份,SH,15.88,2.85,6.48,17.73,符合,新能源车,265.23万,1.19亿,0.19,0.440,16.50,15.50,2.98,8699.73万,13.97亿,36.69,3.4302,77.93亿,77.93亿
793,300904,威力传动,SZ,62.37,1.33,4.79,5.16,符合,-,10.14万,-718.60万,0.15,0.820,63.40,60.45,1.11,112.62万,6961.96万,-45.31,7.7266,45.15亿,13.61亿
794,600961,株冶集团,SH,29.88,1.43,7.20,12.20,符合,央国企改革,417.02万,9796.89万,0.15,0.420,31.00,28.88,1.19,9172.82万,27.47亿,7.01,6.3437,320.57亿,224.64亿
795,002695,煌上煌,SZ,13.06,0.08,2.07,1.38,符合,-,11.57万,-2121.16万,0.13,0.010,13.20,12.93,0.56,706.92万,9225.41万,40.06,2.5996,73.08亿,66.80亿
796,688220,翱捷科技-U,SH,102.94,0.87,8.05,4.58,符合,国产芯片、商业航天、5G概念,173.32万,1.18亿,0.10,0.890,106.72,98.50,1.06,1691.59万,17.41亿,-384.21,7.9148,430.60亿,379.99亿
797,601133,柏诚股份,SH,25.68,2.80,9.49,6.02,符合,-,29.23万,2.60亿,0.04,0.700,26.70,24.33,1.05,3156.57万,8.14亿,109.07,4.4790,135.60亿,134.66亿
798,301626,苏州天脉,SZ,296.47,2.94,5.01,4.68,符合,华为概念、新能源车,22.60万,527.46万,0.03,8.470,302.00,287.58,1.02,246.17万,7.34亿,688.17,21.2289,342.96亿,156.00亿
799,600301,华锡有色,SH,59.96,0.23,4.16,6.35,符合,央国企改革,17.52万,1.10亿,0.02,0.140,60.45,57.96,1.00,1747.82万,10.36亿,52.13,7.6127,379.29亿,165.09亿
800,688055,龙腾光电,SH,4.76,3.93,8.30,1.55,符合,国产芯片、央国企改革,2.31万,539.94万,0.01,0.180,4.89,4.51,2.03,5157.84万,2.45亿,-56.92,3.9582,158.67亿,158.67亿
801,000599,青岛双星,SZ,5.92,1.72,5.84,2.71,符合,华为概念、央国企改革,-4.18万,-2158.39万,-0.03,0.100,6.06,5.72,0.70,2214.77万,1.31亿,79.42,1.3156,134.34亿,48.35亿
802,603688,石英股份,SH,65.50,3.44,7.90,8.32,符合,国产芯片、光纤概念,-103.04万,7.13亿,-0.03,2.180,67.80,62.80,1.59,4505.19万,29.67亿,241.23,6.0612,354.80亿,354.80亿
803,300395,菲利华,SZ,128.66,0.11,7.66,8.14,符合,5G概念、通信技术、光纤概念,-945.85万,6.09亿,-0.18,0.140,131.84,122.00,1.10,4166.15万,53.35亿,116.88,14.0537,671.95亿,658.10亿
804,600206,有研新材,SH,30.40,3.65,10.50,12.02,符合,央国企改革、国产芯片、华为概念、5G概念、通信技术,-565.05万,1.45亿,-0.18,1.070,31.59,28.51,1.13,1.02亿,30.78亿,72.89,5.9231,257.35亿,257.35亿
805,600322,津投城开,SH,2.79,2.20,4.03,4.29,符合,央国企改革,-25.73万,2663.60万,-0.19,0.060,2.84,2.73,0.78,4739.62万,1.32亿,6746.47,40.5568,30.85亿,30.85亿
806,920981,晶赛科技,BJ,41.05,0.98,8.07,19.24,符合,光通信模块、华为概念、通信技术,-61.59万,2529.09万,-0.21,0.400,42.62,39.34,1.19,717.97万,2.96亿,197.33,6.1288,31.39亿,15.32亿
807,600284,浦东建设,SH,7.83,1.95,3.91,5.27,符合,央国企改革,-127.92万,2656.60万,-0.32,0.150,8.02,7.72,2.26,5117.45万,4.04亿,39.60,0.9527,75.97亿,75.97亿
808,300572,安车检测,SZ,34.59,6.73,8.27,11.89,符合,新能源车,-243.44万,3289.25万,-0.33,2.180,34.98,32.30,2.66,2155.64万,7.28亿,-382.44,4.9223,79.21亿,62.70亿
809,603131,上海沪工,SH,25.05,2.96,6.91,12.26,符合,商业航天,-417.59万,1.39亿,-0.41,0.720,25.48,23.80,1.97,4132.08万,10.22亿,179.28,5.1113,84.40亿,84.40亿
810,002806,华锋股份,SZ,14.90,0.47,2.83,4.76,符合,新能源车,-51.75万,-287.29万,-0.42,0.070,14.98,14.56,0.92,828.79万,1.23亿,-49.81,2.8380,31.66亿,25.94亿
811,002301,齐心集团,SZ,7.27,1.11,2.64,2.37,符合,华为概念,-55.03万,-2479.40万,-0.45,0.080,7.32,7.13,0.72,1699.20万,1.23亿,30.69,1.6802,52.44亿,52.20亿
812,603013,亚普股份,SH,21.33,1.43,3.90,1.31,符合,央国企改革、新能源车,-63.69万,4824.89万,-0.45,0.300,21.63,20.81,0.74,663.82万,1.42亿,16.74,2.3395,108.40亿,108.40亿
813,920690,捷众科技,BJ,28.23,4.56,8.26,4.97,符合,国产芯片,-38.27万,-62.29万,-0.64,1.230,28.98,26.75,2.42,214.14万,6010.15万,32.54,3.0327,18.72亿,12.17亿
814,600246,万通发展,SH,12.27,0.08,5.30,6.06,符合,5G概念、国产芯片、通信技术,-975.24万,2.16亿,-0.69,0.010,12.65,12.00,0.77,1.15亿,14.08亿,-53.08,5.2190,238.40亿,231.95亿
815,600790,轻纺城,SH,4.94,5.33,7.89,6.01,符合,央国企改革,-295.03万,1368.13万,-0.69,0.250,5.02,4.65,1.54,8802.36万,4.29亿,5.18,1.2173,72.41亿,72.41亿
816,688071,华依科技,SH,34.49,1.29,3.67,2.30,符合,新能源车,-48.09万,-2641.66万,-0.71,0.440,35.05,33.80,1.07,195.39万,6753.63万,541.21,2.8907,29.24亿,29.24亿
817,300745,欣锐科技,SZ,41.85,1.26,4.84,9.27,符合,新能源车,-441.60万,3928.02万,-0.80,0.520,43.00,41.00,0.76,1319.07万,5.54亿,329.49,3.1856,70.55亿,59.56亿
818,301366,一博科技,SZ,42.35,1.05,3.72,3.95,符合,商业航天,-164.79万,-1657.19万,-0.84,0.440,42.85,41.29,0.90,462.09万,1.95亿,191.26,4.0993,88.74亿,49.55亿
819,301568,思泰克,SZ,59.97,1.10,3.84,11.22,符合,商业航天,-264.99万,5431.84万,-0.84,0.650,60.08,57.80,1.16,534.14万,3.15亿,58.56,6.1472,61.92亿,28.55亿
820,300943,春晖智控,SZ,32.75,4.43,7.08,13.26,符合,商业航天,-499.60万,2913.00万,-0.87,1.390,33.00,30.78,1.47,1768.62万,5.74亿,175.63,6.5337,66.75亿,43.70亿
821,300063,天龙集团,SZ,13.02,1.09,6.75,26.24,符合,华为概念,-2264.70万,3119.28万,-1.03,0.140,13.88,13.01,2.71,1.64亿,21.95亿,142.78,5.5876,98.76亿,81.57亿
822,300177,中海达,SZ,8.57,1.66,2.14,1.96,符合,华为概念、国产芯片,-105.70万,1567.29万,-1.04,0.140,8.58,8.40,0.89,1190.96万,1.02亿,-54.66,5.0523,63.78亿,51.96亿
823,300079,数码视讯,SZ,5.78,0.52,1.91,2.43,符合,华为概念、5G概念、国产芯片、通信技术,-189.77万,5.77万,-1.06,0.030,5.82,5.71,1.02,3114.33万,1.80亿,200.26,2.0025,82.42亿,74.07亿
824,605398,新炬网络,SH,27.96,0.39,2.48,1.48,符合,华为概念,-78.74万,-286.94万,-1.16,0.110,28.54,27.85,1.13,241.49万,6788.73万,362.90,4.3788,45.50亿,45.50亿
825,600969,郴电国际,SH,11.22,2.56,8.04,9.71,符合,央国企改革,-505.14万,2398.99万,-1.24,0.280,11.64,10.76,2.36,3592.11万,4.06亿,91.73,1.1406,41.52亿,41.52亿
826,000811,冰轮环境,SZ,26.28,0.96,6.42,4.38,符合,央国企改革,-1433.35万,1341.17万,-1.30,0.250,26.80,25.13,0.84,4284.61万,11.05亿,55.63,3.9925,260.82亿,257.12亿
827,000980,众泰汽车,SZ,2.64,0.38,6.08,4.45,符合,新能源车,-879.59万,2.09亿,-1.49,0.010,2.72,2.56,0.85,2.25亿,5.91亿,-40.58,407.1077,133.12亿,133.12亿
828,002659,凯文教育,SZ,5.42,1.50,2.81,2.50,符合,华为概念、央国企改革,-121.94万,-948.60万,-1.52,0.080,5.45,5.30,0.96,1493.06万,8024.79万,4202.08,1.5113,32.43亿,32.43亿
829,300306,远方信息,SZ,12.85,1.02,2.12,1.88,符合,华为概念,-58.88万,130.31万,-1.55,0.130,12.88,12.61,1.01,297.04万,3801.26万,83.59,2.3069,34.56亿,20.25亿
830,603329,上海雅仕,SH,11.63,1.75,2.01,1.93,符合,央国企改革,-73.05万,944.92万,-1.58,0.200,11.67,11.44,0.35,398.78万,4625.21万,18.08,1.9728,29.08亿,24.00亿
831,002886,沃特股份,SZ,24.10,1.18,2.90,4.13,符合,新能源车、5G概念、华为概念、通信技术,-341.97万,681.21万,-1.65,0.280,24.29,23.60,0.96,862.68万,2.07亿,121.92,3.4245,63.43亿,50.39亿
832,000965,天保基建,SZ,3.77,1.89,2.43,2.44,符合,央国企改革,-171.57万,1502.43万,-1.69,0.070,3.78,3.69,1.11,2704.63万,1.01亿,16.36,0.7594,41.84亿,41.84亿
833,301217,铜冠铜箔,SZ,88.54,2.00,6.68,5.43,符合,央国企改革,-6855.88万,3.68亿,-1.71,1.740,90.80,85.00,0.65,4502.79万,39.98亿,172.55,13.3430,734.01亿,734.01亿
834,300399,天利科技,SZ,22.95,1.37,3.18,2.73,符合,央国企改革,-223.14万,1986.96万,-1.81,0.310,23.14,22.42,1.00,539.37万,1.23亿,606.70,8.9672,45.35亿,45.34亿
835,300025,华星创业,SZ,5.95,0.34,2.19,2.51,符合,5G概念、华为概念、通信技术,-137.79万,147.87万,-1.83,0.020,6.00,5.87,0.87,1269.79万,7536.89万,-161.47,7.0999,30.27亿,30.15亿
836,920837,华原股份,BJ,13.97,3.79,5.50,1.36,符合,央国企改革,-47.27万,404.83万,-1.84,0.510,14.24,13.50,1.43,185.51万,2567.80万,23.90,3.8308,21.19亿,19.11亿
837,000551,创元科技,SZ,16.99,2.23,4.27,6.24,符合,央国企改革、商业航天,-965.39万,5365.91万,-1.89,0.370,17.09,16.38,0.91,3021.60万,5.11亿,16.58,2.7046,82.36亿,82.32亿
838,300118,东方日升,SZ,18.70,1.69,3.26,8.27,符合,华为概念,-2838.39万,4.45亿,-2.00,0.310,18.78,18.18,0.91,7664.90万,14.19亿,-14.76,2.5701,213.18亿,173.32亿
839,002202,金风科技,SZ,28.49,0.11,3.20,7.04,符合,商业航天,-1.38亿,8.22亿,-2.05,0.030,28.92,28.01,0.97,2.37亿,67.29亿,33.16,3.0262,1203.36亿,958.26亿
840,300161,华中数控,SZ,40.01,2.22,6.82,10.33,符合,新能源车,-1619.28万,1.15亿,-2.06,0.870,40.44,37.77,1.18,2013.43万,7.86亿,-25.13,5.1502,79.50亿,78.02亿
841,300656,民德电子,SZ,29.65,0.34,4.20,5.17,符合,国产芯片,-425.95万,5792.55万,-2.09,0.100,30.28,29.04,0.86,687.25万,2.04亿,-48.28,5.9028,50.74亿,39.40亿
842,300808,久量股份,SZ,28.65,3.32,6.85,3.48,符合,央国企改革,-247.66万,-1045.58万,-2.09,0.920,29.10,27.20,1.10,413.68万,1.18亿,-67.09,4.8825,45.84亿,34.06亿
843,301321,翰博高新,SZ,28.27,3.14,6.24,4.27,符合,新能源车、华为概念,-391.02万,-31.45万,-2.20,0.860,28.73,27.02,0.68,629.64万,1.77亿,285.76,5.4016,52.71亿,41.73亿
844,002183,怡 亚 通,SZ,6.83,5.08,7.23,16.96,符合,央国企改革、国产芯片,-6698.45万,1.82亿,-2.26,0.330,6.99,6.52,4.09,4.40亿,29.63亿,263.73,1.9572,177.38亿,177.37亿
845,300323,华灿光电,SZ,13.28,4.16,7.06,9.74,符合,国产芯片、华为概念、央国企改革,-3578.54万,1.37亿,-2.37,0.530,13.40,12.50,0.86,1.16亿,15.10亿,106.34,3.2493,215.53亿,157.73亿
846,603629,利通电子,SH,167.59,5.88,13.00,14.52,符合,国产芯片,-1.48亿,1.14亿,-2.40,9.310,173.58,153.01,1.35,3747.31万,61.50亿,40.51,19.5844,439.62亿,432.43亿
847,600736,苏州高新,SH,9.86,2.18,14.72,20.59,符合,国产芯片、央国企改革、商业航天,-5644.04万,3.27亿,-2.41,0.210,10.61,9.19,1.08,2.37亿,23.40亿,13.19,1.5228,113.52亿,113.52亿
848,300445,康斯特,SZ,23.96,0.67,5.88,5.29,符合,商业航天,-429.85万,2150.92万,-2.42,0.160,24.77,23.37,1.25,743.25万,1.77亿,37.68,3.8750,50.90亿,33.68亿
849,300689,澄天伟业,SZ,55.29,0.29,2.23,2.32,符合,国产芯片,-316.31万,1854.75万,-2.46,0.160,55.39,54.16,0.71,234.63万,1.28亿,-512.51,9.2304,63.92亿,55.94亿
850,688328,深科达,SH,58.59,1.40,6.73,10.29,符合,华为概念,-1392.02万,2864.06万,-2.47,0.810,59.85,55.96,0.73,971.49万,5.62亿,51.11,6.4658,55.34亿,55.34亿
851,000837,秦川机床,SZ,11.80,2.08,3.89,3.12,符合,央国企改革,-953.48万,1330.74万,-2.58,0.240,11.90,11.45,1.74,3147.53万,3.69亿,124.38,2.4511,120.73亿,118.87亿
852,300415,伊之密,SZ,25.28,1.49,4.50,3.11,符合,5G概念、通信技术,-923.67万,2902.54万,-2.58,0.370,25.77,24.65,1.53,1411.16万,3.58亿,21.91,3.4907,118.45亿,114.54亿
853,300098,高新兴,SZ,5.86,0.17,2.22,4.42,符合,华为概念、5G概念、商业航天、通信技术,-1091.36万,3950.48万,-2.73,0.010,5.91,5.78,0.76,6820.19万,3.99亿,109.94,3.8463,101.83亿,90.35亿
854,002963,豪尔赛,SZ,17.76,0.97,4.32,3.36,符合,国产芯片,-203.20万,-1081.54万,-2.77,0.170,18.06,17.30,0.61,413.61万,7331.49万,-142.19,2.2518,26.70亿,21.84亿
855,300050,世纪鼎利,SZ,7.48,2.89,4.95,8.83,符合,5G概念、华为概念、通信技术,-1036.37万,1001.59万,-2.92,0.210,7.51,7.15,1.45,4810.01万,3.55亿,318.59,9.8751,40.75亿,40.73亿
856,300168,万达信息,SZ,5.90,1.20,3.26,1.76,符合,华为概念,-473.22万,-1199.97万,-3.14,0.070,6.03,5.84,0.81,2535.11万,1.51亿,-53.58,8.2660,85.00亿,84.91亿
857,688716,中研股份,SH,36.10,1.06,3.22,5.22,符合,新能源车,-418.49万,-472.92万,-3.15,0.380,36.87,35.72,1.32,364.96万,1.33亿,-228.13,3.7251,43.93亿,25.24亿
858,300337,银邦股份,SZ,15.27,1.26,3.58,7.62,符合,新能源车、华为概念,-2586.29万,3492.94万,-3.17,0.190,15.30,14.76,1.23,5419.90万,8.15亿,57.40,7.0974,125.51亿,108.63亿
859,600101,明星电力,SH,10.05,0.20,1.99,4.17,符合,央国企改革,-729.63万,-1316.75万,-3.17,0.020,10.18,9.98,0.98,2285.85万,2.30亿,18.88,1.7431,55.06亿,55.06亿
860,600082,ST海泰,SH,3.78,2.44,6.50,5.87,符合,央国企改革,-456.06万,1730.01万,-3.22,0.090,3.87,3.63,1.71,3725.49万,1.42亿,-45.13,1.4456,24.42亿,23.98亿
861,002757,南兴股份,SZ,29.02,4.24,8.19,26.86,符合,华为概念,-7083.02万,2.53亿,-3.26,1.180,29.87,27.59,1.83,7576.66万,21.75亿,49.36,4.1649,85.74亿,81.85亿
862,603075,热威股份,SH,25.16,2.69,3.63,6.31,符合,新能源车,-216.64万,388.25万,-3.33,0.660,25.29,24.40,1.31,260.29万,6510.59万,35.40,4.5227,101.26亿,10.38亿
863,002796,世嘉科技,SZ,58.80,1.08,6.29,9.63,符合,5G概念、通信技术,-4445.09万,3367.67万,-3.47,0.630,59.66,56.00,1.28,2192.84万,12.81亿,-157.92,17.6142,148.39亿,133.89亿
864,300504,天邑股份,SZ,18.26,1.73,3.51,4.62,符合,5G概念、华为概念、通信技术,-641.89万,1297.91万,-3.52,0.310,18.33,17.70,0.87,1008.43万,1.83亿,54.05,2.3613,49.49亿,39.85亿
865,301178,天亿马,SZ,60.29,1.06,2.83,5.17,符合,华为概念,-548.66万,357.43万,-3.58,0.630,60.70,59.01,0.82,255.67万,1.53亿,1108.35,5.1629,40.31亿,29.83亿
866,002725,跃岭股份,SZ,17.33,0.87,3.20,4.66,符合,国产芯片、光通信模块、通信技术,-628.42万,92.38万,-3.64,0.150,17.45,16.90,0.84,999.30万,1.73亿,-204.75,4.5451,44.36亿,37.15亿
867,688135,利扬芯片,SH,38.98,0.46,4.07,6.54,符合,5G概念、国产芯片、通信技术,-2231.42万,-529.56万,-3.80,0.180,39.09,37.51,0.78,1525.17万,5.87亿,664.49,5.7316,90.86亿,90.86亿
868,300052,中青宝,SZ,15.25,6.87,13.17,31.46,符合,华为概念,-4979.36万,-810.47万,-3.83,0.980,16.85,14.97,3.71,8238.95万,13.02亿,-69.57,11.5920,39.93亿,39.93亿
869,603085,天成自控,SH,13.56,2.11,3.84,4.97,符合,新能源车,-1012.87万,1819.24万,-3.83,0.280,13.66,13.15,1.31,1972.93万,2.64亿,53.61,5.5655,53.85亿,53.85亿
870,600208,衢州发展,SH,5.13,0.59,10.00,6.06,符合,央国企改革,-1.02亿,2.54亿,-3.85,0.030,5.46,4.95,1.54,5.16亿,26.53亿,34.70,1.0445,436.51亿,436.46亿
871,603319,美湖股份,SH,40.14,0.35,3.10,6.39,符合,新能源车、华为概念,-3380.78万,6130.38万,-3.91,0.140,40.43,39.19,1.07,2167.27万,8.65亿,153.55,5.5281,136.13亿,136.13亿
872,000988,华工科技,SZ,136.69,2.39,5.71,10.52,符合,新能源车、CPO概念、5G概念、华为概念、央国企改革、光通信模块、通信技术,-5.49亿,8.02亿,-3.92,3.190,136.90,129.28,1.16,1.06亿,140.27亿,53.82,11.7598,1374.42亿,1373.71亿
873,002451,摩恩电气,SZ,10.00,0.91,2.52,2.89,符合,5G概念、通信技术,-501.76万,-2015.36万,-3.97,0.090,10.05,9.80,0.95,1270.14万,1.26亿,185.08,5.7100,44.07亿,43.91亿
874,603068,博通集成,SH,36.84,0.77,2.13,2.50,符合,国产芯片、华为概念、通信技术,-560.06万,1468.11万,-4.09,0.280,36.84,36.06,0.79,375.34万,1.37亿,85.34,3.1854,55.42亿,55.42亿
875,300520,科大国创,SZ,38.27,0.98,2.06,6.00,符合,新能源车、华为概念、5G概念、通信技术,-2712.73万,5580.99万,-4.21,0.370,38.38,37.60,1.18,1692.11万,6.44亿,-71.94,6.5309,111.76亿,108.01亿
876,300936,中英科技,SZ,80.69,0.88,6.01,4.97,符合,华为概念、5G概念、通信技术,-806.23万,-1639.82万,-4.21,0.700,83.20,78.39,0.70,235.54万,1.92亿,-1372.33,6.0199,60.68亿,38.26亿
877,002885,京泉华,SZ,37.15,0.73,6.45,22.31,符合,新能源车、华为概念、5G概念、通信技术,-8444.19万,3.67亿,-4.32,0.270,38.18,35.80,1.90,5293.40万,19.52亿,81.75,6.5237,100.65亿,88.14亿
878,001373,翔腾新材,SZ,40.09,2.85,5.41,8.37,符合,华为概念,-492.17万,73.88万,-4.49,1.110,40.31,38.20,1.47,277.47万,1.10亿,-72.72,3.2638,27.54亿,13.28亿
879,688216,气派科技,SH,32.95,1.51,5.51,3.43,符合,5G概念、国产芯片、通信技术,-545.61万,-372.01万,-4.57,0.490,33.54,31.75,0.89,365.02万,1.19亿,-253.85,5.1532,37.82亿,35.07亿
880,000818,航锦科技,SZ,18.82,1.51,5.56,17.28,符合,国产芯片、5G概念、央国企改革、光通信模块、通信技术,-9960.74万,4.03亿,-4.58,0.280,19.64,18.61,1.97,1.14亿,21.75亿,192.14,5.6839,124.21亿,123.88亿
881,301581,黄山谷捷,SZ,49.56,1.98,3.07,1.66,符合,新能源车,-184.08万,-337.36万,-4.59,0.960,49.74,48.25,1.37,81.35万,4012.97万,121.22,3.8961,39.65亿,24.22亿
882,600176,中国巨石,SH,38.00,0.18,4.93,2.89,符合,央国企改革,-2.05亿,6.33亿,-4.68,0.070,38.70,36.83,0.71,1.16亿,43.78亿,30.01,4.7114,1521.19亿,1521.19亿
883,301439,泓淋电力,SZ,16.90,0.84,1.91,2.51,符合,新能源车,-369.38万,-83.07万,-4.79,0.140,16.92,16.60,0.69,459.44万,7713.15万,29.79,2.1598,65.76亿,30.97亿
884,300862,蓝盾光电,SZ,24.95,3.06,4.54,4.20,符合,华为概念,-765.39万,-3659.90万,-4.84,0.740,25.20,24.10,1.39,635.49万,1.58亿,-132.91,2.3491,46.06亿,37.79亿
885,002445,中南文化,SZ,3.95,1.28,4.36,9.66,符合,央国企改革,-4438.25万,1842.87万,-4.95,0.050,4.02,3.85,1.10,2.28亿,8.96亿,89.12,4.1089,93.88亿,93.47亿
886,600266,城建发展,SH,5.28,0.96,2.87,2.07,符合,央国企改革、商业航天,-1150.23万,-3295.28万,-5.06,0.050,5.36,5.21,0.83,4303.57万,2.27亿,16.71,0.5997,109.60亿,109.60亿
887,920160,北矿检测,BJ,24.66,2.11,3.56,5.42,符合,央国企改革,-174.77万,-207.12万,-5.16,0.510,24.83,23.97,1.27,138.10万,3384.89万,26.48,4.9920,27.93亿,6.29亿
888,301428,世纪恒通,SZ,35.69,0.22,3.37,11.66,符合,华为概念、5G概念、通信技术,-1326.35万,-1128.68万,-5.19,0.080,36.50,35.30,1.26,713.53万,2.56亿,53.41,2.9219,35.21亿,21.84亿
889,688299,长阳科技,SH,19.63,0.41,3.27,3.29,符合,华为概念,-961.25万,-2651.53万,-5.21,0.080,19.70,19.06,0.82,946.48万,1.84亿,126.56,2.8769,56.42亿,56.42亿
890,600396,华电辽能,SH,12.44,3.67,8.33,23.86,符合,央国企改革,-2.47亿,-81.47万,-5.52,0.440,13.20,12.20,1.13,3.51亿,44.71亿,29.04,11.9362,183.20亿,183.20亿
891,603703,盛洋科技,SH,14.47,1.12,3.28,2.82,符合,5G概念、商业航天、通信技术,-946.14万,-955.97万,-5.65,0.160,14.50,14.03,1.06,1171.02万,1.67亿,245.70,7.2657,60.05亿,60.05亿
892,688662,富信科技,SH,75.83,0.57,6.60,7.46,符合,5G概念、光通信模块、通信技术,-2829.02万,-1441.00万,-5.66,0.430,77.65,72.67,1.13,658.36万,5.00亿,226.47,9.0602,66.91亿,66.91亿
893,603270,金帝股份,SH,28.56,1.24,2.52,6.09,符合,新能源车,-708.57万,-974.70万,-5.76,0.350,28.86,28.15,0.77,430.97万,1.23亿,37.39,2.7238,62.58亿,20.20亿
894,603188,亚邦股份,SH,5.22,0.77,3.86,2.70,符合,央国企改革,-467.41万,-604.46万,-5.78,0.040,5.32,5.12,0.71,1539.14万,8079.87万,53.20,4.2215,29.76亿,29.76亿
895,600692,亚通股份,SH,8.11,3.58,5.62,7.09,符合,央国企改革,-855.91万,2119.24万,-5.88,0.280,8.25,7.81,1.44,1808.28万,1.46亿,407.50,2.9341,28.53亿,20.68亿
896,300609,汇纳科技,SZ,42.65,0.64,2.81,3.83,符合,华为概念,-1171.20万,1541.14万,-5.96,0.270,43.33,42.14,0.72,459.87万,1.96亿,-63.33,5.5827,51.23亿,51.15亿
897,688099,晶晨股份,SH,112.70,1.62,3.81,4.88,符合,国产芯片,-1.37亿,-3377.48万,-6.02,1.800,113.23,109.00,0.78,2053.62万,22.78亿,68.51,6.3005,474.65亿,474.65亿
898,301522,上大股份,SZ,33.22,0.21,1.99,2.15,符合,商业航天,-1226.46万,-65.42万,-6.22,0.070,33.44,32.78,1.10,596.27万,1.97亿,128.21,6.3670,123.53亿,91.93亿
899,002856,*ST美芝,SZ,14.08,2.40,3.85,13.26,符合,央国企改革,-1497.72万,-1317.37万,-6.37,0.330,14.44,13.91,1.23,1643.21万,2.35亿,-191.58,-37.4377,19.05亿,17.45亿
900,000701,厦门信达,SZ,6.15,1.49,2.15,1.98,符合,央国企改革,-523.31万,340.37万,-6.44,0.090,6.17,6.04,0.80,1324.52万,8129.89万,95.56,-6.7018,41.10亿,41.07亿
901,002254,泰和新材,SZ,11.63,0.95,3.99,2.87,符合,央国企改革,-1836.19万,3289.11万,-6.44,0.110,11.86,11.40,0.89,2439.01万,2.85亿,157.79,1.4088,99.68亿,98.92亿
902,601868,中国能建,SH,3.22,3.21,4.17,7.17,符合,央国企改革、华为概念、光纤概念,-4.86亿,7.86亿,-6.49,0.100,3.28,3.15,3.86,23.25亿,74.87亿,24.49,1.1934,1424.53亿,1044.21亿
903,688130,晶华微,SH,27.50,1.29,3.83,4.90,符合,国产芯片,-540.82万,-1186.61万,-6.68,0.350,27.84,26.80,0.68,295.20万,8093.99万,-188.44,2.6880,33.25亿,16.58亿
904,603991,至正股份,SH,124.00,1.02,3.91,2.54,符合,5G概念、通信技术,-1566.04万,-1452.04万,-6.73,1.250,124.90,120.10,0.67,189.61万,2.33亿,92.89,5.3869,189.36亿,92.42亿
905,002820,桂发祥,SZ,11.63,0.95,2.34,2.47,符合,央国企改革,-394.09万,-102.01万,-6.84,0.110,11.70,11.43,0.53,496.32万,5761.39万,79.80,2.6735,23.36亿,23.36亿
906,000151,中成股份,SZ,12.08,0.33,2.74,2.23,符合,央国企改革,-571.10万,161.17万,-6.85,0.040,12.29,11.96,0.70,687.76万,8341.41万,63.17,4.8412,42.39亿,37.20亿
907,688320,禾川科技,SH,38.39,2.59,6.68,7.19,符合,国产芯片,-2849.28万,1699.08万,-6.91,0.970,39.30,36.80,2.01,1067.33万,4.12亿,-257.45,4.7776,57.97亿,56.98亿
908,688107,安路科技,SH,37.08,0.32,4.03,3.14,符合,国产芯片,-3252.23万,-1291.70万,-7.01,0.120,37.58,36.09,0.83,1258.97万,4.64亿,-91.05,16.4644,148.63亿,148.63亿
909,301566,达利凯普,SZ,25.77,0.74,2.97,8.43,符合,5G概念、通信技术,-3227.08万,5439.93万,-7.05,0.190,26.03,25.27,1.04,1779.54万,4.58亿,47.77,6.7688,103.08亿,54.40亿
910,300835,龙磁科技,SZ,114.47,0.09,4.49,6.75,符合,新能源车,-4537.07万,1390.43万,-7.11,0.100,116.70,111.56,1.02,560.91万,6.38亿,123.70,10.9292,136.50亿,95.18亿
911,300831,派瑞股份,SZ,20.61,0.49,3.75,9.30,符合,国产芯片、央国企改革,-2550.46万,-306.18万,-7.24,0.100,20.93,20.16,0.65,1715.15万,3.52亿,105.77,6.7750,65.95亿,38.02亿
912,300752,隆利科技,SZ,20.25,1.15,4.15,3.94,符合,华为概念、5G概念、通信技术,-898.12万,774.06万,-7.26,0.230,20.41,19.58,1.20,619.84万,1.24亿,74.22,3.6814,46.27亿,31.85亿
913,300213,佳讯飞鸿,SZ,8.62,0.82,2.34,2.15,符合,商业航天、华为概念,-748.98万,898.46万,-7.38,0.070,8.64,8.44,0.86,1188.40万,1.02亿,1638.77,2.5015,51.23亿,47.60亿
914,601588,北辰实业,SH,2.06,2.49,4.98,2.97,符合,央国企改革,-1210.45万,-1478.28万,-7.42,0.050,2.12,2.02,0.85,7897.55万,1.63亿,-11.49,1.0587,69.36亿,54.80亿
915,001257,盛龙股份,SZ,26.50,1.88,4.31,25.38,符合,央国企改革,-6794.98万,7976.69万,-7.47,0.490,26.77,25.65,1.24,3476.07万,9.10亿,31.59,6.3651,486.53亿,36.29亿
916,001270,*ST铖昌,SZ,156.77,2.54,4.93,3.55,符合,5G概念、国产芯片、商业航天、通信技术,-8551.17万,-3358.47万,-7.50,3.890,160.42,152.88,1.07,723.35万,11.40亿,180.62,20.7083,323.13亿,319.03亿
917,600359,新农开发,SH,7.68,0.13,2.74,2.39,符合,央国企改革,-532.56万,-2374.37万,-7.57,0.010,7.82,7.61,0.68,913.57万,7030.63万,32.76,4.3444,29.30亿,29.30亿
918,603679,华体科技,SH,15.52,0.06,2.64,2.38,符合,新能源车、华为概念、5G概念、商业航天,-499.01万,-194.19万,-7.63,0.010,15.64,15.23,0.66,423.47万,6539.03万,-48.86,3.1321,27.58亿,27.58亿
919,300393,中来股份,SZ,11.74,0.77,4.29,5.35,符合,华为概念、央国企改革,-4723.29万,-3236.00万,-7.87,0.090,11.95,11.45,0.85,5117.51万,6.00亿,-12.74,7.2228,127.92亿,112.22亿
920,300030,阳普医疗,SZ,8.45,1.20,2.04,4.14,符合,央国企改革,-785.67万,-1388.47万,-8.25,0.100,8.50,8.33,0.79,1126.34万,9525.46万,30.13,4.0692,26.13亿,23.00亿
921,300988,津荣天宇,SZ,29.21,0.79,2.93,5.18,符合,新能源车,-1418.05万,-1872.71万,-8.67,0.230,29.55,28.70,1.13,560.87万,1.63亿,33.58,3.1343,40.98亿,31.62亿
922,688652,京仪装备,SH,125.80,0.80,3.41,4.38,符合,国产芯片、央国企改革,-5835.04万,-2850.97万,-8.83,1.000,127.27,123.02,0.89,528.63万,6.60亿,113.76,9.4036,211.34亿,151.90亿
923,002685,华东重机,SZ,9.51,0.32,6.22,12.72,符合,国产芯片,-1.10亿,1.14亿,-9.12,0.030,9.77,9.18,1.03,1.28亿,12.02亿,44.26,5.8100,95.83亿,95.82亿
924,000889,中嘉博创,SZ,5.41,1.12,10.28,32.48,符合,5G概念、华为概念、通信技术,-1.44亿,-19.86万,-9.20,0.060,5.89,5.34,1.71,2.82亿,15.68亿,-287.96,72.9331,50.65亿,47.06亿
925,600540,新赛股份,SH,5.59,0.72,3.42,5.84,符合,央国企改革,-1744.83万,-3384.12万,-9.20,0.040,5.70,5.51,0.80,3397.35万,1.90亿,19.43,8.4455,32.50亿,32.50亿
926,300281,金明精机,SZ,7.57,0.93,2.40,1.82,符合,央国企改革、商业航天,-502.81万,-689.48万,-9.23,0.070,7.59,7.41,0.80,724.72万,5447.06万,162.26,2.5424,31.71亿,30.08亿
927,688296,和达科技,SH,16.26,1.63,2.88,1.95,符合,华为概念,-324.36万,-1375.49万,-9.57,0.260,16.45,15.99,0.76,209.22万,3390.08万,-34.60,3.0745,17.54亿,17.46亿
928,603803,瑞斯康达,SH,16.57,1.84,4.67,19.16,符合,国产芯片、5G概念、CPO概念、通信技术,-1.34亿,1.59亿,-10.06,0.300,16.70,15.94,1.84,8142.67万,13.37亿,257.24,4.5818,70.40亿,70.40亿
929,600936,北投科技,SH,5.17,10.00,6.81,4.48,符合,央国企改革,-3861.28万,1788.70万,-10.12,0.470,5.17,4.85,1.95,7489.57万,3.81亿,86.52,8.6905,86.39亿,86.39亿
930,002587,奥拓电子,SZ,7.27,1.54,2.79,4.09,符合,华为概念,-1692.86万,-2482.80万,-10.75,0.110,7.29,7.09,0.70,2177.33万,1.58亿,77.83,3.5371,47.37亿,38.73亿
931,300368,汇金股份,SZ,12.54,0.16,4.07,11.29,符合,华为概念、央国企改革,-8151.07万,1.53亿,-10.85,0.020,12.76,12.25,1.47,5974.31万,7.51亿,-178.53,137.6109,66.33亿,66.33亿
932,301072,中捷精工,SZ,25.60,1.59,3.10,2.90,符合,新能源车,-557.61万,-1287.77万,-11.22,0.400,25.81,25.03,0.99,194.69万,4969.45万,-63.02,3.7648,26.89亿,17.19亿
933,000514,渝 开 发,SZ,5.10,0.79,2.17,1.43,符合,央国企改革,-696.40万,1478.44万,-11.33,0.040,5.14,5.03,0.67,1206.92万,6148.61万,33.32,1.1725,43.03亿,43.03亿
934,600448,华纺股份,SH,3.59,1.13,3.10,3.92,符合,央国企改革,-1004.82万,-1389.04万,-11.35,0.040,3.63,3.52,0.91,2471.29万,8856.17万,-20.08,2.4797,22.61亿,22.61亿
935,688378,奥来德,SH,46.55,0.56,2.96,2.61,符合,华为概念,-3347.87万,-936.74万,-11.57,0.260,46.62,45.25,0.69,627.84万,2.89亿,37.99,5.9173,121.69亿,112.17亿
936,300120,经纬辉开,SZ,7.69,0.52,1.96,2.24,符合,国产芯片,-1073.01万,-2162.23万,-11.89,0.040,7.71,7.56,0.83,1181.77万,9023.66万,354.71,1.7609,44.17亿,40.56亿
937,688305,科德数控,SH,65.07,1.74,3.71,3.61,符合,商业航天,-3788.82万,239.93万,-12.25,1.110,65.68,63.31,1.60,476.96万,3.09亿,95.89,4.5053,86.48亿,86.03亿
938,605011,杭州热电,SH,22.05,1.05,4.26,2.88,符合,央国企改革,-3139.29万,-3134.53万,-12.35,0.230,22.60,21.67,1.78,1152.97万,2.54亿,54.44,3.5695,88.22亿,88.22亿
939,600081,东风科技,SH,12.69,0.95,3.98,2.41,符合,新能源车,-2385.71万,-1647.56万,-14.11,0.120,12.91,12.41,1.50,1330.95万,1.69亿,43.98,1.5179,70.18亿,70.18亿
940,002663,普邦股份,SZ,2.41,0.42,2.92,4.00,符合,华为概念,-2315.85万,-896.02万,-14.27,0.010,2.42,2.35,1.01,6833.14万,1.62亿,-174.31,2.1504,41.53亿,41.14亿
941,600192,长城电工,SH,8.62,0.35,2.21,1.96,符合,新能源车、央国企改革,-1054.76万,219.02万,-14.29,0.030,8.63,8.44,1.37,863.64万,7382.63万,-16.78,5.0130,38.08亿,38.08亿
942,301268,铭利达,SZ,23.92,1.31,3.13,1.45,符合,华为概念,-1767.37万,-2255.19万,-14.84,0.310,24.11,23.37,0.85,499.34万,1.19亿,434.84,6.4141,95.77亿,82.45亿
943,002529,*ST海源,SZ,7.79,0.52,2.84,2.09,符合,新能源车,-678.39万,-1742.64万,-16.30,0.040,7.79,7.57,1.02,544.66万,4162.32万,-24.94,25.4173,20.25亿,20.25亿
944,300556,丝路视觉,SZ,20.77,1.22,2.49,5.39,符合,华为概念,-2064.87万,-2084.64万,-17.04,0.250,20.87,20.36,0.81,585.32万,1.21亿,53.82,6.2785,25.25亿,22.54亿
